full_name,credentials,city,state_full,state_code,province,country,website_url,submitted_by,comments,source_region
David Spangler,,Alabaster,Alabama,AL,,,https://www.cwcalabama.com/dr-david-l-spangler/,Patient submitted,,United States
George Zaharias,,Alabaster,Alabama,AL,,,https://www.cwcalabama.com/dr-george-zaharias/,Patient submitted ,,United States
Jessica Roiguez,,Alabaster,Alabama,AL,,,https://www.cwcalabama.com/dr-jessica-rodriguez/,Patient submitted ,,United States
Lee Carney,,Andalusia,Alabama,AL,,,https://www.andalusiahealth.com/find-a-doctor/provider/1407943442,Patient submitted ,,United States
Cynthia Cater,,Anniston,Alabama,AL,,,https://rmccares.org/physicians/cynthia-smith-cater-md/,Patient submitted,,United States
Cynthia Goldsmith Fletcher,,Anniston,Alabama,AL,,,https://rmccares.org/physicians/cynthia-goldsmith-fletcher-md/,Patient submitted ,,United States
Ricky D Patel,,Anniston,Alabama,AL,,,https://www.obgynanniston.com/our-doctors/,,,United States
Rachel Ford,,Anniston,Alabama,AL,,,https://rmccares.org/physicians/dr-rachel-ford/,Patient submitted,,United States
Jeffrey W. Collins,,Anniston,Alabama,AL,,,https://www.obgynanniston.com/our-doctors/,Patient submitted ,,United States
Bethany Campbell,,Birmingham,Alabama,AL,,,https://www.grandviewmedicalgroup.com/doctors-providers/campbell-bethany-md-6298,Patient submitted ,,United States
Eli Brown,,Birmingham,Alabama,AL,,,,Patient submitted,,United States
Heather Deisher,,Birmingham,Alabama,AL,,,https://www.brookwoodbaptisthealth.com/find-a-doctor/detail/heather-deisher-1972951226,,,United States
Heidi Straughn,,Birmingham,Alabama,AL,,,http://brookwoodwomenshealth.com/about-us/physicians/,Patient submitted,,United States
Jack Freeman,,Birmingham,Alabama,AL,,,http://brookwoodwomenshealth.com/about-us/physicians/,,,United States
Jesanna Cooper,,Birmingham,Alabama,AL,,,https://simonwilliamsonclinic.com/physicians/jesanna-cooper-md/,,,United States
John Morgan,,Birmingham,Alabama,AL,,,https://www.brookwoodbaptisthealth.com/find-a-doctor/detail/john-morgan-1942279534,,,United States
Margaret Miklic,,Birmingham,Alabama,AL,,,https://www.grandviewmedicalgroup.com/doctors-providers/miklic-margaret-md-6302,Patient submitted,,United States
Margot Potter,,Birmingham,Alabama,AL,,,https://www.grandviewmedicalgroup.com/doctors-providers/potter-margot-md-8595,Patient submitted ,,United States
Sarah Aultman,,Birmingham,Alabama,AL,,,https://www.alwomens.com/aultman.html,,,United States
Shweta Patel,,Birmingham,Alabama,AL,,,https://providerdirectory.uabmedicine.org/provider/Shweta+Patel/975131,Patient submitted,,United States
Kathryn Santoro,,Birmingham,Alabama,AL,,,https://whsbham.com/our-physicians/,,,United States
Stevie N. Bennett,,Birmingham,Alabama,AL,,,https://www.grandviewmedicalgroup.com/doctors-providers/bennett-stevie-n-md-6945?utm_source=Bing&utm_campaign=biz-listings&utm_medium=homepage,Patient submitted,,United States
Dale Greene,,Birmingham,Alabama,AL,,,https://www.grandviewmedicalgroup.com/doctors-providers/greene-dale-md-7270,Patient submitted,,United States
Amy Boone,,Birmingham,Alabama,AL,,,https://providerdirectory.uabmedicine.org/provider/Amy+Boone/674590,Patient submitted,LGBTQ+ affirming,United States
Wendy Gregory,,Birmingham,Alabama,AL,,,https://sparksandfavorpc.com/about-us/our-physicians/dr-gregory/,Patient submitted,,United States
Virginia Winston,,Birmingham,Alabama,AL,,,https://www.grandviewmedicalgroup.com/doctors-providers/winston-virginia-md-6306?utm_source=Bing&utm_campaign=biz-listings&utm_medium=homepage,Patient submitted,,United States
Danielle Gershon,,Birmingham,Alabama,AL,,,https://providerdirectory.uabmedicine.org/provider/danielle-gershon/2623669,,,United States
Aneana Johnson,,Boaz,Alabama,AL,,,https://mmcenters.com/physicians/171/physician-detail,,,United States
Summers W. Taylor Lll,,Boaz,Alabama,AL,,,https://www.swtaylorobgyn.com/,Patient submitted ,,United States
Taylor Massengill,,Cullman,Alabama,AL,,,https://cullmanregionalmedicalgroup.com/provider/taylor-massengill-md/,,,United States
Allison Warren,,Decatur,Alabama,AL,,,https://www.thebabysteps.org/our-providers,,,United States
Asha Voss,,Dothan,Alabama,AL,,,https://www.ladiesfirstobgynmedspa.com/meet-the-providers/asha-voss-md-facog/,Patient submitted ,,United States
Guy Middleton,,Dothan,Alabama,AL,,,https://dothanobgyn.com/guy-middleton%2C-md%2C-facog,Patient submitted ,,United States
Praful G. Patel,,Dothan,Alabama,AL,,,https://www.southeasthealth.org/portfolio-items/praful-g-patel-md/,Patient submitted,,United States
Ali A. Hollis,,Fairhope,Alabama,AL,,,https://fairhopeobgyn.com/about-us-fairhope-obstetrics-gynecology/our-doctors/ali-hollis-md/,,,United States
Danielle Warner Mcgallagher,,Foley,Alabama,AL,,,https://www.baldwinhealthmedicalgroup.com/doctors-providers/warner-mcgallagher-danielle-do-9819?utm_source=Bing&utm_campaign=biz-listings&utm_medium=homepage,,,United States
Lindsay Prophet Frederick,,Gadsden,Alabama,AL,,,https://doctor.webmd.com/doctor/sarah-prophet-10c82981-900b-4614-b4b5-b2876b751c3e-overview,Patient submitted ,,United States
Xavier Smith,,Gadsden,Alabama,AL,,,https://www.gadsdenphysicianclinics.com/doctors-providers/smith-xavier-md-7208?utm_source=gmb&utm_medium=homepage&utm_campaign=biz-listings,Patient submitted,,United States
Megan Zeien,MD,Guntersville,Alabama,AL,,,https://mmcenters.com/physicians/174/physician-detail,,,United States
Eleanor Murray,,Huntsville,Alabama,AL,,,https://www.clinicforwomen.com/dr-eleanor-williams-murray/,,,United States
Rachel Peterson,,Huntsville,Alabama,AL,,,https://drpetersenobgynal.com/,Patient submitted ,,United States
Sanithia Williams,,Huntsville,Alabama,AL,,,https://www.alabamawomenswellnesscenter.com/about,Patient submitted,,United States
Sharon Callison,,Huntsville,Alabama,AL,,,https://www.tvobgyn.com/sharon-callison-md,,,United States
Ashley Hudson,,Huntsville,Alabama,AL,,,https://www.clinicforwomen.com/dr-ashley-hudson,Patient submitted ,,United States
Anne Marie Reidy,,Huntsville,Alabama,AL,,,https://www.women4womenhsv.com/meet-our-providers,Patient submitted,,United States
Eric A. Tallent,,Huntsville,Alabama,AL,,,https://doctor.webmd.com/doctor/eric-tallent-31aab8fd-aa7d-4dd3-8abf-a5f3da30032b-overview,Patient submitted,,United States
Talia Gates,,Jasper,Alabama,AL,,,https://www.brookwoodbaptisthealth.com/find-a-doctor/detail/talia-gates-1023337011,Patient submitted ,,United States
Elise Clem,MD,Madison,Alabama,AL,,,https://obgynalabama.com/dr-elise-klem/,,,United States
Morgan Tucker,,Madison & Decatur,Alabama,AL,,,https://obgynalabama.com/dr-tucker/,,,United States
Francie Ruzic,,Mobile,Alabama,AL,,,https://www.infirmaryhealth.org/doctors/francie-ohea-ruzic-md/,,,United States
Hope Mclean,,Mobile,Alabama,AL,,,https://springhillmedicalcenter.com/doctors/dr-hope-mclean-md,Patient submitted,,United States
John M. Val-gallas,,Mobile,Alabama,AL,,,https://bayareaobgyn.com/doctors/john-val-gallas/,Patient submitted,,United States
Maggie Kreuger,,Mobile,Alabama,AL,,,https://www.azaleacityphysicians.com/physicians/maggie-kreuger-md/,Patient submitted ,,United States
Meg Heusser,,Mobile,Alabama,AL,,,https://www.infirmaryhealth.org/doctors/meg-gardner-heusser-md/,,,United States
Quin Bixler,,Mobile,Alabama,AL,,,https://www.infirmaryhealth.org/doctors/quin-bixler-md/,,,United States
Brandi W. Trammell,,Mobile,Alabama,AL,,,https://mobileobgyn.com/about-us/trammell/,,,United States
Matthew E. Phillips,,Montgomery,Alabama,AL,,,https://www.baptistfirst.org/provider/matthew-e-phillips-md-obstetricsgynecology,Patient submitted ,,United States
Latoya Clark,,Montgomery,Alabama,AL,,,http://www.jackson.org/,Patient submitted,,United States
Keith C. Martin,,Montgomery,Alabama,AL,,,https://doctor.webmd.com/doctor/keith-martin-12ff1299-9623-4777-8432-86913deccea0-overview,Patient submitted,,United States
Thomas N. Malone,,Phenix City,Alabama,AL,,,https://www.msm.edu/about_us/BoardofTrustees/ThomasMalone.php,Patient submitted,,United States
Rozalyn Love,,Sheffield,Alabama,AL,,,https://www.helenkeller.com/clinics-physician-offices/keller-ob-gyn,,,United States
Rozalyn Love,,Sheffield,Alabama,AL,,,https://www.helenkeller.com/clinics-physician-offices/keller-ob-gyn,,,United States
Cecily Collins,,Tuscaloosa,Alabama,AL,,,https://www.dchsystem.com/find-a-doctor/cecily-annis-collins-md/,,,United States
Karl Harbin,,Tuscaloosa,Alabama,AL,,,https://www.partlowharbinandpoist.com/patient-center,Patient submitted,,United States
Sachin Shenoy,,Tuscaloosa,Alabama,AL,,,https://umc.ua.edu/person/?id=34262,Patient submitted,,United States
Meagan Byrne,,Anchorage,Alaska,AK,,,https://www.alaskaregional.com/physicians/profile/Dr-Megan-Byrne-DO,,"LGBTQ+ friendly, accepts Medicaid",United States
Tanya Pasternak,,Anchorage,Alaska,AK,,,https://denaliobgyn.com/providers/dr-pasternack/,Patient submitted,,United States
Ann Broz,,Anchorage,Alaska,AK,,,https://www.akwomenshealth.com/ann-broze/,,"LGBTQ+ friendly, accepts Medicaid",United States
Brittany Strickland,,Anchorage,Alaska,AK,,,https://www.akwomenshealth.com/brittany-strickland-2/,,"LGBTQ+ friendly, accepts Medicaid",United States
Craig Hinkle,,Anchorage,Alaska,AK,,,https://www.akwomenshealth.com/craig-hinkle/,,"LGBTQ+ friendly, accepts Medicaid",United States
Tania Hall,,Anchorage,Alaska,AK,,,https://www.akwomenshealth.com/tania-hall-2/,,"LGBTQ+ friendly, accepts Medicaid",United States
Sylvia Moses,,Anchorage,Alaska,AK,,,https://www.akwomenshealth.com/sylvia-moses/,,"LGBTQ+ friendly, accepts Medicaid",United States
Sherifat Ope-adenuga,,Anchorage,Alaska,AK,,,https://www.akwomenshealth.com/sherifat-ope-adenuga-2/,,"LGBTQ+ friendly, accepts Medicaid",United States
Bradford W. Fenton,,Anchorage,Alaska,AK,,,https://www.ipmsak.com/team/bradford-w-fenton-md-phd/,Patient submitted ,LGBTQ+ friendly & a specialist in trans care ,United States
Allison Van Haastert,,Anchorage,Alaska,AK,,,https://wcakobgyn.com/providers/physicians/allison-van-haastert-md-facog/,,,United States
Jessica Goldberger,,Anchorage,Alaska,AK,,,https://wcakobgyn.com/providers/physicians/jessica-goldberger-md/,,,United States
Jessica Young,,Fairbanks,Alaska,AK,,,https://www.interiorwomenshealth.org/provider/jessica-young-md,,LGBTQ+ & transgender friendly ,United States
Kimberly Schumacher,,Fairbanks,Alaska,AK,,,https://www.chenahealth.com/team/kimberly-schumacher%2C-do,Patient submitted,,United States
Ellie Hogenson,,Fairbanks,Alaska,AK,,,https://www.chenahealth.com/team/ellie-hogenson%2C-md%2C-mph,Patient submitted ,LGBTQ+ & transgender friendly. Proficient in Spanish ,United States
Karl B. Baurick,,Fairbanks,Alaska,AK,,,https://www.interiorwomenshealth.org/contents/providers/dr-karl,Patient submitted,,United States
Kristen Smith,,Fairbanks,Alaska,AK,,,https://bassett-wainwright.tricare.mil/Health-Services/Womens-Health-Pregnancy/Obstetrics-and-Gynecology,,Tricare only ,United States
Hannah Robinson,,Fairbanks,Alaska,AK,,,https://bassett-wainwright.tricare.mil/Health-Services/Womens-Health-Pregnancy/Obstetrics-and-Gynecology,,Tricare only ,United States
Nicholas D. Newbury,,Juneau,Alaska,AK,,,https://www.juneauobgyn.com/providers.html,Patient submitted ,,United States
Lori Lindsay,,Soldotna,Alaska,AK,,,https://www.cpgh.org/about-our-physicians,Patient submitted,,United States
Cassana Cook,,Wasilla,Alaska,AK,,,https://www.alpenglowak.com/about,Patient submitted ,,United States
Amanda Beery,,Anchorage,Alaska,AK,,,https://www.akwomenshealth.com/amanda-beery/,Patient submitted ,,United States
Todd Hannah,,Bentonville,Arizona,AZ,,,https://www.lifespringhealthcare.com/our-providers,Patient submitted ,,United States
Danielle Allen-herried,,Casa Grande & Chandler,Arizona,AZ,,,https://www.sunlifehealth.org/provider/danielle-herried/,,,United States
Jillian M. Lundie,,Casa Grande & Maricopa,Arizona,AZ,,,https://www.sunlifehealth.org/provider/jillian-lundie/,,,United States
Jordan Neighbors,,Chandler,Arizona,AZ,,,https://healow.com/apps/provider/jordan-neighbors-2541306,,,United States
Kathryn Connors,,Chandler,Arizona,AZ,,,https://healow.com/apps/provider/kathryn-connors-1557496,,,United States
Caitlin Walker,,Chandler,Arizona,AZ,,,https://lilacobgyn.com/f/caitlin-walker-md,,,United States
Denise Grobe,,Chandler & Mesa,Arizona,AZ,,,https://www.trueharmonywellness.com/bios/denise-grobe-nd,Patient submitted ,,United States
Lindy Vanlandingham,,Flagstaff,Arizona,AZ,,,https://northcountryhealthcare.org/providers/lindy-vanlandingham/,,,United States
David Chisholm,,Glendale,Arizona,AZ,,,https://www.newbeginningsfemininebeauty.com/about,Patient submitted ,,United States
Diana Heard,,Glendale,Arizona,AZ,,,https://www.glendaleobgyn.com/meet-our-provider/diana-heard-md,Patient submitted,,United States
Jacqueline Belen,,Glendale,Arizona,AZ,,,https://www.sonoranmed.com/providers.html,,,United States
Melissa Austin,,Glendale,Arizona,AZ,,,https://www.northvalleywomenscare.com/provider/melissa-gioia-austin-md,Patient submitted,,United States
Eugene Adel,,Mesa,Arizona,AZ,,,https://www.adelantehealthcare.com/providers/eugene-adel-md/,Patient submitted,,United States
Greg Marchand,,Mesa,Arizona,AZ,,,https://gregmarchandmd.com/about-dr-marchand/,Patient submitted,,United States
Kevin Murphy,,Payson,Arizona,AZ,,,https://doctors.bannerhealth.com/provider/Kevin+Murphy%2C+Jr./1664374,,,United States
Brock C. Jackson,,Phoenix,Arizona,AZ,,,https://www.womenshealthaz.com/providers/brock-c-jackson/,Patient submitted ,,United States
Emily Cyr,,Phoenix,Arizona,AZ,,,http://www.phx-obgyn.md/physicians/dr_emily_cyr_md.aspx,,,United States
Emily Fanning,,Phoenix,Arizona,AZ,,,https://desertwestobgyn.com/providers/emily-fanning-md-2,,,United States
Florian Walter,,Phoenix,Arizona,AZ,,,https://www.womenshealthaz.com/providers/florian-t-walter-do/,Patient submitted ,,United States
Ioana Danci,,Phoenix,Arizona,AZ,,,https://www.dignityhealth.org/ourdoctors/1184158313-ioana-danci,,,United States
Julie Davis-best,,Phoenix,Arizona,AZ,,,https://www.dignityhealth.org/ourdoctors/1427024272-julie-davis-best,Patient submitted ,,United States
Paul Magtibay,,Phoenix,Arizona,AZ,,,https://www.mayoclinic.org/biographies/magtibay-paul-m-m-d/bio-20054585,Patient submitted,,United States
Sarah Sharer,,Phoenix,Arizona,AZ,,,https://www.dignityhealth.org/ourdoctors/1730478280-sarah-sharer,,,United States
Taylor Jenkins,,Phoenix,Arizona,AZ,,,https://www.womenshealthaz.com/providers/taylor-jenkins-md/,Patient submitted,,United States
Alexana Bell,,Phoenix,Arizona,AZ,,,https://www.womenshealthaz.com/providers/alexandra-bell-md/,,,United States
Kaitlyn Oelkers,,Phoenix,Arizona,AZ,,,https://genesisobgyn.net/providers/kaitlyn-oelkers-md/,,LGBTQ+ friendly ,United States
Suhitha Veeravelli,,Phoenix,Arizona,AZ,,,https://genesisobgyn.net/providers/suhitha-veeravelli-md/,,LGBTQ+ friendly ,United States
Aleze Krumholz,,Phoenix,Arizona,AZ,,,https://swcwc.net/providers/aleze-krumholz-md/,,,United States
Thomas J. Waliser,,Phoenix,Arizona,AZ,,,https://azgyn.com/team/dr-thomas-j-waliser,Patient submitted ,,United States
Katie Lee,,Phoenix,Arizona,AZ,,,https://adelantehealthcare.com/providers/katie-lee-md/,,,United States
Heather Zechman,,Phoenix,Arizona,AZ,,,https://azgyn.com/team/dr-heather-zechman,Patient submitted ,,United States
Mani Tehranchi,,"Phoenix, Mesa",Arizona,AZ,,,https://doctors.bannerhealth.com/provider/Mani+Tehranchi/447777,Patient submitted ,,United States
Carrie Roberts,,Scottsdale,Arizona,AZ,,,https://drwilsongyn.com/about-us/healthcare-providers/dr-carrie-roberts/,,LGBTQ+ friendly,United States
Lindsay Allen,,Scottsdale,Arizona,AZ,,,https://drwilsongyn.com/about-us/healthcare-providers/dr-lindsay-allen/,,,United States
Elizabeth Schmied,,Scottsdale,Arizona,AZ,,,https://www.womenshealthaz.com/providers/elizabeth-schmied-md-facog/,,,United States
Erica Montes,,Scottsdale,Arizona,AZ,,,https://drwilsongyn.com/about-us/healthcare-providers/dr-erica-montes/,Patient submitted ,,United States
Elizabeth Harper Juanillo,MD,Surprise,Arizona,AZ,,,https://www.adelantehealthcare.com/providers/elizabeth-harper-juanillo-md/,,,United States
Tony Canestraro,,Tempe,Arizona,AZ,,,https://swcwc.net/dr-tony-canestraro.php,,,United States
Lucy Cheng,,Tempe,Arizona,AZ,,,https://swcwc.net/providers/lucy-cheng-md/,Patient submitted,,United States
Anea Aguirre,,Tucson,Arizona,AZ,,,https://doctors.bannerhealth.com/provider/Andrea+Aguirre/764154,,,United States
Dawn Martin-herring,,Tucson,Arizona,AZ,,,https://doctors.bannerhealth.com/provider/Dawn+Martin-Herring/975504,,,United States
Holly Bullock,,Tucson,Arizona,AZ,,,https://doctors.bannerhealth.com/provider/Holly+Bullock/820421,,,United States
Jennifer Hutchison,,Tucson,Arizona,AZ,,,https://www.chamberofcommerce.com/business-directory/arizona/tucson/gynecologist/702372-sunflower-women-s-health-care-jennifer-hutchison-md,Patient submitted,,United States
Jennifer L. Reinhart,,Tucson,Arizona,AZ,,,https://www.castleconnolly.com/top-doctors/jennifer-l-reinhart-obstetrics-gynecology-128cc169254,Patient submitted,,United States
Jessica Serrano-roiguez,,Tucson,Arizona,AZ,,,https://www.nwalliedphysicians.com/doctors-providers/serranorodriguez-jessica-md-8337,Patient submitted ,,United States
Lilia Sen,,Tucson,Arizona,AZ,,,https://www.genesisobgyn.net/copy-of-rebecca-hamilton,Patient submitted ,,United States
Rachael Darche,,Tucson,Arizona,AZ,,,https://doctors.bannerhealth.com/provider/Rachel+Darche/453412,,,United States
Rachel Walker,,Tucson,Arizona,AZ,,,https://www.genesisobgyn.net/rachel-walker-md,,,United States
Raquel Mercado-sepulveda,,Tucson,Arizona,AZ,,,https://mercado-sepulveda-raquel-m-md.business.site/?utm_source=gmb&utm_medium=referral,Patient submitted,,United States
Stephanie Chin,,Tucson,Arizona,AZ,,,https://www.genesisobgyn.net/stephanie-chin-md,Patient submitted,,United States
Tiffany Woods-karsten,,Tucson,Arizona,AZ,,,,Patient submitted,,United States
Tori Fewell,,Tucson,Arizona,AZ,,,https://www.genesisobgyn.net/victoria-fewell-md,,,United States
Shruti Bala,,Tucson,Arizona,AZ,,,https://www.tmcaz.com/provider/shruti-bala-md-obstetrics-and-gynecology,Patient submitted ,,United States
Paul D. Young,,Tucson,Arizona,AZ,,,https://www.tmcaz.com/provider/paul-douglas-young-md,Patient submitted,,United States
Erin Sperry Schlueter,,Tucson,Arizona,AZ,,,https://genesisobgyn.net/providers/erin-sperry-schlueter-md/,Patient submitted,,United States
Michelle L. Abbate,,Tucson,Arizona,AZ,,,https://doctors.bannerhealth.com/provider/michelle-abbate/2298007,,,United States
Melissa Bradley,,Tucson,Arizona,AZ,,,https://genesisobgyn.net/providers/melissa-bradley-do/,Patient submitted,,United States
Randall Reid,,Winslow,Arizona,AZ,,,https://www.lcmcwmh.com/Staff,Patient submitted ,,United States
John B. Amon,,Yuma,Arizona,AZ,,,https://www.onvidahealth.org/provider/john-brock-amon-m-d/,Patient submitted,,United States
Terry Huff,,Mesa,Arizona,AZ,,,https://doctors.bannerhealth.com/provider/Terry+Huff/450629,Patient submitted,,United States
Samantha Medina,,Phoenix,Arizona,AZ,,,https://desertwestobgyn.com/providers/samantha-medina-do,,,United States
Burt Webb,,Scottsdale,Arizona,AZ,,,https://www.vitalitymds.com/provider/burt-webb-md-facog,Patient submitted,,United States
Christina Green,,Benton,Arkansas,AR,,,https://www.salinememorial.org/provider/1770841314/christina-green,,,United States
James Robb,,Benton,Arkansas,AR,,,https://www.salineclinics.org/our-physicians/robb,,,United States
Ralynn Brann,,Benton,Arkansas,AR,,,https://www.salineclinics.org/find-a-doctor/provider/1932661964',,,United States
Lisa Bearden,,Bentonville,Arkansas,AR,,,https://www.northwesthealth.com/find-a-doctor/bearden-lisa-md-9509,Patient submitted ,,United States
Brittanie Hagen,,Conway,Arkansas,AR,,,https://www.baptist-health.com/doctor/brittanie-hagen-md/,,,United States
Courtney Sick,,Conway,Arkansas,AR,,,https://www.rwcobgyn.com/dr-courtney-sick/,Patient submitted ,,United States
Loren Nolen,,Conway,Arkansas,AR,,,https://www.conwayobgyn.com/dr-lauren-nolen/,Patient submitted ,,United States
Kala Slaton,,Conway,Arkansas,AR,,,https://www.conwayregional.org/find-a-provider/kala-slaton?y_source=1_MTg0NDA0ODYtNDgzLWxvY2F0aW9uLndlYnNpdGU%3D,Patient submitted,,United States
Candy Birch,,Fayetteville,Arkansas,AR,,,https://www.wregional.com/main/physician-locator/birch-candy-33,,,United States
Erin Large,,Fayetteville,Arkansas,AR,,,https://www.wregional.com/main/physician-locator/large-erin-286,,,United States
Lindsey Seale,,Fayetteville,Arkansas,AR,,,https://parkhillclinic.com/dr-lindsey-seale/,Patient submitted,,United States
Scott Bailey,,Fayetteville,Arkansas,AR,,,https://parkhillclinic.com/dr-scott-bailey/,,,United States
Alexis Mccollum,,Fayetteville,Arkansas,AR,,,https://www.wregional.com/main/physician-locator/mccollum-alexis-1342,,,United States
Britte Smith,,Fayetteville,Arkansas,AR,,,https://www.wregional.com/main/physician-locator/smith-britte-25,Patient submitted,,United States
"Julian ""tony"" Terry",,Fayetteville,Arkansas,AR,,,https://parkhillclinic.com/dr-julian-terry/,,"LGBTQ+ friendly, accepts Medicaid ",United States
Michael W. Colgrove,,Fort Smith,Arkansas,AR,,,https://www.baptist-health.com/find-care/provider/1548474240,Patient submitted,LGBTQ+ friendly ,United States
Alexis White,,Little Rock,Arkansas,AR,,,https://uamshealth.com/provider/alexis-c-white/,,,United States
Amy Phillips,,Little Rock,Arkansas,AR,,,https://uamshealth.com/provider/amy-m-phillips/,,,United States
Ananth Ranganathan,,Little Rock,Arkansas,AR,,,https://www.arwomenscenter.com/dr-ananth-ranganathan,,,United States
Chad B. Taylor,,Little Rock,Arkansas,AR,,,https://uamshealth.com/provider/chad-b-taylor/,,,United States
Dora Smith,,Little Rock,Arkansas,AR,,,https://uamshealth.com/provider/dora-mah-smith/,,,United States
Emily Williams,,Little Rock,Arkansas,AR,,,https://www.arwomenscenter.com/dr-emily-williams,,,United States
Heather Owens,,Little Rock,Arkansas,AR,,,https://www.centralclinicforwomen.com/dr-heather-owens,,,United States
Jenny Gregory,,Little Rock,Arkansas,AR,,,https://www.arwomenscenter.com/dr-jenny-gregory,,,United States
Kenneth Singleton,,Little Rock,Arkansas,AR,,,https://www.cornerstoneclinicforwomen.com/dr-kenneth-singleton,Patient submitted,,United States
Kim Reynolds,,Little Rock,Arkansas,AR,,,https://www.wlrwomens.com/our-team,,,United States
Lindsay Osleber,,Little Rock,Arkansas,AR,,,https://www.arwomenscenter.com/dr-lindsay-osleber,Patient submitted ,,United States
Lindsey Sward,,Little Rock,Arkansas,AR,,,https://uamshealth.com/provider/lindsey-b-sward/,,,United States
Mary Luann Racher,,Little Rock,Arkansas,AR,,,https://uamshealth.com/provider/mary-luann-racher/,,,United States
Melissa Helmich,,Little Rock,Arkansas,AR,,,https://uamshealth.com/provider/melissa-s-helmich/,,,United States
Michael Smith,,Little Rock,Arkansas,AR,,,https://uamshealth.com/provider/michael-v-smith/,,,United States
Nirvana Manning,,Little Rock,Arkansas,AR,,,https://uamshealth.com/provider/nirvana-a-manning/,,,United States
"William ""sam"" Greenfield",,Little Rock,Arkansas,AR,,,https://uamshealth.com/provider/william-w-greenfield/,,,United States
Renee P. Mcgraw,,Little Rock,Arkansas,AR,,,https://uamshealth.com/provider/renee-p-mcgraw/,Patient submitted,,United States
Lindsay Heulitt,,Little Rock,Arkansas,AR,,,https://www.centralclinicforwomen.com/dr-lindsay-heulitt1,Patient submitted,,United States
Renee Mcgraw,,Little Rock,Arkansas,AR,,,https://uamshealth.com/provider/renee-p-mcgraw/,,,United States
Leticia A. Jones,,Little Rock,Arkansas,AR,,,https://www.baptist-health.com/doctor/leticia-ann-jones-md,Patient submitted ,,United States
Julia Goodwin,,Little Rock,Arkansas,AR,,,https://www.sharecare.com/doctor/dr-julia-goodwin,Patient submitted ,,United States
Maureen Flowers,,Mountain Home,Arkansas,AR,,,https://www.baxterregional.org/find-a-provider/maureen-flowers-md/,Patient submitted ,,United States
Dina Epstein,,North Little Rock,Arkansas,AR,,,https://www.baptist-health.com/doctor/dina-epstein-md/,,,United States
Kevin Barber,,North Little Rock,Arkansas,AR,,,https://www.baptist-health.com/doctor/kevin-barber-md/,Patient submitted,,United States
Jodi Turano,,Paragould,Arkansas,AR,,,https://www.myammc.org/clinic/women_s_clinic/26,Patient submitted ,,United States
Suzanna Chatterjee,,Russellville,Arkansas,AR,,,https://www.rivervalleyobgyn.com/,,,United States
Suzanna Chatterjee,,Russelville,Arkansas,AR,,,https://www.saintmarysregional.com/provider/1942439377/suzanna-chatterjee-md,,,United States
Era Elizabeth Hamilton,,Anaheim & Irvine,California,CA,,,https://healthy.kaiserpermanente.org/southern-california/physicians/era-hamilton-0495254,Patient submitted ,,United States
Emma Hackett,,Arcata,California,CA,,,https://opendoorhealth.com/portfolio-items/emma-hackett-md/,Patient submitted,,United States
James S. Dunn,,Auburn,California,CA,,,https://www.auburnurogyn.com/provider/james-s-dunn-jr-md,Patient submitted,,United States
Radhika V. Madhavan,,Berkeley,California,CA,,,https://www.sutterhealth.org/find-doctor/dr-radhika-madhavan,Patient submitted ,,United States
Pantea Pahlavan,,Berkeley,California,CA,,,https://health.usnews.com/doctors/pantea-pahlavan-267036,Patient submitted ,,United States
Brittany L. Schall,,Berkeley & Oakland,California,CA,,,https://www.sutterhealth.org/find-doctor/dr-brittany-l-schall,,,United States
Deborah Quinn-chen,,Burlingame,California,CA,,,https://www.sutterhealth.org/find-doctor/dr-deborah-quinnchen,,,United States
Beth Rasmussen,,Campbell,California,CA,,,https://mydoctor.kaiserpermanente.org/ncal/providers/bethrasmussen,,,United States
Sarah Burke,,Chico,California,CA,,,https://www.enloe.org/find-a-doctor/profile/sarah-burke/,,,United States
Ray Pourang Kamali,,Chula Vista,California,CA,,,https://www.sharp.com/san-diego-doctors/dr-ray-pourang-kamali-71921,Patient submitted,,United States
Megan Beatty,,Dublin,California,CA,,,https://www.sutterhealth.org/find-doctor/dr-megan-beatty,,,United States
Tim Nicely,,Eureka,California,CA,,,https://www.providence.org/doctors/family-medicine/ca/eureka/timothy-paik-nicely-1760489389,Patient submitted ,,United States
Stella Mai Huang,,Fairfield,California,CA,,,https://providers.northbay.org/provider/Stella+Mai+Huang/2251160,Patient submitted,,United States
Dario Gambetta,,Folsom,California,CA,,,https://mydoctor.kaiserpermanente.org/ncal/providers/dariogambetta,Patient submitted ,,United States
Linh Nguyen,,Fountain Valley,California,CA,,,https://www.thewomenshealthcenter.com/dr-linh-dan-nguyen,Patient submitted,,United States
Minal Mehta,,Fountain Valley,California,CA,,,https://www.socalobgyn.net/,,,United States
Lena Nguyen,,Fountain Valley,California,CA,,,https://www.thewomenshealthcenter.com/dr-lena-nguyen,Patient submitted,,United States
Hind Al-azawi,,Fountain Valley,California,CA,,,https://www.drmehtaobgyn.com/provider/hind-al-azawi-md,,,United States
Pamela Emeney,,Fresno,California,CA,,,https://www.universitymds.com/md-profiles/pamela-emeney/,Patient submitted,,United States
Julie Nicole,,Fresno,California,CA,,,https://fresnoinclusive.com/,,LGBTQ+ friendly ,United States
James A. Watson,,Gilroy,California,CA,,,https://www.jamesawatsonmd.net/,Patient submitted,,United States
Stephen Alvarez Mott,,Glendora,California,CA,,,https://www.woodglenmedical.com/provider/steven-alvarez-mott-md,Patient submitted,,United States
Emily Rekuc,,La Quinta,California,CA,,,http://caringforwomenlq.com/Providers.html,,,United States
Christine M. Feigal,,Long Beach,California,CA,,,https://www.memorialcare.org/providers/christine-m-feigal,,,United States
Cassidy B. Sullivan,,Long Beach,California,CA,,,https://www.memorialcare.org/providers/cassidy-b-sullivan,,,United States
Elise Vo,,Long Beach,California,CA,,,https://www.memorialcare.org/providers/elise-vo,,,United States
Kirsten M. Devin,,Long Beach,California,CA,,,https://www.memorialcare.org/providers/kirsten-m-devin,,,United States
Mary Louise S. Kiernan,,Long Beach,California,CA,,,https://www.memorialcare.org/providers/Marilee-kiernan,,,United States
Layne Kumetz,,Los Angeles,California,CA,,,https://laynekumetz.com/,,LGBTQ+ friendly,United States
Natasha Schimmoeller,,Los Angeles,California,CA,,,https://www.cedars-sinai.org/provider/natasha-schimmoeller-2056528.html,Patient submitted,,United States
Roy Silver,,Los Angeles,California,CA,,,https://www.pihhealth.org/find-a-doctor/physician-profile-advanced/roy-silver-1/,Patient submitted,,United States
Bente L. Kaiser,,Los Angeles,California,CA,,,https://www.huntingtonhealth.org/physicians/bente-l-kaiser-md/,Patient submitted,,United States
Joseph A. De Nagy,,Los Angeles,California,CA,,,https://doctors.adventisthealth.org/provider/joseph+anthony+denagy/1861491,,,United States
Kelly C. Joy,,Los Angeles,California,CA,,,https://www.cedars-sinai.org/provider/kelly-joy-3742153.html,Patient submitted,,United States
Matthew T. Siedhoff,,Los Angeles,California,CA,,,https://www.cedars-sinai.org/provider/matthew-siedhoff-610964.html,Patient submitted,LGBTQ+ friendly ,United States
Karyn Solky-morse,,Los Angeles,California,CA,,,https://www.cedars-sinai.org/provider/karyn-solky-1652103.html,Patient submitted ,,United States
Tanaz Kahen,,Los Angeles,California,CA,,,https://www.tanazkahenmd.com/,Patient submitted ,,United States
Madeline Eells,,Martinez,California,CA,,,,,925-370-5000,United States
Jennifer Conti,,Menlo Park,California,CA,,,https://profiles.stanford.edu/jennifer-conti,,,United States
Kamilee Christenson,,Menlo Park,California,CA,,,https://stanfordhealthcare.org/doctors/c/kamilee-christenson.html,,,United States
Torrey B. Halbert,,Mission Viejo,California,CA,,,https://www.memorialcare.org/providers/torrey-b-halbert,,,United States
Matthew Tilstra,,Modesto,California,CA,,,https://www.sutterhealth.org/find-doctor/dr-matthew-tilstra,Patient submitted ,,United States
Tessa Reisinger,,Modesto,California,CA,,,https://www.sutterhealth.org/find-doctor/dr-tessa-l-reisinger,,,United States
Jennifer Zeidberg,,Monterey,California,CA,,,https://www.montagehealth.org/doctors/profile/jennifer-zeidberg/,,,United States
Thomas J. Cunningham,,Monterey,California,CA,,,https://www.montagehealth.org/about/medical-group/montage-medical-group-providers/find-a-doctor-profile/thomas-cunningham/,Patient submitted ,,United States
Derrick Barnes,,Monterey,California,CA,,,https://www.montagehealth.org/about/medical-group/montage-medical-group-providers/find-a-doctor-profile/derrick-barnes/,Patient submitted,,United States
Hattie Pearson,,Mountain View,California,CA,,,https://www.stanfordchildrens.org/en/doctor/hattie-d-pearson,,,United States
Samantha Fernandes,,Mountain View,California,CA,,,https://health.usnews.com/doctors/samantha-fernandes-1496405,Patient submitted,,United States
Anea Aslan,,Mountain View,California,CA,,,https://health.usnews.com/doctors/andrea-aslan-79447,Patient submitted,,United States
Monica L. Aszterbaum,,Newport Beach,California,CA,,,https://hoagmedicalgroup.com/physician/monica-aszterbaum-md/,Patient submitted,,United States
Rebecca L. Taub,,"Oakland, Berkeley, Richmond",California,CA,,,https://www.sutterhealth.org/find-doctor/dr-rebecca-l-taub,,,United States
Kayvahn Steck-bayat,,Ojaj,California,CA,,,https://doctors.cmhshealth.org/provider/Kayvahn+Steck-Bayat/1993129,Patient submitted,,United States
Dipti Banerjee,,Orange & Santa Ana,California,CA,,,https://www.ucihealth.org/find-a-doctor/b/dipti-banerjee,Patient submitted,,United States
Xin Guan,,Oxnard,California,CA,,,https://www.venturacountywomenshealth.com/profile-obstetric-gynecologic-care-ventura-ca.html,Patient submitted,,United States
Miriam Delosantos,,Oxnard & Ventura,California,CA,,,https://www.mycmh.org/find-a-doctor/miriam-delosantos-pa-c/,Patient submitted,"Very LGBTQ+ friendly, accepts Medicaid, speaks Spanish",United States
David Crownover,,"Oxnard, Port Hueneme & Ventura",California,CA,,,https://www.mycmh.org/find-a-doctor/david-crownover-md/,Patient submitted,"Very LGBTQ+ friendly, accepts Medicaid ",United States
Stephanie Ann Whitman,,Panorama City,California,CA,,,https://healthy.kaiserpermanente.org/southern-california/physicians/stephanie-whitman-0603431,Patient submitted,,United States
Shweta K. Shah,,Pasadena,California,CA,,,https://www.huntingtonhealth.org/physicians/shweta-k-shah-do/,Patient submitted ,"Speaks Hindi, Gujarati & Kiswahili ",United States
Fiona Redwood,,Petaluma,California,CA,,,https://phealthcenter.org/providers/fiona-redwood-md/,Patient submitted ,,United States
Jennifer Boni,,Placerville,California,CA,,,https://edcchc.org/meet-our-providers/,Patient submitted ,,United States
Deepti Nahar,,Rancho Mirage,California,CA,,,https://fleurhealth.com/nahar/,,,United States
Peter Vasquez,,Rancho Mirage,California,CA,,,https://health.usnews.com/doctors/peter-vasquez-683416,Patient submitted,"LGBTQ+ & Transgender friendly, performs gender-affiirming surgery, accepts Medicaid ",United States
Vivian Chu,,Redwood City,California,CA,,,https://mydoctor.kaiserpermanente.org/ncal/providers/vchu,Patient submitted,,United States
Rodolfo Saenz,,Riverside,California,CA,,,https://altais.com/altais-medical-group-riverside/physicians/rodolfo-saenz/,Patient submitted,Speaks Spanish ,United States
Mallory Stuparich,,Riverside,California,CA,,,https://www.ucrhealth.org/provider/mallory-stuparich-md/,,Speaks Spanish,United States
Analisa Marki,,Roseville,California,CA,,,https://www.aiwhc.com/uncategorized/analisa-marki-dunn/,,,United States
Eve Lavalley Willsey,,Sacramento,California,CA,,,https://camelliawomenshealth.com/Eve-LaValley-Willsey-OBGYN-Sacramento,,,United States
Hui Min Cheong,,Sacramento,California,CA,,,https://www.dignityhealth.org/ourdoctors/1285663930-hui-cheong,,,United States
Nicole Nakamaru,,Sacramento,California,CA,,,https://mydoctor.kaiserpermanente.org/ncal/providers/nicolenakamaru,Patient submitted,,United States
Terri Ferrari,,Sacramento,California,CA,,,https://mydoctor.kaiserpermanente.org/ncal/providers/terriferrari,,,United States
Jeffrey A. Graham,,Sacramento,California,CA,,,https://www.sutterhealth.org/find-doctor/dr-jeffrey-graham,Patient submitted,,United States
Michael D. Trifiro,,Sacramento,California,CA,,,https://health.ucdavis.edu/obgyn/team/11657/michael-trifiro-minimally-invasive-gynecology-minimally-invasive-surgery-folsom-sacramento,Patient submitted,Works with Transgender patients ,United States
Sophia Yang,,Sacramento,California,CA,,,https://camelliawomenshealth.com/Sophia-Yang-MD,,,United States
Christine Picco,,San Carlos,California,CA,,,https://www.sutterhealth.org/find-provider/dr-christine-picco-1046233767,,,United States
Ariana Melendez,,San Diego,California,CA,,,https://health.usnews.com/doctors/ariana-melendez-1430277,,,United States
James O'neil,,San Diego,California,CA,,,,,Naval Medical Center,United States
Kelli Shannon,,San Diego,California,CA,,,https://www.sharp.com/san-diego-doctors/dr-kelli-shannon-80600,,,United States
Sarah Tilford,,San Diego,California,CA,,,https://www.plannedparenthood.org/planned-parenthood-pacific-southwest,,,United States
Shereen Binno,,San Diego,California,CA,,,https://www.sharp.com/doctors/shereen-binno,Patient submitted,,United States
Samantha Thomson,,San Diego,California,CA,,,https://providers.ucsd.edu/details/1689013468/obstetrics-&-gynecology,,,United States
Katherine Hsiao,,San Francisco,California,CA,,,https://www.sutterhealth.org/find-doctor/dr-katherine-t-hsiao,Patient submitted ,,United States
Erica Fran Weiss,,San Francisco,California,CA,,,https://mydoctor.kaiserpermanente.org/ncal/providers/ericaweiss,Patient submitted,,United States
Iram Zubair,,San Francisco,California,CA,,,https://www.sutterhealth.org/find-provider/dr-iram-zubair-1046235813,Patient submitted,,United States
Alejanina Rincon,,San Jose,California,CA,,,https://mydoctor.kaiserpermanente.org/ncal/providers/alejandrinarincon,,,United States
Ariana Dagdag,,San Jose,California,CA,,,https://health.usnews.com/doctors/ariana-dagdag-1172795,,,United States
Gordon S. Rosenberg,,San Jose,California,CA,,,https://stanfordhealthcare.org/content/shc/en/v2/doctors/r/gordon-rosenberg.html,Patient submitted,,United States
Anna Lyapis,,San Leandro / Fremont,California,CA,,,https://mydoctor.kaiserpermanente.org/ncal/providers/annalyapis,,,United States
Aaron Kromhout,,San Luis Obispo,California,CA,,,https://creatingharmonyobgyn.com/,,,United States
Sienna Titen,,Santa Cruz,California,CA,,,https://www.dignityhealth.org/ourdoctors/1760745038-sienna-titen,Patient submitted,,United States
Mona Bazargan,,Santa Maria,California,CA,,,https://www.dignityhealth.org/ourdoctors/1437502499-mona-bazargan?utm_source=LocalSearchListing&utm_medium=Physician&utm_campaign=SantaMariaWomen%2527sHealthCenter&utm_term=Mona-Bazargan-L5RR13OCOM&y_source=1_MTc3NTM5NDgtNzE1LWxvY2F0aW9uLndlYnNpdGU%253D,,,United States
Michelle Tsai,,Santa Monica,California,CA,,,https://www.uclahealth.org/providers/michelle-tsai,,,United States
Hannah C. Reiser,,Santa Monica,California,CA,,,https://www.uclahealth.org/providers/hannah-reiser,,,United States
Tara Bartlett,,Santa Rosa,California,CA,,,https://www.sutterhealth.org/find-doctor/dr-tara-bartlett?is-physician=true&ps-services=service234&lat=38.4409697&lng=-122.7971649&location=Santa+Rosa%252C+CA+95401%252C+USA&start=,Patient submitted ,,United States
Chrystal Bradley,,Sonora,California,CA,,,https://doctors.adventisthealth.org/provider/chrystal-anastasia-l-bradley/1341831,Patient submitted,,United States
Mareeni Stanislaus,,Templeton,California,CA,,,https://stanislausobgyn.com/about-us/,Patient submitted,,United States
Fikret I. Atamdede,,Torrance,California,CA,,,https://www.providence.org/doctors/gynecologic-oncology/ca/torrance/fikret-atamdede-1578502480,Patient submitted,,United States
Katie Massoudian,,Torrance,California,CA,,,https://healthy.kaiserpermanente.org/southern-california/physicians/katrin-massoudian-5189959,,,United States
Joseph Rose,,Walnut Creek,California,CA,,,https://www.johnmuirhealth.com/doctor/Joseph-Rose-MD/1245492925,Patient submitted ,,United States
Shamsi Vatannia,,Pleasanton,California,CA,,,https://stanfordhealthcare.org/doctors/v/shamsi-vatannia.html,,,United States
Jerry K. Izu,,Santa Clarita,California,CA,,,https://health.usnews.com/doctors/jerry-izu-51400,Patient submitted ,,United States
Lindsay Mooney,,Santa Cruz,California,CA,,,https://www.sutterhealth.org/find-doctor/dr-lindsay-b-mooney,,,United States
Laetitia Oderman,,Santa Cruz,California,CA,,,https://www.sutterhealth.org/find-provider/dr-laetitia-oderman-1046239049,,,United States
Amy Robertson,,Alamosa,Colorado,CO,,,https://www.sanluisvalleyhealth.org/find-a-provider/amy-robertson-md/,Patient submitted,LGBTQ+ friendly ,United States
Amber Fontenot Ferriss,,Arvada,Colorado,CO,,,https://wwcmd.com/team-member/amber-fontenot-ferriss/,,,United States
Lindsay Eun,,Arvada,Colorado,CO,,,https://wwcmd.com/team-member/lindsay-eun/,Patient submitted ,,United States
Kaylin Klie,,Aurora,Colorado,CO,,,https://www.uchealth.org/provider/kaylin-klie/,Patient submitted ,,United States
Emily Rosen,,Aurora,Colorado,CO,,,https://obgyn.coloradowomenshealth.com/about/doctors/dr-emily-rosen,Patient submitted ,,United States
Teuta Shemshedini,,Boulder,Colorado,CO,,,https://www.bouldermedicalcenter.com/medical-providers/teuta-shemshedini-md/obstetrics-and-gynecology/,,,United States
Samantha Mclean,,Boulder,Colorado,CO,,,https://www.bch.org/find-a-physician/samantha-mclean-do/,,,United States
Suzanne Dysart,,Boulder,Colorado,CO,,,https://www.bch.org/find-a-physician/suzanne-dysart-do/,Patient submitted,,United States
Anew Fowler,,Colorado Springs,Colorado,CO,,,https://www.uchealth.org/provider/andrew-c-fowler-md-obstetrics-and-gynecology/,Patient submitted,,United States
Autumn Stowe-quain,,Colorado Springs,Colorado,CO,,,https://www.uchealth.org/provider/autumn-stowe-quain-md-obstetrics-and-gynecology/,Patient submitted ,,United States
Janice Raley,,Colorado Springs,Colorado,CO,,,https://www.uchealth.org/provider/janice-c-raley-obstetrics-and-gynecology/,Patient submitted,,United States
Lauren Puretz,,Colorado Springs,Colorado,CO,,,https://mvmg.com/content/lauren-puretz-do,,,United States
Maria Weise-fleckenstein,,Colorado Springs,Colorado,CO,,,https://www.uchealth.org/provider/maria-weise-fleckenstein-md/,,,United States
Marlesa Moore,,Colorado Springs,Colorado,CO,,,https://www.uchealth.org/provider/marlesa-r-moore-md-ob-gyn/,Patient submitted,LGBTQ+ friendly,United States
Carina Kee,,Colorado Springs,Colorado,CO,,,https://www.mountain.commonspirit.org/provider-search/carina-kee-do,,,United States
Jack Tubbs,,Colorado Springs,Colorado,CO,,,https://www.associates-obgyn.com/provider/jack-tubbs-md-facog,Patient submitted ,,United States
Susan Mikaelian,,Colorado Springs,Colorado,CO,,,https://www.associates-obgyn.com/provider/susan-mikaelian-md-facog,Patient submitted ,,United States
Amy Clauss,,Colorado Springs,Colorado,CO,,,https://healthy.kaiserpermanente.org/colorado/clinicians/amy-clauss-2326267,,,United States
Rebecca Ludwig,,Colorado Springs,Colorado,CO,,,https://www.uchealth.org/provider/rebecca-ludwig-md/,Patient submitted,,United States
Christian J. York,,Colorado Springs,Colorado,CO,,,https://www.northspringsobgyn.com/provider/christian-j-york-md,Patient submitted,,United States
Christopher S. Russell,,Colorado Springs,Colorado,CO,,,https://www.uchealth.org/provider/scott-russell-md-obstetrics-and-gynecology/,Patient submitted ,,United States
Brenda Camp,,Denver,Colorado,CO,,,https://healthy.kaiserpermanente.org/colorado/clinicians/BRENDA-CAMP-8148329,,,United States
Laura Boyer,,Denver,Colorado,CO,,,https://healthonephysiciangroup.com/physicians/profile/Dr-Laura-Boyer-MD,Patient submitted ,,United States
Maggie Saccomano,,Denver,Colorado,CO,,,https://doctors.sclhealth.org/provider/Margaret+E.+Saccomano/1999556,Patient submitted,,United States
Meredith Townsend,,Denver,Colorado,CO,,,https://www.allaboutwomenscare.com/providers/our-physicians/,,,United States
Michael Moore,,Denver,Colorado,CO,,,https://www.advancedgyn.com/about,Patient submitted ,,United States
Olga Muldoon,,Denver,Colorado,CO,,,https://www.centura.org/provider-search/olga-muldoon-md,,"LGBTQ+ friendly, accepts Medicaid ",United States
Romy Mason,,Denver,Colorado,CO,,,https://healthonephysiciangroup.com/physicians/profile/Dr-Romy-E-Mason-MD,Patient submitted ,,United States
Sarah Frances Peterson,,Denver,Colorado,CO,,,https://eastdenver.coloradowomenshealth.com/doctors/dr-sarah-peterson,Patient submitted ,,United States
Victor Dabelea,,Denver,Colorado,CO,,,https://rockymountainhospitalforchildren.com/physicians/profile/Dr-Victor-Dabelea-MD,Patient submitted,,United States
Allison R. Herman,,Denver,Colorado,CO,,,https://eastdenver.coloradowomenshealth.com/doctors/allison-herman,Patient submitted ,,United States
Olga Muldoon,,Denver,Colorado,CO,,,https://www.adventhealth.com/find-doctor/doctor/olga-muldoon-md-1972981975,Patient submitted ,,United States
Claire L. Schultz,,Denver,Colorado,CO,,,https://www.denverhealth.org/provider-directory/s/schultz-claire-l,Patient submitted ,,United States
Kimberly Hildner-murphy,,Denver,Colorado,CO,,,https://doctors.intermountainhealth.org/provider/kimberly-hildner-murphy/2230322,Patient submitted,,United States
Anew Cook,,Durango,Colorado,CO,,,https://www.vitalhealth.com/meet-dr-cook/,Patient submitted,,United States
Nicole Pinkerton,,Durango,Colorado,CO,,,http://drpinkerton.net/,Patient submitted,,United States
Abigail Kaye,,Durango,Colorado,CO,,,https://4cobgyn.com/about-us/,,,United States
Anew Ross,,Englewood,Colorado,CO,,,https://www.cherryhillsmidwiferyandobgyn.com/provider/andrew-ross-md,,,United States
Tasha Kalra,,Englewood,Colorado,CO,,,https://www.allaboutwomenscare.com/providers/our-physicians/,,,United States
Meredith Townsend,,Englewood,Colorado,CO,,,https://www.allaboutwomenscare.com/providers/our-physicians/,Patient submitted,,United States
Tasha Kalra,,Englewood,Colorado,CO,,,https://www.allaboutwomenscare.com/providers/our-physicians/,Patient submitted,,United States
Catherine Coffman,,Fort Collins,Colorado,CO,,,https://womensclinicnoco.com/team-member/dr-catherine-coffman/,Patient submitted ,,United States
Ellie Antonia Knotts,,Fort Collins,Colorado,CO,,,https://doctors.bannerhealth.com/provider/Ellie+Knotts/449005,Patient submitted,,United States
Jennifer Stockburger,,Fort Collins,Colorado,CO,,,https://womensclinicnoco.com/team-member/jennifer-stockburger/,Patient submitted,,United States
Jessica Bare,,Fort Collins,Colorado,CO,,,https://womensclinicnoco.com/team-member/jessica-bare-d-o/,,,United States
Morgan Wolf,,Fort Collins,Colorado,CO,,,https://womensclinicnoco.com/team-member/dr-morgan-wolfe-jr/,Patient submitted,,United States
Nicole Roberson,,Fort Collins,Colorado,CO,,,https://womensclinicnoco.com/team-member/nicole-roberson/,Patient submitted,,United States
Claire Edelman,,Fort Collins,Colorado,CO,,,https://womensclinicnoco.com/team-member/claire-edelman/,,,United States
Tara Hoff,,Fort Collins,Colorado,CO,,,https://womensclinicnoco.com/team-member/tara-hoff/,Patient submitted,,United States
Morgan Wolfe,,Fort Collins,Colorado,CO,,,https://womensclinicnoco.com/team-member/dr-morgan-wolfe-jr/,Patient submitted,"LGBTQ+ friendly, helps those seeking gender affirming care ",United States
John Bragg,,Fort Collins,Colorado,CO,,,https://womensclinicnoco.com/team-member/john-bragg/,Patient submitted,,United States
Heather Bourkovski,,Grand Junction,Colorado,CO,,,https://womenshealthcaregj.com/dt_team/heather-shannon-levh-bourkovski-d-o/,,,United States
Joshua Pearson,,Grand Junction,Colorado,CO,,,https://womenshealthcaregj.com/dt_team/joshua-d-pearson-d-o/,Patient submitted ,,United States
Kara Danner,,Grand Junction,Colorado,CO,,,https://doctors.sclhealth.org/provider/Kara+A.+Danner/1617312,Patient submitted ,,United States
Lori Wittman,,Grand Junction,Colorado,CO,,,https://womenshealthcaregj.com/dt_team/lori-m-wittman/,Patient submitted ,,United States
Courtney Roberts,,Greeley,Colorado,CO,,,https://www.uchealth.org/provider/courtney-roberts-do-ob-gyn/,,,United States
Helen Dunnington,,Greeley,Colorado,CO,,,https://www.uchealth.org/provider/helen-dunnington-md/,,,United States
Kate Petty,,Greeley,Colorado,CO,,,https://www.uchealth.org/provider/kate-petty-md/,,,United States
Gerald Blake Mclaughlin,,Greeley,Colorado,CO,,,https://healthy.kaiserpermanente.org/colorado/clinicians/gerald-mclaughlin-9095067,Patient submitted,,United States
Colleen Foos,,Greeley,Colorado,CO,,,https://doctors.bannerhealth.com/provider/Colleen+Foos/1018181,Patient submitted,,United States
Lisa Wynn,,Highland's Ranch,Colorado,CO,,,https://www.uchealth.org/provider/lisa-wynn-md/,Patient submitted,,United States
Brandon Maddy,,Highlands Ranch,Colorado,CO,,,https://www.cumedicine.us/providers/ob-gyn/brandon-maddy,,,United States
Whitney L. Giamberardino,,Highlands Ranch,Colorado,CO,,,https://www.cumedicine.us/providers/ob-gyn/Whitney-Giamberardino,,,United States
Colleen Begley,,Lafayette,Colorado,CO,,,https://whg-pc.com/begley-colleen-md/,,,United States
Kerry E. Shea,,Lafayette,Colorado,CO,,,https://healthy.kaiserpermanente.org/colorado/clinicians/kerry-shea-8877694,,,United States
Kim Van Scriver,,Littleton,Colorado,CO,,,https://southdenverobgyn.com/kimberly-van-scriver/,,,United States
Rania Khan,,Littleton,Colorado,CO,,,https://www.centura.org/provider-search/rania-khan-do,,,United States
Brian Nelson,,Longmount,Colorado,CO,,,https://www.uchealth.org/provider/brian-s-nelson-md-obstetrics-and-gynecology-female-pelvic-medicine-and-reconstructive-surgery/,Patient submitted ,,United States
Hannah Fanucchi,,Longmount,Colorado,CO,,,https://www.uchealth.org/provider/hannah-fanucchi-md/,Patient submitted ,,United States
B. Alison Schultz,,Louisville,Colorado,CO,,,https://www.bouldermedicalcenter.com/medical-providers/b-alison-schultz-do/obstetrics-and-gynecology/,,,United States
Long P. Huynh,,Louisville,Colorado,CO,,,https://www.bouldermedicalcenter.com/medical-providers/long-huynh-md/obstetrics-and-gynecology/,,,United States
Faye E. Sundahl,,Louisville,Colorado,CO,,,https://www.adventhealth.com/find-doctor/doctor/elli-sundahl-do-1619175361,Patient submitted,,United States
Erinn Croco,,Loveland,Colorado,CO,,,,,,United States
Sara Vrabec,,Loveland,Colorado,CO,,,https://www.uchealth.org/provider/sara-vrabec-md/,,,United States
Thomas Englert,,Loveland,Colorado,CO,,,https://doctors.bannerhealth.com/provider/Thomas+Englert/448279,Patient submitted,,United States
Jennifer Reeve,,Loveland,Colorado,CO,,,https://womensclinicnoco.com/team-member/jennifer-reeve/,,,United States
Brittany Poeschl,,Loveland,Colorado,CO,,,https://www.uchealth.org/provider/brittany-poeschl-md/,Patient submitted,"LGBTQ+ friendly, provides gender-affirming care, trauma informed & emphasizes ""your body, your choice"" ",United States
Ashley Allen,,Montrose,Colorado,CO,,,https://montrosehealth.com/providers/ashley-allen/,,LGBTQ+ friendly,United States
Jillian Tyler,,Parker,Colorado,CO,,,https://www.centura.org/provider-search/jillian-tyler-md,,,United States
Amanda Hittson,,Parker,Colorado,CO,,,https://www.adventhealth.com/find-doctor/doctor/amanda-hittson-do-1376958124?listFilters=query%3Dhittson%26cat%3Dglobal,Patient submitted,,United States
Danyel Baker,,Pueblo,Colorado,CO,,,https://puebloassociatesinwomenshealthcare.com/,,,United States
Rachel Niemet,,Pueblo,Colorado,CO,,,https://www.parkviewmc.com/doctor/profile/rachel-niemet/,Patient submitted ,,United States
Jennifer John,,Pueblo,Colorado,CO,,,https://www.parkviewmc.com/doctor/profile/jennifer-john/,,LGBTQ+ friendly ,United States
Tiffany Rhodes,,Salida,Colorado,CO,,,https://www.hrrmc.com/find-a-provider/tiffany-rhodes-md-facog/,,,United States
Jeffrey Chamberlain,,Steamboat Springs,Colorado,CO,,,https://www.uchealth.org/provider/jeffrey-chamberlain-md/,Patient submitted,,United States
Greta Brandstetter,,Thornton,Colorado,CO,,,https://whg-pc.com/brandstetter-greta-md/,Patient submitted ,,United States
Hayley Thompson,,Thornton,Colorado,CO,,,https://doctors.intermountainhealth.org/provider/hayley-p-thompson/2729353?utm_campaign=gmb&utm_medium=organic&utm_source=local,,,United States
Danika Forgach,,Timnath,Colorado,CO,,,https://www.uchealth.org/provider/danika-forgach-md/,,LGBTQ+ friendly,United States
Stephanie Mager,,Timnath,Colorado,CO,,,https://www.uchealth.org/provider/stephanie-mager-md/,,,United States
Dawn Owens Robinson,,Westminster,Colorado,CO,,,https://www.adventhealth.com/find-doctor/doctor/dawn-owens-robinson-md-1174778575,,,United States
Sara Robison,,"Westminster, Erie",Colorado,CO,,,https://www.adventhealth.com/find-doctor/doctor/sara-robison-do-1427441229,,,United States
Colleen Mullin,,"Westminster, Louisville",Colorado,CO,,,https://www.centura.org/provider-search/colleen-mullin-md,Patient submitted ,,United States
Jamie Stucker,,Windsor,Colorado,CO,,,https://www.uchealth.org/provider/jamie-stucker-md-obstetrics-and-gynecology/,,,United States
Danielle Burkett,,Windsor,Colorado,CO,,,https://www.uchealth.org/provider/danielle-burkett-do/,Patient submitted,,United States
Lydia Lormand,,Avon,Connecticut,CT,,,https://womenshealthct.com/practices/obgyn-and-midwifery-of-connecticut/providers/lydia-lormand-do-facog,Patient submitted ,,United States
Nicole Brzozowski,,Danbury & Norwalk,Connecticut,CT,,,https://learning.nuvancehealth.org/minimally-invasive-gynecologic-surgery-fellowship-faculty-2/,,,United States
Valentine Edusa,,Fairfield,Connecticut,CT,,,https://www.bridgeporthospital.org/physicians/valentine-edusa,Patient submitted ,,United States
Alexane West,,Farmington,Connecticut,CT,,,https://facultydirectory.uchc.edu/profile?profileId=West-Alexandre,,,United States
Shannon Degroff,,Farmington,Connecticut,CT,,,https://facultydirectory.uchc.edu/profile?profileId=DeGroff-Shannon,,,United States
Amanda B. Rostkowski,,Hamden,Connecticut,CT,,,https://www.womenshealthct.com/practices/comprehensive-gynecology-of-ct-formerly-fine-and-gillette/providers/amanda-rostkowski-md-phd/,,,United States
Aziza Omrani,,Manchester,Connecticut,CT,,,https://www.womenshealthct.com/practices/manchester-ob-gyn-associates/providers/aziza-omrani-md/,Patient submitted ,,United States
Lawrence Arky,,Manchester,Connecticut,CT,,,https://www.womenshealthct.com/practices/manchester-ob-gyn-associates/providers/lawrence-m-arky-md/,Patient submitted ,,United States
Anne Bingham,,Middletown,Connecticut,CT,,,https://middlesexhealth.org/find-a-doctor/anne-s-bingham-md,Patient submitted ,,United States
Danielle Finch,,New Haven,Connecticut,CT,,,https://ctcoastalobgyn.com/about-us/physicians/,,,United States
Stef Parks,,New London,Connecticut,CT,,,https://coastalobgynmidwifery.com/stefanie-parks-md/,,,United States
Mathew Brown,,Norwich,Connecticut,CT,,,https://backushospital.org/find-a-doctor/physician-detail?id=003j000000GD2otAAD,Patient submitted,,United States
Devon Jacobson,,Putnam,Connecticut,CT,,,https://www.daykimball.org/about-day-kimball/medical-staff/Devon-Jacobson-MD/,Patient submitted ,,United States
Scott A. Vander Vennet,,Shelton,Connecticut,CT,,,https://gfp.griffinhealth.org/our-doctors/ob-gyn/scott-vander-vennet-md,Patient submitted,,United States
Cathie Miller,,Shelton,Connecticut,CT,,,https://gfp.griffinhealth.org/our-doctors/ob-gyn/cathie-miller-cnm,Patient submitted,,United States
Sarah Graceffa,,South Windor & Glastonbury,Connecticut,CT,,,https://obgyneasternct.com/staff/graceffa/,Patient submitted ,,United States
Katie Riddle,,South Windsor,Connecticut,CT,,,https://obgyneasternct.com/staff/riddle/,,,United States
Sarp Aksel,,Stamford,Connecticut,CT,,,http://www.coastalobgynct.com/sarp-aksel,,,United States
Shieva Ghofrany,,Stamford,Connecticut,CT,,,https://www.coastalobgynct.com/shieva-ghofrany-md,,,United States
Patrick Cahill,,Stamford,Connecticut,CT,,,https://www.coastalobgynct.com/patrick-j-cahill-do,,,United States
Antonios Panagiotakis,,Stamford,Connecticut,CT,,,https://www.coastalobgynct.com/antonios-j-panagiotakis-do,,,United States
Sarp Aksel,,Stamford,Connecticut,CT,,,https://www.coastalobgynct.com/sarp-aksel,,,United States
Katlin M. Davitt,,Trumbull,Connecticut,CT,,,https://womenshealthct.com/practices/womens-health-care-of-trumbull/providers/katlin-mcclenaghan-davitt-do/,,"All female practice, LGBTQ+ friendly",United States
Janet L. Voa,,Waterbury,Connecticut,CT,,,https://www.waterburyhospital.org/providers/janet-l-vodra/,,,United States
Michelle R. Taylor,,Middletown,Connecticut,CT,,,https://womenshealthct.com/practices/womens-center-of-southern-new-england/providers/michelle-r-taylor-md-facog,,,United States
Christina Acocella,,New Britain,Connecticut,CT,,,https://womenshealthct.com/practices/new-britain-ob-gyn/providers/christina-e-acocella-md,Patient submitted,,United States
Corey Teagarden,,Torrington,Connecticut,CT,,,https://womenshealthct.com/practices/litchfield-county-ob-gyn/providers/corey-teagarden-md-facog/,Patient submitted,,United States
Evan Friedman,,Washington,Dc,,,,https://gwdocs.com/profile/evan-b-friedman,Patient submitted,,United States
Dipti Kumar,,Washington,Dc,,,,https://doctors.gwhospital.com/provider/dipti-kumar/2103040,Patient submitted,,United States
Shannon M. Wentworth,,Washington,Dc,,,,https://www.hufpp.com/fpp/doctors/profile/shannon-wentworth/?utm_source=local-listing&utm_medium=organic&utm_campaign=website-link,,LGBTQ+ & Trauma-informed care ,United States
Rebecca Garbose,,Washington,Dc,,,,https://www.advantiahealth.com/team/rebecca-garbose-md/,,,United States
Larissa Guran,,Washington,Dc,,,,,,,United States
Sylvester Booker,,Washington,Dc,,,,https://www.md.com/doctor/sylvester-booker-md,Patient submitted ,,United States
Melissa Mchale,,Washington,Dc,,,,https://pelvicrehabilitation.com/providers/melissa-mchale/,Patient submitted,,United States
Ann Jacob,,Washington,Dc,,,,https://www.advantiahealth.com/team/ann-jacob-do/,,LGBTQ+ friendly,United States
Laura Moylan,,Dover,Delaware,DE,,,https://dedicatedtowomenobgyn.com/provider/dr-moylan/,Patient submitted ,,United States
Mark-anthony Umobi,,Dover,Delaware,DE,,,https://www.bayhealth.org/find-a-doctor/markanthony-c-umobi,Patient submitted,,United States
Reiesha Graham,,Milford,Delaware,DE,,,https://www.bayhealth.org/find-a-doctor/reiesha-graham,,Call 302.424.6511,United States
Melisa M. Edler,,Milford,Delaware,DE,,,https://www.bayhealth.org/find-a-doctor/melisa-m-edler,Patient submitted,,United States
Victoria L. Martino,,Newark,Delaware,DE,,,https://doctors.christianacare.org/provider/Victoria+L.+Martino/2303978,,,United States
Sarah Hall,,Smyrna,Delaware,DE,,,https://doctors.christianacare.org/provider/Sarah+A.+Hall/1601676?page=143&from=search-list,,,United States
Ayoka Adams,,Wilmington,Delaware,DE,,,https://doctors.christianacare.org/provider/Ayoka+Adams/2303969,Patient submitted,,United States
Jessica Apel,,Wilmington,Delaware,DE,,,https://wlwobgyn.com/meet-jessica-apel-d-o/,Patient submitted ,,United States
Alexis Marie Davis,,Wilmington,Delaware,DE,,,https://doctors.christianacare.org/provider/alexis-marie-davis/2985627,,,United States
Kirsten Smith,,Wilmington,Delaware,DE,,,https://wlwobgyn.com/meet-kirsten-m-smith-m-d/,Patient submitted,,United States
Ashley Hodges,,Wilmington,Delaware,DE,,,https://lma-llc.com/provider/ashley-hodges/,,,United States
Natasha Spencer,,Altamonte Springs,Florida,FL,,,https://www.orlandohealth.com/physician-finder/natasha-l-spencer-md,Patient submitted,,United States
Max Black,,Boynton Beach,Florida,FL,,,http://www.bocababesobgyn.com/providers,,,United States
Marion Pandiscio,,Bradenton,Florida,FL,,,https://manateegynecology.com/marion-pandiscio,Patient submitted,,United States
Nicole Mcconnell,,Brandon,Florida,FL,,,https://www.womenscareobgyn.com/providers/nicole-mcconnell-md,,,United States
Michael Stine Jr.,,Brandon,Florida,FL,,,https://www.toplinemd.com/advanced-gynecology-of-tampa-bay/michael-stine/,Patient submitted,,United States
Nay G. Hoche,,Brooksville,Florida,FL,,,https://health.usnews.com/doctors/nay-hoche-706898,Patient submitted,,United States
Michele Johnson,,Celebration,Florida,FL,,,https://celebrationobgyn.com/michele-johnson-md-facog/,,,United States
Alexis Lipton,,Clearwater,Florida,FL,,,http://aplaceforwomen.com/our-physicians/,,,United States
Luke Ying,,"Clearwater, Trinity",Florida,FL,,,https://www.womenscareobgyn.com/providers/luke-ying-md,,,United States
Vanessa Dance,,Cocoa Beach,Florida,FL,,,https://providers.hf.org/provider/Vanessa+Dance/928814,Patient submitted,,United States
Jessenia Magua,,Coral Springs,Florida,FL,,,https://www.toplinemd.com/comprehensive-ob-gyn/jessenia-magua/,,,United States
Jose Luis Terrazas,,Coral Springs,Florida,FL,,,https://www.hcafloridahealthcare.com/physicians/profile/Dr-Jose-Luis-Terrazas-MD,Patient submitted,,United States
Tali Rombro,,Coral Springs,Florida,FL,,,https://www.omegawomenscare.com/index.php/physicians,,,United States
Gregory Coates,,Crestview,Florida,FL,,,https://www.northokaloosaphysiciangroup.com/doctors-providers/coates-gregory-md-4216,Patient submitted ,,United States
Jacob Lassiter,,Crestview,Florida,FL,,,https://www.northokaloosaphysiciangroup.com/doctors-providers/lassiter-jacob-md-7170,Patient submitted,,United States
Maria Villa,,Dade City,Florida,FL,,,https://www.adventhealth.com/find-doctor/doctor/maria-villa-md-1356390868,Patient submitted ,,United States
Kurt Christopher,,Fort Lauderdale,Florida,FL,,,https://www.browardhealth.org/doctor-data/imported/631264,,,United States
Michael Benjamin,,Fort Lauderdale,Florida,FL,,,https://drbenjamin.com/about-us/,,,United States
Eric Feinberg,,Fort Myers,Florida,FL,,,https://www.leehealth.org/find-a-doctor/eric-feinberg,Patient submitted ,,United States
Natasha Bower,,Fort Myers,Florida,FL,,,https://www.pwcswfl.com/people/natasha-bower-md-facog,Patient submitted ,,United States
Richard L. Bloy,,Fort Myers,Florida,FL,,,https://www.contemporaryhealthcenter.com/our-team/,Patient submitted,,United States
Donald W. Whitaker,,Fort Walton Beach,Florida,FL,,,https://whitakerobgyn.com/,Patient submitted,,United States
Samaris Corona,,Ft. Myers,Florida,FL,,,https://www.pwcswfl.com/people/samaris-corona-md,,,United States
Erika Wert,,Gainesville,Florida,FL,,,https://obgyn.ufl.edu/education/residency/meet-our-residents-2/erika-wert/,Patient submitted,,United States
Jesse Kane,,Gainesville,Florida,FL,,,https://ufhealth.org/jesse-kane,Patient submitted,,United States
Joseph Lobst,,Gainesville,Florida,FL,,,https://www.allaboutwomenmd.com/staff-joseph.html,Patient submitted,,United States
Kay Roussos-ross,,Gainesville,Florida,FL,,,https://obgyn.ufl.edu/about-us/faculty/dikea-kay-roussos-ross-m-d/,,,United States
Tina O’shea,,Gainesville,Florida,FL,,,https://obgyn.ufl.edu/profile/o-shea-tina/,Patient submitted,,United States
Ann Hatfield,,Gainesville,Florida,FL,,,https://www.cwhfl.com/dr-ann-hatfield-md-obgyn-cwh,Patient submitted ,,United States
Christina Adams,,Jacksonville,Florida,FL,,,https://www.baptistjax.com/doctors/obstetrician-and-gynecologist/dr-christina-adams-md,,,United States
Deanna Mccullough,,Jacksonville,Florida,FL,,,https://ufhealthjax.org/doctors/2850/deanna-mccullough/,,,United States
Nakita Wilkes,,Jacksonville,Florida,FL,,,https://www.srbobgyn.com/nikita-wilkes-md,Patient submitted ,,United States
Sarah Campbell Austin,,Jacksonville,Florida,FL,,,https://www.womenscareobgyn.com/providers/sarah-c-austin-md,,,United States
Brent Seibel,,Jacksonville,Florida,FL,,,https://ufhealthjax.org/doctors/brent-seibel,Patient submitted ,,United States
Sarah C. Austin,,Jacksonville,Florida,FL,,,https://www.womenscareobgyn.com/providers/sarah-c-austin-md,,,United States
Erika Glas,,Jacksonville,Florida,FL,,,https://www.baptistjax.com/doctors/obstetrician-and-gynecologist/dr-erika-glas-do,Patient submitted ,,United States
Naicie Marrow,,Jacksonville,Florida,FL,,,https://www.fullcirclejax.com/doctor/naicie-marrow-md-facog,,,United States
Laura Alsina-sanchez,,Jupiter,Florida,FL,,,https://jupiterobgyn.com/laura-alsina-sanchez/,Patient submitted ,,United States
Jessica Covington,,Lake Mary,Florida,FL,,,https://www.adventhealth.com/find-doctor/doctor/jessica-monique-covington-md-1487072609,Patient submitted,,United States
Edmund C. Boulting,,Lake Mary,Florida,FL,,,https://www.advancedwomens.com/provider/edmund-c-boulting-md-facog,Patient submitted,,United States
John Ellington,,Lakeland,Florida,FL,,,https://www.watsonclinic.com/physicians/john-r-ellington-jr-.html,Patient submitted,,United States
Terrika C. Jones,,Lakeland,Florida,FL,,,https://doctors.mylrh.org/details/1533,Patient submitted,,United States
Vanessa J. Bennett Hux,,Lakeland,Florida,FL,,,https://doctors.mylrh.org/LRHPhysicianGroup/details/1633/vanessa-hux-obstetrics_gynecology-lakeland,Patient submitted,,United States
Richard J. Cardosi,,Lakeland,Florida,FL,,,https://www.watsonclinic.com/physicians/richard-j-cardosi.html,Patient submitted,,United States
Bryna A. Peplinski,,Lakeland,Florida,FL,,,https://doctors.mylrh.org/lrhphysiciangroup/details/1363/bryna-peplinski-obstetrics_gynecology-lakeland,,,United States
Matt Wollenschlaeger,,Maitland,Florida,FL,,,https://www.premierob-gyn.com/provider/matthew-wollenschlaeger-md-facog,,,United States
Allison Bradley-amore,,Maitland/oviedo,Florida,FL,,,https://www.premierob-gyn.com/provider/allison-amore-do-facoog,,LGBTQIA+ friendly,United States
Dorothy Bestoyong,,Maitland/winter Park,Florida,FL,,,https://www.premierob-gyn.com/provider/dorothy-bestoyong-do?,,,United States
Sara Elhusein,,Melbourne,Florida,FL,,,https://hibiscuswc.com/our-team/physicians.html,,,United States
Nefertari Esemuede,,Merritt Island,Florida,FL,,,https://providers.steward.org/s/affiliation/a0d5Y00001WQyfgQAD/nefertari-esemuede-255-fortenberry-road-suite-a1-merritt-island-fl-32952-stewa?utm_keyword=1538375068&utm_campaign=yext-listing&utm_medium=local&utm_source=gmb,Patient submitted,,United States
Jamell Walker,,Miami,Florida,FL,,,https://jacksonhealth.org/find-a-doctor/jamell-walker/,,,United States
Joanna Bedell,,Miami,Florida,FL,,,https://www.toplinemd.com/new-age-womens-health/joanna-bedell/,,,United States
Karen Salazar Valdes,,Miami,Florida,FL,,,https://www.toplinemd.com/femcare-obgyn/karen-salazar-valdes/,,,United States
Sarah Bedell,,Miami,Florida,FL,,,https://www.toplinemd.com/new-age-womens-health/sarah-bedell/,,,United States
Tanya Gonzalez,,Miami,Florida,FL,,,https://www.msmc.com/doctor/tanya-m-gonzalez/,,,United States
Victoria Bedell,,Miami,Florida,FL,,,https://www.toplinemd.com/new-age-womens-health/victoria-bedell/,,,United States
Elizabeth Gonzalez,,Miramar,Florida,FL,,,https://www.toplinemd.com/complete-womens-care/elizabeth-gonzalez/,,,United States
Richard Strathmann,,Naples,Florida,FL,,,https://www.whpnaples.com/provider/richard-strathmann-md-facog,Patient submitted,,United States
Steven Shephard,,Naples,Florida,FL,,,https://www.awpnaples.com/portfolio-items/steven-shephard-md/,Patient submitted,,United States
Wendelly Vasquez,,Ocoee,Florida,FL,,,https://www.totalwomanhealth.com/meet-our-providers,Patient submitted,,United States
Kathryn M. Eraso,,Orange Park,Florida,FL,,,https://ufhealthjax.org/doctors/3225/kathryn-eraso/,Patient submitted,,United States
Courtney Paradise,,Orlando,Florida,FL,,,https://www.winniepalmerhospital.com/physician-finder/courtney-marie-paradise-md,Patient submitted,"LGBTQ+ friendly, wonderful for recognizing and HELPING women in unsafe home situations",United States
Temitope Oshodi,,Orlando,Florida,FL,,,https://wcorlando.com/meet-our-providers/temitope-oshodi-md/,Patient submitted,,United States
Sean Mccarty,,Orlando,Florida,FL,,,https://www.wcorlando.com/provider/sean-mccarty-do,Patient submitted,,United States
Puja Kalidas,,Orlando,Florida,FL,,,https://www.healthgrades.com/physician/dr-puja-kalidas-3lr4r,Patient submitted,,United States
Ameigh Worley,,Orlando,Florida,FL,,,https://www.adventhealth.com/adventhealth-women/find-doctor/doctor/ameigh-worley-md-1336466911,Patient submitted,,United States
David M. Goodman,,Orlando,Florida,FL,,,https://www.orlandohealth.com/physician-finder/david-m-goodman-md,Patient submitted,,United States
Megan Johnson,,Orlando,Florida,FL,,,https://www.womenscareobgyn.com/providers/megan-johnson-md,Patient submitted,,United States
Margaret Capobianco,,Orlando-winter Park & Oviedo,Florida,FL,,,https://www.womenscareobgyn.com/providers/margaret-capobianco-md,Patient submitted ,"LGBTQ+ friendly, speaks Spanish",United States
Katie Webb,,Panama City,Florida,FL,,,https://www.aawob-gyn.com/provider/katie-webb-do,Patient submitted,,United States
Jacob Martin,,Panama City,Florida,FL,,,https://emeraldcoastobgyn.com/doctors/jacob-martin/,Patient submitted,,United States
Heather Pate,,Panama City,Florida,FL,,,https://emeraldcoastobgyn.com/doctors/heather-pate/,,,United States
Julie Decesare,,Pensacola,Florida,FL,,,https://www.hcafloridaphysicians.com/physicians/profile/Dr-Julie-A-Zemaitis-DeCesare-MD,Patient submitted ,,United States
Lindsey M. Mcalpin,,Pensacola,Florida,FL,,,https://healthcare.ascension.org/doctors/1497194872/lindsey-m-mcalpin-pensacola-fl,,,United States
Regina Mccutcheon,,Pensacola,Florida,FL,,,https://www.ebaptisthealthcare.org/BaptistMedicalGroup/regina-mccutcheon-md,Patient submitted,,United States
Rachel Astles,,Pensacola,Florida,FL,,,https://www.hcafloridahealthcare.com/physicians/profile/Dr-Rachel-Astles-MD,Patient submitted,,United States
Ruben Guzman,,Port Charlotte,Florida,FL,,,https://www.shorepointmedicalgroup.com/doctors-providers/guzman-ruben-md-facog-5767,Patient submitted,,United States
Stephanie Finley,,Port Charlotte,Florida,FL,,,https://peacefulharborgyn.com/about-us/,,,United States
Lyvie-sara Sylvestre,,Port Charlotte & Sarasota,Florida,FL,,,https://www.sarasotagynob.com/provider/lyvie-sara-sylvestre-md,Patient submitted,,United States
Jennifer D’abarno,,"Punta Gorda, North Point",Florida,FL,,,https://www.shorepointmedicalgroup.com/doctors-providers/dabarno-jennifer-md-facog-5764,Patient submitted,,United States
Jenny Lichon,,Sarasota,Florida,FL,,,https://www.sworcare.com/provider/jennifer-lichon-do,,LGBTQ+ friendly,United States
Lyvie-sara Sylvestre,,Sarasota,Florida,FL,,,https://www.sarasotagynob.com/provider/lyvie-sara-sylvestre-md,Patient submitted ,,United States
Wayne A. Cohen,,Sarasota,Florida,FL,,,https://www.sarasotagynob.com/provider/wayne-a-cohen-md-facog,Patient submitted ,,United States
Kelly J. Hamel,,Sarasota,Florida,FL,,,https://firstphysiciansgroup.com/doctors/hamel-kelly-j-md/,Patient submitted,"LGBTQIA+ friendly, and great with DV survivors",United States
Melisha Baldwin,,Sarasota,Florida,FL,,,https://www.sarasotagynob.com/provider/melisha-baldwin-md-facog,Patient submitted ,,United States
Alexis Lipton,,Seminole,Florida,FL,,,http://aplaceforwomen.com/our-physicians/,Patient submitted,,United States
Lauren Juyia,,Spring Hill,Florida,FL,,,https://elite-wc.com/about-us/,Patient submitted ,,United States
Sarah Miller,,St. Petersburg,Florida,FL,,,https://www.womenscareobgyn.com/providers/sarah-miller-do,Patient submitted,,United States
Carlos E. Reyes,,St. Petersburg,Florida,FL,,,https://www.womenscareobgyn.com/providers/carlos-e-reyes-md,Patient submitted,,United States
Kamila Malinowska,,"St. Petersburg, Seminole, Clearwater",Florida,FL,,,https://www.gulfcoastobgynfl.com/,,,United States
Sasha Siassipour,,Stuart,Florida,FL,,,https://ptwfl.com/profile/sasha-siassipour/,Patient submitted,,United States
Allyson Kornfeld,,Stuart & Port St. Lucie,Florida,FL,,,https://whsfl.com/team-member/dr-allyson-kornfeld/,,,United States
Amy Haddock,,Tallahassee,Florida,FL,,,https://www.tmh.org/provider/amy-haddock-md-obstetricsgynecology,Patient submitted,,United States
Dorothy D White,,Tallahassee,Florida,FL,,,https://www.tmh.org/provider/dorothy-white-md-obstetricsgynecology,Patient submitted ,,United States
Miles Byrd,,Tallahassee,Florida,FL,,,https://www.tmh.org/provider/miles-byrd-md-obstetricsgynecology,Patient submitted,,United States
Ovidiu Popa,,Tallahassee,Florida,FL,,,https://capitalpremierwomenshealth.com/,Patient submitted,,United States
Stephanie Lee,,Tallahassee,Florida,FL,,,https://www.elitetallahassee.com/providers,Patient submitted,,United States
Alyssa Brown,,Tampa,Florida,FL,,,https://find-a-doctor.health.usf.edu/provider/Alyssa+Jakia+Brown/725673,,,United States
Amy Brown,,Tampa,Florida,FL,,,https://health.usf.edu/medicine/obgyn/faculty/amyb3,Patient submitted,,United States
Natasha Gooden,,Tampa,Florida,FL,,,https://www.womenscareobgyn.com/providers/natasha-k-gooden-md,Patient submitted ,,United States
Robert Yelverton,,Tampa,Florida,FL,,,https://www.womenscareobgyn.com/providers/robert-yelverton-md,Patient submitted,,United States
Anaisy Pargas,,Tampa,Florida,FL,,,https://www.getcare.health.usf.edu/providers/anaisy-pargas-1639638901,,,United States
Anaisy Pargas,,Tampa,Florida,FL,,,https://find-a-doctor.health.usf.edu/provider/Anaisy+Pargas/2610303,,,United States
Elizabeth Giangreco,,Tampa,Florida,FL,,,https://www.womenscareobgyn.com/providers/elizabeth-giangreco-md,Patient submitted,,United States
Cheryl Godcharles,,Tampa,Florida,FL,,,https://health.usf.edu/care/obgyn/providers,,,United States
Tanya Taival,,Titusville,Florida,FL,,,https://www.parrishhealthcare.com/our-providers/tanya-itani-taival-do/,Patient submitted,,United States
Daniel Sacks,,West Palm Beach,Florida,FL,,,https://www.danielsacksmd.com/our-providers,Patient submitted ,,United States
Katrin Arnolds,,Weston,Florida,FL,,,https://my.clevelandclinic.org/staff/25775-katrin-arnolds,Patient submitted,,United States
Mitra Mossaddad,,Leesburg,Florida,FL,,,https://www.toplinemd.com/lake-obgyn-associates/mitra-mossaddad/,,,United States
Victoria Guerrero Gorman,,Miami,Florida,FL,,,https://doctors.umiamihealth.org/provider/victoria-guerrero-gorman/2297740,,Speaks Spanish ,United States
Arin J. Saldana,,Miami,Florida,FL,,,https://www.toplinemd.com/myobgynspecialists/arin-saldana/,,,United States
Ann Marie D'heureux-jones,,Orlando,Florida,FL,,,https://www.womenscareobgyn.com/providers/ann-m-dheureux-jones-md-facog,Patient submitted,,United States
Yasmine Kareem,,Oviedo,Florida,FL,,,https://wcorlando.com/meet-our-providers/yasmine-kareem-m-d/,Patient submitted,,United States
Tahnie Danastor,,Pembroke Pines & Weston,Florida,FL,,,https://www.toplinemd.com/advanced-obgyn-institute/tahnie-danastor/,Patient submitted,,United States
Antoinina Watkins,,Tampa,Florida,FL,,,https://southtampagynecology.com/our-providers/,Patient submitted,,United States
Stacia Dzikunu,,Albany,Georgia,GA,,,https://aaphc.org/services/women-s-health/meet-our-providers/288-dzikunu-stacia-lynn-d-o,,,United States
Lou Ellen Hutcheson,,Alma,Georgia,GA,,,https://www.baconcountyhospital.com/staff/bio.php?doc_id=13942,Patient submitted,,United States
Janice Vivaldi,,Alpharetta,Georgia,GA,,,https://healthy.kaiserpermanente.org/georgia/clinicians/janice-vivaldilopez-8045790,,,United States
Kalie Vinson,,Alpharetta,Georgia,GA,,,https://www.georgiaob.com/provider/kalie-vinson-md,,,United States
Austin Evans,,Athens,Georgia,GA,,,https://doctors.piedmont.org/provider/Austin+Joseph+Evans/1878638,Patient submitted ,,United States
Elizabeth Garcia,,Athens,Georgia,GA,,,https://www.care.piedmont.org/provider/Elizabeth+Garcia/1441880,Patient submitted,,United States
Cate Li,,Atlanta,Georgia,GA,,,https://www.gacfw.com/provider/zan-cate-li-md,,,United States
Colleen E. Cherry,,Atlanta,Georgia,GA,,,https://www.naobgyn.com/provider/colleen-e-cherry-md,,,United States
Dara Matthew,,Atlanta,Georgia,GA,,,https://www.pwspc.com/team/dr-dara-matthew-md/,,,United States
Denise Umpierrez-morley,,Atlanta,Georgia,GA,,,https://www.atlobgyn.com/provider/denise-umpierrez-morley-md-facog,,,United States
Jennifer Williams,,Atlanta,Georgia,GA,,,http://www.piedmont-obgyn.com/dr-jennifer-williams.php,,,United States
Jennifer Wrenn,,Atlanta,Georgia,GA,,,https://providers.emoryhealthcare.org/provider/Jennifer+A+Wrenn/779825,Patient submitted ,,United States
Julia Sammadar,,Atlanta,Georgia,GA,,,https://www.gacfw.com/provider/julia-samaddar-md-mph-facog,,,United States
Kalie Vinson,,Atlanta,Georgia,GA,,,https://www.georgiaob.com/provider/kalie-vinson-md,,,United States
Lara Hart,,Atlanta,Georgia,GA,,,https://roswellobgyn.org/providers/lara-hart/,,,United States
Lauren Little,,Atlanta,Georgia,GA,,,https://www.atlobgyn.com/provider/lauren-little-md,,,United States
Sallie Mcswain,,Atlanta,Georgia,GA,,,https://www.pwspc.com/team/sallie-mcswain-md/,,,United States
Sarah Lane,,Atlanta,Georgia,GA,,,https://www.obgynofatlanta.com/provider/sarah-lane,,,United States
Betsy M. Collins,,Atlanta,Georgia,GA,,,https://providers.emoryhealthcare.org/provider/Betsy+M+Collins/780469,Patient submitted ,,United States
Rama K. Rao,,Atlanta,Georgia,GA,,,https://providers.northside.com/provider/Rama+Kurella+Rao/2606134,Patient submitted,,United States
Magdi Hanafi,,Atlanta,Georgia,GA,,,http://gynfertility.com/,Patient submitted,,United States
Sarah E. Salamon,,Atlanta,Georgia,GA,,,https://piedmont-obgyn.com/dr-sarah-salamon.php,,,United States
Zuri Hemphill-bryant,,Atlanta,Georgia,GA,,,https://www.obgynofatlanta.com/provider/zuri-hemphill-bryant,,,United States
Chanika S. Rao,,Atlanta,Georgia,GA,,,https://northsidews.com/providers/chandrika-rao,,,United States
Mikaela Katz,,Atlanta,Georgia,GA,,,https://providers.emoryhealthcare.org/provider/mikaela-katz/2241548,,,United States
Carrie A. Cwiak,,Atlanta,Georgia,GA,,,https://providers.emoryhealthcare.org/provider/carrie-ann-cwiak/778436,Patient submitted,,United States
Rachel Yakrus,,"Atlanta, Roswell, Suwanee",Georgia,GA,,,https://www.pwh-atl.com/provider/rachel-yakrus-md-facog,Patient submitted,,United States
Tamika Sea,,"Atlanta, Stockbridge",Georgia,GA,,,https://advancedwomenscarecenter.com/dr-tamika-sea/,Patient submitted,,United States
Laura Lee Joiner,,Augusta,Georgia,GA,,,https://www.womenshealthofaugusta.com/homepage/dr-laura-lee-joiner-2105/,,,United States
Rafael Jordan,,Augusta,Georgia,GA,,,https://doctors-hospital.net/physicians/profile/Dr-Rafael-E-Jordan-MD,Patient submitted,,United States
Alexana A. Shurling,,Augusta,Georgia,GA,,,https://www.womenshealthofaugusta.com/about-us/obgyn_providers/,Patient submitted,,United States
Jessica Williams,,Austell,Georgia,GA,,,https://www.wellstar.org/physicians/jessica-williams-md,Patient submitted,,United States
Whitney Vance,,Bainbridge,Georgia,GA,,,https://www.healthgrades.com/physician/dr-whitney-vance-e4lfz,,,United States
Thekkepat G. Sekhar,,Bonaire & Warner Robins,Georgia,GA,,,https://www.hhc.org/find-a-physician/thekkepat-g-sekhar-md-facog/,Patient submitted ,,United States
Matthew M. Johnston,,Brunswick,Georgia,GA,,,https://www.myprivia.com/whggyn/providers/matthew-m-johnston-md,Patient submitted,,United States
Britton Crigler,,Canton,Georgia,GA,,,,Patient submitted ,,United States
Michael Anew Hulse,,Canton,Georgia,GA,,,https://www.northside.com/providers/find-a-provider/provider-profile/michael-hulse-md/1991,Patient submitted,,United States
Timberly Butler,,Canton & Marietta,Georgia,GA,,,https://www.wellstar.org/physicians/timberly-butler-md?utm_medium=listing&utm_source=bing&utm_content=Timberly_Butler,Patient submitted ,,United States
Ruth Farrell,,Carrollton,Georgia,GA,,,https://www.tanner.org/Physicians/Ruth-Farrell-MD,,,United States
Kristy Nix,,Carrollton,Georgia,GA,,,https://www.tanner.org/physician/kristy-nix-md,Patient submitted ,,United States
Melina Henderson,,Columbus,Georgia,GA,,,https://www.midtownob.com/team-1/melina-henderson,Patient submitted ,,United States
Karen A. Stuart,,Columbus,Georgia,GA,,,https://www.care.piedmont.org/provider/Karen+Adrienne+Stuart/675125?utm_source=directorylisting&utm_medium=seo&utm_campaign=10220&y_source=1_MTYyNDExMjgtNDgzLWxvY2F0aW9uLndlYnNpdGU%3D,Patient submitted ,,United States
Kirby N. Chisholm,,Columbus,Georgia,GA,,,https://www.mystfrancis.com/find-a-doctor/provider/1053773143,,,United States
Michael Dempsey,,Columbus,Georgia,GA,,,https://www.midtownob.com/team-1/michael-dempsey,Patient submitted,,United States
Michelle White,,Covington,Georgia,GA,,,https://doctors.piedmont.org/provider/Michelle+Denise+White/390140,,,United States
Angela L. Mcdowell,,Dalton,Georgia,GA,,,https://doctor.webmd.com/doctor/angela-mcdowell-f45cb833-1f44-4188-b673-2404c2cf1a7b-overview,Patient submitted ,,United States
Leah Rondon,,Decatur,Georgia,GA,,,https://providers.emoryhealthcare.org/provider/Leah+Amelia+Rondon/1589613,Patient submitted,,United States
Rachel Mcdiehl,,Decatur,Georgia,GA,,,,,,United States
Grayson K. Southern,,Decatur,Georgia,GA,,,https://providers.emoryhealthcare.org/provider/graysan+kirk+southern/778196,Patient submitted,,United States
Amy Rodatus,,Decatur & Stone Mountain,Georgia,GA,,,https://www.goodobgyn.com/dr-amy-rodatus.php,Patient submitted,,United States
Genesis Bowen,,Decatur & Stone Mountain,Georgia,GA,,,https://www.goodobgyn.com/dr-genesis-bowen.php,Patient submitted,,United States
Kayla Perry-walker,,Fayetteville,Georgia,GA,,,https://scwhobgyn.com/kayla-perry-walker/,,,United States
Kelsey Robinson,,Fort Stewart,Georgia,GA,,,https://winn.tricare.mil/Health-Services/Womens-Health-Pregnancy,,Military facility-- Tricare recipients only ,United States
Jennifer L Narvaez,,Johns Creek,Georgia,GA,,,https://providers.emoryhealthcare.org/provider/Jennifer+Lynn+Narvaez/1996809,,,United States
Lindsay Edwards,,Macon,Georgia,GA,,,https://www.wfwhmacon.com/ourdoctors/,Patient submitted,,United States
Stephen M. Durso,,Macon,Georgia,GA,,,https://www.maconobgyn.com/stephen-m-durso-md/,Patient submitted,,United States
Diane Goh,,Marietta,Georgia,GA,,,,Patient submitted ,,United States
Elijah Gilbert,,Marietta,Georgia,GA,,,https://www.wellstar.org/physicians/elijah-gilbert-md,Patient submitted,,United States
Sheema Khan- Simba,MD,Marietta,Georgia,GA,,,,,,United States
Carey Dobbins-sood,,Marietta,Georgia,GA,,,https://www.wellstar.org/physicians/carey-dobbins-sood-md?utm_medium=listing&utm_source=bing&utm_content=Carey_Ann_Dobbins-Sood,Patient submitted,,United States
Bobby O. Tackitt,,Marietta & Woodstock,Georgia,GA,,,https://www.obgynassociatesmarietta.com/provider/bobby-o-tackitt-ii-md,Patient submitted,,United States
Heather Turner,,Newnan,Georgia,GA,,,https://www.scwhobgyn.com/provider/heather-s-turner-md-facog-ncmp,Patient submitted,,United States
Francisco Dueno,,Richmond Hills,Georgia,GA,,,http://www.southsideobgynpc.com/meet-our-staff.html,Patient submitted,,United States
Kenny Sinervo,,Sandy Springs,Georgia,GA,,,,Patient submitted ,,United States
Amit Bhavsar,,Savanna,Georgia,GA,,,,,,United States
Amit Bhavsar,,Savannah,Georgia,GA,,,https://memorialhealth.com/,,,United States
Sarah C.jarrell,,Savannah,Georgia,GA,,,https://savannahobgyn.com/staff-member/sarah-c-jarrell-md/,Patient submitted ,,United States
Anes Montes,,Savannah,Georgia,GA,,,https://www.doctor.com/Andres-Montes,Patient submitted,,United States
Anna Carter,,Snellville,Georgia,GA,,,https://www.gwinnettobgyn.com/,,,United States
Emily Songer,,Stockbridge,Georgia,GA,,,https://www.eagleslandingobgyn.com/,,,United States
Laxman Ramani,,Stockbridge,Georgia,GA,,,https://www.eagleslandingobgyn.com/about-us/our-providers/laxman-ramani/,Patient submitted,,United States
Stephanie Gordon,,"Stockbridge, Conyers",Georgia,GA,,,https://www.womenscenterga.com/provider/stephanie-gordon-md,,,United States
Halima Daboiko,,Tucker,Georgia,GA,,,,Patient submitted ,,United States
Velvet Mcdonald,,Union City,Georgia,GA,,,,Patient submitted ,,United States
Ashlee Nicole Tillery,,Vidalia,Georgia,GA,,,,,,United States
Tan-loc Nguyen,,Warner Robins,Georgia,GA,,,https://www.healthsoul.com/best-doctor-ratings/obstetrician-gynecologist/usa/ga/warner-robins/dr-tan-loc-nguyen-2,Patient submitted,,United States
Sarah Stanescu,,Warner Robins,Georgia,GA,,,https://www.hhc.org/find-a-physician/sarah-stanescu-md/,Patient submitted,,United States
Yolanda Borders,,Waycross,Georgia,GA,,,http://memorialsatillaspecialists.com/,Patient submitted,,United States
Leah A. Rondon,,Atlanta,Georgia,GA,,,https://health.usnews.com/doctors/leah-rondon-1163571,Patient submitted ,,United States
Jerry Lucas,,Savannah,Georgia,GA,,,https://www.mytelfairdoc.com/obgyns/obstetrics/dr-jerry-lucas,Patient submitted ,,United States
Janine A. Doneza,,Hilo,Hawai'i,,,,,Patient submitted ,,United States
Erin Gertz,,Honolulu,Hawai'i,,,,https://www.hawaiiwomenshealthcare.org/provider/erin-c-gertz-md,,,United States
Annabelle Janairo Kailua,,Kona,Hawai'i,,,,https://www.queens.org/providers/1881/annabelle-janairo/,,,United States
Carrie Giordano,,Mau'i,Hawai'i,,,,https://wahinehealth.com/dr-carrie-giordano,,,United States
Emmakate B. Friedlander,,O'ahu,Hawai'i,,,,https://doctors.adventisthealth.org/provider/EmmaKate+B+Friedlander/1341816,Patient submitted ,,United States
Melissa J. Lawrence,,O'ahu,Hawai'i,,,,https://healthy.kaiserpermanente.org/hawaii/provider/melissa-lawrence-9327400,Patient submitted ,,United States
Carrie Giordano,,Wailuku,Hawai'i,,,,https://www.mauimedical.com/?page_id=6240,,,United States
Kristin Redenbaugh,,Wailuku,Hawai'i,,,,https://healthy.kaiserpermanente.org/hawaii/provider/kristin-redenbaugh-9786987,,,United States
Tiffinie Mercado,,Wailuku,Hawai'i,,,,https://healthy.kaiserpermanente.org/hawaii/provider/tiffinie-mercado-5533723,,,United States
Heidi Purcell,,Kaua'i,Hawai'i,,,,https://kauai.hhsc.org/physicians-and-providers/heidi-purcell-md/,Patient submitted,,United States
Katrina Lliteras,,Boise,Idaho,ID,,,https://www.stlukesonline.org/health-services/providers/lliteras-katrina,Patient submitted,,United States
Monika Fealko,,Boise,Idaho,ID,,,,,,United States
Holly M. Kawano,,Boise,Idaho,ID,,,https://www.stlukesonline.org/health-services/providers/stevens-holly,,,United States
Kevin Schultz,,Coeur D'alene,Idaho,ID,,,,Patient submitted ,,United States
Shelby Apodaca,,Coeur D'alene,Idaho,ID,,,https://www.kh.org/provider/shelby-apodaca/,,,United States
Christopher Allphin,,Idaho Falls,Idaho,ID,,,https://eirmc.com/physicians/profile/Dr-Christopher-Allphin-MD,,,United States
Glenn Leavitt,,Idaho Falls,Idaho,ID,,,,Patient submitted ,,United States
Jacob Venesky,,Idaho Falls,Idaho,ID,,,https://eirmc.com/physicians/profile/Dr-Jacob-P-Venesky-MD,,,United States
Jeremy Whiting,,Idaho Falls,Idaho,ID,,,https://monarch-healthcare.net/our-providers/,,,United States
Stuart Ross,,Meridian,Idaho,ID,,,https://ogaidaho.com/providers/ross-stuart-md/,Patient submitted,,United States
Becky Uranga,,Meridian,Idaho,ID,,,https://ogaidaho.com/providers/about-dr-becky-uranga/,Patient submitted ,LGBTQ+ friendly,United States
Anew M. Bergloff Ii,,Meridian,Idaho,ID,,,https://www.stlukesonline.org/health-services/providers/bergloff-andrew,Patient submitted,,United States
Meghan Shutte,,Moscow,Idaho,ID,,,https://www.gritman.org/doctors/meghan-shutte-md/,Patient submitted,,United States
Michael Charme,,Mountain Home,Idaho,ID,,,https://www.stlukesonline.org/health-services/providers/charme-michael,Patient submitted,,United States
Gary Gregerson,,Nampa,Idaho,ID,,,http://idahoadvancedspecialtycare.com/,Patient submitted,,United States
Laura Young,,Post Falls,Idaho,ID,,,https://northwestspecialtyhospital.com/provider/young-laura-md/,Patient submitted,LGBTQ+ friendly,United States
Adam Duke,,Post Falls,Idaho,ID,,,https://northwestspecialtyhospital.com/providers/,Patient submitted,,United States
Amelia Huntsberger,,Sandpoint,Idaho,ID,,,,,**No longer in Idaho,United States
Jasmine A. Munoz,,"Des Plaines, Elk Grove Village",Illinios,,,,https://www.adventhealth.com/find-doctor/doctor/jasmine-a-munoz-md-1942543665,,,United States
Tim C. Kisabeth,,Alton,Illinois,IL,,,,Patient submitted ,,United States
Geoffrey Turner,,Alton,Illinois,IL,,,https://www.sihf.org/provider/54-geoffrey-turner,Patient submitted ,,United States
Jennifer Moreira,,Barrington,Illinois,IL,,,https://www.thriveob.com/provider/jennifer-moreira-md-facog,Patient submitted ,,United States
Steven Binette,,"Batavia, Bloomingdale, Naperville",Illinois,IL,,,https://www.dulyhealthandcare.com/physicians/steven-binette-md,Patient submitted,,United States
Rachel Dalton,,Bloomington,Illinois,IL,,,https://hoiobgyn.com/our-practice/meet-our-team/profile/rachel-dalton-d-o,Patient submitted,,United States
Annie Schufreider,,Buffalo Grove & Skokie,Illinois,IL,,,https://mcwhc.com/providers/dr-annie-schufreider-obgyn/,Patient submitted ,,United States
Alyssa Crawford,,Canton,Illinois,IL,,,https://www.grahamhealthsystem.org/graham-medical-group/providers/alyssa-crawford,Patient submitted,,United States
Donald Bishop,,Carbondale,Illinois,IL,,,https://www.usaobgyn.com/providers/don-bishop-md/,Patient submitted,,United States
Sherry Jones,,Carbondale,Illinois,IL,,,https://www.shawneehealth.com/staff/dr-sherry-jones-md/,Patient submitted,,United States
Morgan Torrez,,Carbondale,Illinois,IL,,,https://www.sih.net/providers/morgan-torrez-do,Patient submitted ,,United States
Michael Smith,,Champaign,Illinois,IL,,,https://www.christieclinic.com/providers/464/Michael-Smith-MD/provider/,Patient submitted,,United States
Michael Smith,,Champaign,Illinois,IL,,,https://www.christieclinic.com/providers/464/Michael-Smith-MD/provider/,Patient submitted,,United States
Kelsey Mckillip,,Champaign-urbana,Illinois,IL,,,,,,United States
Aienne Adams,,Chicago,Illinois,IL,,,,,,United States
Brady Reis,,Chicago,Illinois,IL,,,https://care.advocatehealth.com/doctors/brady-j-reis-chicago-obstetrics-gynecology,Patient submitted ,,United States
Caroline Hoke,,Chicago,Illinois,IL,,,,,Has help for low-income,United States
Erin Agins,,Chicago,Illinois,IL,,,,,,United States
Kelsey Behan,,Chicago,Illinois,IL,,,,,,United States
Leah Delfinado,,Chicago,Illinois,IL,,,,Patient submitted ,,United States
Liesl Chi,,Chicago,Illinois,IL,,,,,,United States
Margaret L’heureux,,Chicago,Illinois,IL,,,,,,United States
Michael Roche,,Chicago,Illinois,IL,,,,,,United States
Nichole Butler Moo-young,,Chicago,Illinois,IL,,,,Patient submitted ,,United States
Regina Belmonte,,Chicago,Illinois,IL,,,https://www.nm.org/doctors/1104913458/regina-l-belmonte-md,Patient submitted,LGBTQ+ friendly,United States
Sarah Lambeth,,Chicago,Illinois,IL,,,,,Has resources for low income/uninsured,United States
Shelly Agarwal,,Chicago,Illinois,IL,,,,,,United States
Silvia Bicalho,,Chicago,Illinois,IL,,,https://care.advocatehealth.com/doctors/silvia-bicalho-chicago-obstetrics-gynecology,Patient submitted,,United States
Tamara Perry,,Chicago,Illinois,IL,,,https://awhchicago.com/about/,,,United States
Weronika Armstrong,,Chicago,Illinois,IL,,,,,,United States
Katrina Birch,,Chicago,Illinois,IL,,,https://doctors.rush.edu/details/19294,Patient submitted,,United States
Michelle Beck,,Chicago,Illinois,IL,,,https://swedishcovenant.org/details/michelle-lynn-beck-md,Patient submitted,,United States
Maria T. Tam,,Chicago,Illinois,IL,,,https://care.advocatehealth.com/doctors/maria-t-tam-chicago-gynecology,Patient submitted,"LGBTQ+ friendly, accepts Medicaid ",United States
Julianne Z. Morton,,Chicago,Illinois,IL,,,https://www.northwesternobgyn.com/morton-md.html,Patient submitted,,United States
Rachel Neal,,Chicago,Illinois,IL,,,https://swedishcovenant.org/details/rachel-neal-m.d,,,United States
Gelila K. Goba,,Chicago,Illinois,IL,,,https://hospital.uillinois.edu/find-a-doctor/gelila-goba,Patient submitted ,accepts Medicaid ,United States
Katrina Birch,,Chicago,Illinois,IL,,,https://doctors.rush.edu/details/19294,,,United States
Lindsey Eastman,,Chicago,Illinois,IL,,,https://www.uchicagomedicine.org/find-a-physician/physician/lindsey-eastman,,LGBTQ+ friendly ,United States
Nicole D. Edison,,Chicago,Illinois,IL,,,https://www.uchicagomedicine.org/find-a-physician/physician/nicole-d-edison,,LGBTQ+ friendly ,United States
Summer Bailey,,Chicago,Illinois,IL,,,https://vnahealth.com/provider/summer-bailey/,,,United States
Anew Fisher,,Chicago,Illinois,IL,,,https://www.uchicagomedicine.org/find-a-physician/physician/andrew-fisher,Patient submitted,LGBTQ+ friendly ,United States
Iris Romero,,Chicago,Illinois,IL,,,https://www.uchicagomedicine.org/find-a-physician/physician/iris-romero,Patient submitted,LGBTQ+ friendly ,United States
Stacy Brown,,Chicago,Illinois,IL,,,https://swedishcovenant.org/details/stacy-brown-m.d,Patient submitted,,United States
Kathleen Cronin,,Chicago,Illinois,IL,,,https://loopobgyn.com/providers/kathleen-cronin-md,,LGBTQ+ friendly ,United States
Alexana Rubin,,Chicago,Illinois,IL,,,https://www.nm.org/doctors/1801411822/alexandra-rubin-md,Patient submitted,,United States
Alexis Dunning,,Chicago,Illinois,IL,,,https://chicagoobgyn.com/our-providers/alexis-dunning-md/,,,United States
Michael Solotke,,Chicago,Illinois,IL,,,https://nogconsultants.com/dr-michael-solotke/,,,United States
Maryam Minhaj Siddiqui,,Chicago,Illinois,IL,,,https://www.uchicagomedicine.org/find-a-physician/physician/maryam-siddiqui,,,United States
Sofia Buenaventura,,Chicago,Illinois,IL,,,https://www.uchicagomedicine.org/find-a-physician/physician/sofia-buenaventura,,,United States
Caroline Kuhn,,Chicago,Illinois,IL,,,https://doctors.rush.edu/details/21446,,,United States
Hemlata Meena,,Cicero,Illinois,IL,,,https://www.achn.net/find-a-doctor/doctors/hemlata-meena-m.d/,Patient submitted,,United States
Heather E. Beall,,Crystal Lake,Illinois,IL,,,https://greaterfamilyhealth.org/our-team/heather-beall/,Patient submitted,,United States
Christa M. Edwards,,Crystal Lake,Illinois,IL,,,https://www.nm.org/doctors/1194286161/christa-madline-koeller-md,,,United States
Jennifer Hannan,,Downers Grove,Illinois,IL,,,https://care.advocatehealth.com/doctors/jennifer-l-hannan-downers-grove-obstetrics-gynecology,,,United States
Elizabeth Friedman,,Downers Grove,Illinois,IL,,,,,,United States
Jessica Flynn,,Elgin,Illinois,IL,,,,Patient submitted ,,United States
Jessica Ocampo,,Elmhurst,Illinois,IL,,,https://www.eehealth.org/find-a-doctor/o/ocampo-jessica/,,"LGBTQ+ & Transgender friendly, proficient in Spanish",United States
Marina Dubovis,,Elmhurst & Oak Park,Illinois,IL,,,https://www.eehealth.org/find-a-doctor/d/dubovis-marina/,,,United States
Ruth Dubyel,,"Elmhurst, Oak Park",Illinois,IL,,,https://www.eehealth.org/find-a-doctor/d/dubyel-ruth/,Patient submitted,,United States
Jacqueline Nichols,,Evanston,Illinois,IL,,,https://mcwhc.com/providers/jacqueline-nichols-md/,,,United States
Stephanie Heraty,,Evanston,Illinois,IL,,,https://mcwhc.com/providers/dr-stephanie-heraty-obgyn/,,,United States
Kathleen Slugocki,,Evergreen Park,Illinois,IL,,,https://www.whcillinois.com/kathleen-slugocki,,,United States
Marianne C. Krupka,,Huntley,Illinois,IL,,,https://www.nm.org/doctors/1215382999/marianne-krupka-do,,,United States
Jeffrey Olejnik,,Jacksonville,Illinois,IL,,,https://www.siumed.org/jeffrey-olejnik,,,United States
Maja (rannveig) Middleton,,Libertyville,Illinois,IL,,,,,,United States
Morgan E. Miller,,Maryville,Illinois,IL,,,https://andersonhospital.org/find-a-provider/morgan-miller/,,,United States
Rick Miller,,Mattoon,Illinois,IL,,,https://www.sarahbush.org/physicians/profile/54/rick-miller-do/,Patient submitted ,,United States
Sara Ghevariya,,Mokena / Oak Lawn,Illinois,IL,,,https://care.advocatehealth.com/doctors/sara-ghevariya-mokena-obstetrics-gynecology,,,United States
Justin Hinzman,,Moline,Illinois,IL,,,https://www.medical-arts.com/justin-hinzman-md,Patient submitted ,,United States
David Asbery,,Mt. Vernon,Illinois,IL,,,https://www.asberyandassociates.com/about-us/,Patient submitted,,United States
Jo Ann Dudley,,Mt. Vernon,Illinois,IL,,,https://www.asberyandassociates.com/about-us/,Patient submitted,,United States
Kimberly Delapp,,Naperville,Illinois,IL,,,https://www.eehealth.org/find-a-doctor/d/delapp-kimberly/,,,United States
Maliha Sayla,,Naperville,Illinois,IL,,,https://www.dulyhealthandcare.com/physicians/maliha-sayla-md,,,United States
Melissa Deer Pelletier,,Naperville,Illinois,IL,,,https://www.nm.org/doctors/1104231620/melissa-may-deer-pelletier-do,,,United States
Sivani Aluru,,Naperville,Illinois,IL,,,https://www.eehealth.org/find-a-doctor/a/aluru-sivani/,,LGBTQ+ friendly ,United States
Nicole Gress,,New Lenox,Illinois,IL,,,https://doctors.silvercross.org/provider/Nicole+Gress/2120314,,,United States
Shelley Agarwal,,New Lenox,Illinois,IL,,,,Patient submitted ,,United States
Mariam Diskina,,Oak Lawn,Illinois,IL,,,,,,United States
Antoinette Kitch,,Oak Lawn,Illinois,IL,,,https://care.advocatehealth.com/doctors/antoinette-kitch-oak-lawn-obstetrics-gynecology,,,United States
Rise Hatten,,Olney,Illinois,IL,,,https://www.sihf.org/provider/108-rise-hatten,Patient submitted,,United States
Xochitl L. Garcia,,Peoria,Illinois,IL,,,https://www.springfieldclinic.com/our-providers/xochitl-garcia,,,United States
Clark Andelin,,Quincy,Illinois,IL,,,https://www.blessinghealth.org/doctors/clark-andelin-md-mph,Patient submitted,,United States
Clark Andelin,,Quincy,Illinois,IL,,,https://www.blessinghealth.org/doctors/clark-andelin-md-mph?utm_source=extnet&utm_medium=yext,Patient submitted,,United States
Danielle Ikoma,,Rockford,Illinois,IL,,,https://www.uwhealth.org/providers/danielle-ikoma-md,Patient submitted,,United States
Jordan Berg,,Rockford,Illinois,IL,,,https://www.uwhealth.org/providers/jordan-berg-md,Patient submitted,,United States
Oleysa Brandis,,Rockford,Illinois,IL,,,https://www.uwhealth.org/providers/olesya-brandis-md,Patient submitted ,,United States
Gregory Granzeier,,Roscoe,Illinois,IL,,,,Patient submitted ,,United States
Emily Boyd,,Shiloh,Illinois,IL,,,https://doctors.bjc.org/wlp2/doctors/info/BLP0002L/Emily-B-Boyd-MD,,,United States
Kate Renner,,Shiloh,Illinois,IL,,,https://doctors.bjc.org/wlp2/doctors/info/ANP0000M/Kathryn-C.-Renner-MD,,,United States
Bertram E. Ury,,Shiloh,Illinois,IL,,,https://www.bjcmedicalgroup.org/Find-a-Location/Obstetrics-Gynecology-at-Shiloh,Patient submitted ,,United States
Katy E. Gray,,Shiloh,Illinois,IL,,,https://www.healthgrades.com/physician/dr-katy-gray-y9r6wsz,,,United States
Cheryl Axelrod,,Skokie,Illinois,IL,,,,,,United States
Natalie Roche,,St. Charles,Illinois,IL,,,,Patient submitted ,,United States
Elsa Whitmore,,Urbana,Illinois,IL,,,https://carle.org/find-a-doctor/2628,Patient submitted,,United States
Catherine Keller,,Urbana,Illinois,IL,,,https://carle.org/find-a-doctor/4813,,,United States
Kelsey Mckillip,,Urbana,Illinois,IL,,,https://carle.org/find-a-doctor/4820,,,United States
Dana Morrison,,Urbana,Illinois,IL,,,https://carle.org/find-a-doctor/1639,,,United States
Carla Carpenter,,Willowbrook,Illinois,IL,,,http://www.wswomenshealth.com/,,,United States
Lindsey Malone,,Willowbrook,Illinois,IL,,,https://www.wswomenshealth.com/malone.php,,,United States
Lindsey Malone,,Willowbrook,Illinois,IL,,,https://wswomenshealth.com/malone.php,,,United States
Sophia Roiguez,,Willowbrook,Illinois,IL,,,https://wswomenshealth.com/rodriguez.php,,,United States
Dana Elborno,,Winfield,Illinois,IL,,,,,,United States
Kimberley Meinema,,Allen County,Indiana,IN,,,,Patient submitted ,,United States
Todd Rumsey,,Angola,Indiana,IN,,,,Patient submitted ,,United States
Jessica Healey,,Avon,Indiana,IN,,,https://iuhealth.org/find-providers/provider/jessica-m-healey-md-1257134,,,United States
Krystal Reynolds,,Avon,Indiana,IN,,,,,,United States
Wendy Corning,,Bloomington,Indiana,IN,,,https://wendycorningmd.com/,Patient submitted,,United States
Austin Finklea,,Bluffton,Indiana,IN,,,https://www.lutheranhealthphysicians.com/doctors-providers/finklea-austin-do-8161,Patient submitted,,United States
Sana Brown,,Bremen,Indiana,IN,,,,Patient submitted ,,United States
Amy Moon,,Carmel,Indiana,IN,,,https://newmoondoc.com/,,,United States
Bryrony Homan,,Carmel,Indiana,IN,,,,,,United States
Gail Brown,,Carmel,Indiana,IN,,,https://fad.ecommunity.com/provider/Gail+Denise+Brown/186198,Patient submitted,,United States
Rani Ramaswamy,,Carmel,Indiana,IN,,,https://iuhealth.org/find-providers/provider/rani-s-ramaswamy-md-1508625,,,United States
Carly Mecker,,Carmel,Indiana,IN,,,https://axiawh.com/providers/mecker-caroline/,,,United States
Cassana N. Kelly,,Carmel,Indiana,IN,,,https://iuhealth.org/find-providers/provider/cassandra-n-kelly-md-2868099,,"LGBTQIA+ & Transgender affirming, will perform gender affirming hysterectomies as well ",United States
Mary I. Pease,,Carmel,Indiana,IN,,,https://iuhealth.org/find-providers/provider/mary-i-pease-md-8650?utm_source=Listings&utm_medium=Yext&y_source=1_MTE5NDExMDktNDgzLWxvY2F0aW9uLndlYnNpdGU%3D,Patient submitted,,United States
Courtney A. Browne,,Carmel,Indiana,IN,,,https://iuhealth.org/find-providers/provider/courtney-a-browne-md-5131,Patient submitted,,United States
Micah T. Mathai,,Carmel & Fishers,Indiana,IN,,,https://iuhealth.org/find-providers/provider/micah-t-mathai-md-3390841?utm_source=Listings&utm_medium=Yext&y_source=1_MTAzODM3NTEzNS00ODMtbG9jYXRpb24ud2Vic2l0ZQ%3D%3D,,,United States
Kimberly Hess,,Chesterton,Indiana,IN,,,https://northshorehealth.org/doctor/dr-kimberly-hess-md/,Patient submitted,,United States
Arun Jain,,Crawfordsville,Indiana,IN,,,https://www.jaingyn.com/,Patient submitted,,United States
Zachary Dobbin,,Crown Point,Indiana,IN,,,https://www.comhs.org/find-a-doctor/d/dobbin-zachary,,,United States
Niloufar Ahmad,,Danville,Indiana,IN,,,https://www.hendricks.org/Physicians/Details.aspx?sid=1&physician=535,,,United States
John Reid,,Evansville,Indiana,IN,,,,Patient submitted ,,United States
Rupal S. Juran,,Evansville,Indiana,IN,,,https://222d319bdd.nxcli.net/rupal-juran-obgyn/,Patient submitted ,,United States
Cady Linn,,Fishers,Indiana,IN,,,https://fad.ecommunity.com/provider/Cady+L.+Linn/185955,,,United States
Elizabeth Nowacki,,Fishers,Indiana,IN,,,https://healthcare.ascension.org/doctors/1598931149/elizabeth-anne-nowacki-fishers-in,Patient submitted,,United States
Emelia Winston,,Fort Wayne,Indiana,IN,,,,,,United States
Isaac Thimmesch,,Fort Wayne,Indiana,IN,,,,Patient submitted ,,United States
Ryan Arnold,,Fort Wayne,Indiana,IN,,,https://www.heradvantage.com/provider/ryan-arnold/,,,United States
Stephanie Sublett,,Fort Wayne,Indiana,IN,,,,,,United States
Tracy L. Bellavance,,Fort Wayne,Indiana,IN,,,https://www.heradvantage.com/provider/tracy-bellavance/,,,United States
Josh Leichty,,Fort Wayne,Indiana,IN,,,https://www.parkview.com/find-a-provider/details/3396/joshua-leichty,,,United States
Carina Zahdeh,,Fort Wayne,Indiana,IN,,,https://www.parkview.com/find-a-provider/details/3648/carina-zahdeh,Patient submitted,,United States
Aianna Darwish,,Fort Wayne,Indiana,IN,,,https://www.heradvantage.com/provider/adrianna-darwish/,,,United States
Lucia Fouts Grubbs,,Fort Wayne,Indiana,IN,,,https://www.heradvantage.com/provider/lucia-fouts/,,,United States
Abbie Mincks,,Fort Wayne,Indiana,IN,,,https://www.heradvantage.com/provider/abbie-mincks/,,,United States
Emily Cline,,Franklin,Indiana,IN,,,https://www.johnsonmemorial.org/emily-d-cline-md,Patient submitted,,United States
Heather Anews,,Franklin,Indiana,IN,,,https://www.johnsonmemorial.org/heather-l-andrews-md,,,United States
Emily D. Cline,,Franklin,Indiana,IN,,,https://www.johnsonmemorial.org/emily-d-cline-md,Patient submitted ,,United States
Emily D. Cline,,Franklin,Indiana,IN,,,https://www.johnsonmemorial.org/emily-d-cline-md,Patient submitted,,United States
Gregory Todd,,Goshen,Indiana,IN,,,https://fairhavenobgyn.org/staff.php?a=physicians,Patient submitted,,United States
Taylor Hahn,,Indianapolis,Indiana,IN,,,,,,United States
Alissa Conklin,,Indianapolis,Indiana,IN,,,https://iuhealth.org/find-providers/provider/alissa-m-conklin-md-1427138,Patient submitted ,,United States
Brandy Hughes,,Indianapolis,Indiana,IN,,,https://axiawh.com/providers/hughes-brandy/,Patient submitted,,United States
Edmund Gomez,,Indianapolis,Indiana,IN,,,https://iuhealth.org/find-providers/provider/edmund-gomez-md-6330,Patient submitted,,United States
Gail Brown,,Indianapolis,Indiana,IN,,,,Patient submitted,,United States
Heather Lynnette Benson,,Indianapolis,Indiana,IN,,,https://fad.ecommunity.com/provider/Heather+Lynette+Benson/1602370,Patient submitted,,United States
Jamie Boyce,,Indianapolis,Indiana,IN,,,https://axiawh.com/providers/boyce-jamie/,Patient submitted,,United States
Jessica Martin,,Indianapolis,Indiana,IN,,,https://fad.ecommunity.com/provider/Jessica+Marie+Martin/237808,Patient submitted,,United States
Jill Wilson,,Indianapolis,Indiana,IN,,,https://fad.ecommunity.com/provider/Jill+Ann+Wilson/186059,Patient submitted,,United States
Sarah Crane,,Indianapolis,Indiana,IN,,,,Patient submitted ,,United States
Sonja Voelkel,,Indianapolis,Indiana,IN,,,https://fad.ecommunity.com/provider/Sonja+T.+Voelkel/186007,,,United States
Brittany Johnson,,Indianapolis,Indiana,IN,,,https://axiawh.com/providers/johnson-brittany/,Patient submitted,,United States
Kelly M. Kasper,,Indianapolis,Indiana,IN,,,https://iuhealth.org/find-providers/provider/kelly-m-kasper-md-7166?utm_source=Listings&utm_medium=Yext&y_source=1_MTE5NDE0NTItNDgzLWxvY2F0aW9uLndlYnNpdGU%3D,Patient submitted ,,United States
Karen L. Gallagher,,Indianapolis,Indiana,IN,,,https://iuhealth.org/find-providers/provider/karen-l-gallagher-md-6212?utm_source=Listings&utm_medium=Yext&y_source=1_MTAyNjE4NzY3NS00ODMtbG9jYXRpb24ud2Vic2l0ZQ%3D%3D,Patient submitted,,United States
Anthony L. Sanders,,Indianapolis,Indiana,IN,,,https://fad.ecommunity.com/provider/anthony-l-sanders/185882,Patient submitted,,United States
Edmund Gomez,,Indianapolis,Indiana,IN,,,https://iuhealth.org/find-providers/provider/edmund-gomez-md-6330?utm_source=Listings&utm_medium=Yext&y_source=1_MTE5NDA5MzMtNDgzLWxvY2F0aW9uLndlYnNpdGU%3D,Patient submitted,,United States
Caitlin Bernard,,Indianapolis,Indiana,IN,,,https://iuhealth.org/find-providers/provider/caitlin-bernard-md-4893,Patient submitted ,"Clinical interests are contraception, abortion & miscarriage care",United States
Danielle E. Beaver,,Indianapolis,Indiana,IN,,,https://iuhealth.org/find-providers/provider/danielle-e-beaver-do-723626,Patient submitted,,United States
Megan A. Stemple,,Indianapolis,Indiana,IN,,,https://fad.ecommunity.com/provider/megan-alese-stemple/2969613,Patient submitted ,Accepts Medicaid ,United States
Donna Tisch,MD,Indianapolis,Indiana,IN,,,,,,United States
Melissa Holt,,Indianapolis,Indiana,IN,,,,,,United States
Katherine V. Shannon,,Jeffersonville,Indiana,IN,,,https://health.usnews.com/doctors/katherine-shannon-1223024,Patient submitted ,,United States
Karen Regan,,Lafayette,Indiana,IN,,,,Patient submitted ,,United States
Mariam Eid,,Lafayette,Indiana,IN,,,,Patient submitted ,,United States
Debra Madura,,Lafayette,Indiana,IN,,,https://iuhealth.org/find-providers/provider/debra-j-madura-md-7831?utm_source=Listings&utm_medium=Yext&y_source=1_MTE2NzIwODgtNDgzLWxvY2F0aW9uLndlYnNpdGU%3D,Patient submitted,,United States
Brianna L. Leachman-haab,,Lafayette,Indiana,IN,,,https://iuhealth.org/find-providers/provider/brianna-l-leachman-haab-md-7600,Patient submitted,,United States
Alisha Y. Rockette,,Lafayette,Indiana,IN,,,https://iuhealth.org/find-providers/provider/alisha-y-rockette-md-137551,Patient submitted,,United States
Ted Winkler,,Lebanon,Indiana,IN,,,,Patient submitted ,,United States
Bridget Kennedy,,Logansport,Indiana,IN,,,,Patient submitted ,,United States
Theresa Myers,,Moscow,Indiana,IN,,,https://moscowpullmanobgyn.com/contact-2/,,"LGBTQ+ friendly, accepts Medicaid",United States
Laura Teick,,Nampa,Indiana,IN,,,https://saltzerhealth.com/provider/laura-tedrick/?gclid=Cj0KCQjwy5maBhDdARIsAMxrkw1mCLEhsE_XOmUb2bceyd_YOikNzbSuUesnoimf8iIjop3Sfxjhq9kaAtWpEALw_wcB,Patient submitted,,United States
Lin Lu,,New Castle,Indiana,IN,,,,Patient submitted ,,United States
Carrye Daum,,Newburgh,Indiana,IN,,,https://whcpc.com/doctors/doctor-daum/,,,United States
Melissa Reisinger,,Newburgh,Indiana,IN,,,https://www.deaconess.com/DocBio/745/Melissa_Reisinger_MD,,,United States
Rupal Juran,,Newburgh,Indiana,IN,,,https://drbasinski.com/rupal-juran-obgyn/,,,United States
Allison R. Melton,,Newburgh,Indiana,IN,,,https://healthcare.ascension.org/find-care/provider/1023062817/allison-melton,Patient submitted,,United States
Ashley Seidner,,Noblesville,Indiana,IN,,,,,,United States
Katie Mchugh,,Noblesville,Indiana,IN,,,,,,United States
Thomas Duncan,,Richmond,Indiana,IN,,,,Patient submitted ,,United States
Jessica Basham,,South Bend,Indiana,IN,,,https://www.southbendclinic.com/physicians/jessica-basham-md-facog-ncmp,Patient submitted,Trans friendly ,United States
Robert Lalouche,,Terre Haute,Indiana,IN,,,https://www.myunionhealth.org/find-a-provider/robert-c-lalouche-md-obstetrics-gynecology,Patient submitted,,United States
Lachanda Dunlap-wright,,Valparaiso,Indiana,IN,,,https://www.comhs.org/find-a-doctor/d/dunlap-wright-lachanda,,,United States
Julie A. Tillman,,Westfield,Indiana,IN,,,https://fad.ecommunity.com/provider/julie-anne-tillman/372179,,,United States
Hilary Gaueau,,Carmel,Indianapolis,,,,https://www.relishhealthmd.com/hilary-gaudreau-md,Patient submitted,,United States
Emily Zoulek,,Ames,Iowa,IA,,,,Patient submitted ,,United States
Emily Zoulek,,Ames,Iowa,IA,,,https://www.mcfarlandclinic.com/doctors/emily-zoulek,Patient submitted,,United States
Ania Barr,,Bettendorf,Iowa,IA,,,,Patient submitted ,,United States
Abbi Madden,,Bettendorf,Iowa,IA,,,https://www.genesishealth.com/ghg/ghg-doctor-profile/maddena/,Patient submitted ,,United States
Clare B. Harney,,Bettendorf,Iowa,IA,,,https://www.genesishealth.com/ghg/ghg-doctor-profile/harneyc/,Patient submitted,,United States
Brett Richman,,Cedar Falls,Iowa,IA,,,https://www.unitypoint.org/providers/Brett-Richman-1168246,Patient submitted,,United States
Debra Piehl,,Cedar Rapids,Iowa,IA,,,https://www.ob-gynassoc.com/provider/debra-j-piehl-md-facog,Patient submitted,,United States
Kristin Orr,,Cedar Rapids,Iowa,IA,,,,,,United States
Brandon E. Bourgeous,,Cedar Rapids,Iowa,IA,,,https://www.cr-obgyn.com/about-us/physicians/dr-bourgeous/,Patient submitted,,United States
Daniel Gabrielson,,Clarion,Iowa,IA,,,https://www.iowaspecialtyhospital.com/doctors/daniel-m-gabrielson,Patient submitted,,United States
Enrique Bedia,,Clive,Iowa,IA,,,,Patient submitted ,,United States
Lori Platt,,Council Bluffs,Iowa,IA,,,,,,United States
Tana Perry,,Council Bluffs,Iowa,IA,,,,,,United States
Kenneth L. Naylor,,Davenport,Iowa,IA,,,https://obgyngroup.com/providers/view/kenneth-l-naylor-md/2,Patient submitted,,United States
Briana R. Barclay,,Davenport,Iowa,IA,,,https://obgyngroup.com/providers/view/briana-r-barclay-md/3,Patient submitted,,United States
Lyndsey J. Day,,Davenport,Iowa,IA,,,https://obgyngroup.com/providers/view/lyndsey-j-day-md/5,Patient submitted,,United States
Jen Steines,,Davenport,Iowa,IA,,,https://obgyngroup.com/providers/view/jen-steines-md/6,Patient submitted,,United States
Ashley Kaiser,,Davenport,Iowa,IA,,,https://obgyngroup.com/providers/view/ashley-kaiser-md/8,Patient submitted,,United States
Shirley Hinshaw,,Davenport,Iowa,IA,,,https://obgyngroup.com/providers/view/shirley-hinshaw-md/20,Patient submitted,,United States
Sherri Schilling,,Decorah,Iowa,IA,,,https://www.gundersenhealth.org/find-a-doctor/profile/sherri-schilling/,Patient submitted,,United States
Elleson A. Schurtz,,Decorah,Iowa,IA,,,https://providers.gundersenhealth.org/provider/Elleson+A.+Schurtz/2092286,Patient submitted,,United States
Alex Dickenson,,Des Moines,Iowa,IA,,,https://doctors.unitypoint.org/provider/Alex+Dickinson/1166019,Patient submitted ,,United States
Erin Lehman,,Des Moines,Iowa,IA,,,https://doctors.unitypoint.org/provider/Erin+Lehman/1165529,Patient submitted,,United States
Jennifer Schuchmann,,Des Moines,Iowa,IA,,,https://www.mercyone.org/provider/jennifer-k-schuchmann-md-obstetrics-and-gynecology,,,United States
Kaaren Olesen,,Des Moines,Iowa,IA,,,https://www.broadlawns.org/about/medical-staff/kaaren-olesen,,,United States
Lindsey Jenkins,,Des Moines,Iowa,IA,,,https://www.mercyone.org/provider/lindsey-jenkins-md-obstetrics-and-gynecology,,,United States
Therese Tran,,Des Moines,Iowa,IA,,,https://www.iowaclinic.com/doctors/therese-tran/,Patient submitted,,United States
Francesca Turner,,Des Moines,Iowa,IA,,,https://www.broadlawns.org/about/medical-staff/francesca-turner,Patient submitted,,United States
Evan Olson,,Des Moines,Iowa,IA,,,https://www.iowaclinic.com/doctors/evan-olson/,Patient submitted,,United States
Enrique R. Bedia,,Des Moines,Iowa,IA,,,https://doctors.unitypoint.org/provider/Enrique+R.+Bedia/1166980,Patient submitted ,,United States
Amy Bingaman,,Des Moines,Iowa,IA,,,https://www.broadlawns.org/about/medical-staff/amy-bingaman,Patient submitted ,,United States
Deborah Lebeau,,Dubuque,Iowa,IA,,,,Patient submitted,,United States
Laura R. Witthoeft,,Dubuque,Iowa,IA,,,,,,United States
Sarah Hirsch,,Dubuque,Iowa,IA,,,,,,United States
Erika O'donnell,,Dubuque,Iowa,IA,,,https://www.mahealthcare.com/find-a-doctor/profile/erika-odonnell/,Patient submitted,,United States
Curtis E. Page,,Dubuque,Iowa,IA,,,https://www.dbqobgyn.com/providers/,Patient submitted,,United States
Cara R. Leppellere,,Dubuque,Iowa,IA,,,https://www.unitypoint.org/providers/Cara-R-Leppellere-1163959,Patient submitted,,United States
James Turek,,Fort Dodge,Iowa,IA,,,https://doctors.unitypoint.org/provider/James+L.+Turek/1164041,Patient submitted,,United States
Abby Sexton,,Fort Dodge,Iowa,IA,,,https://doctors.unitypoint.org/provider/abby-sexton/2603557,,,United States
Elizabeth Tigges,,Grinnell,Iowa,IA,,,https://doctors.unitypoint.org/provider/Elizabeth+Tigges/1591203,,,United States
Abbey Hardy-fairbanks,,Iowa City,Iowa,IA,,,,,,United States
Kelly Ferroni,,Iowa City,Iowa,IA,,,,,,United States
Miriam Murray,,Iowa City,Iowa,IA,,,https://uihc.org/miriam-murray,Patient submitted ,,United States
Joseph J. Ehle,,Muscatine,Iowa,IA,,,https://uihc.org/providers/joseph-ehle,Patient submitted ,,United States
Angela Alich,,Sioux City,Iowa,IA,,,,Patient submitted ,,United States
Elizabeth Baker,,Waterloo,Iowa,IA,,,https://doctors.unitypoint.org/location/unity-point-clinic-ob-gyn-waterloo/LOC0000019489,,,United States
Elizabeth Boggs,,Waterloo,Iowa,IA,,,https://doctors.unitypoint.org/provider/Elizabeth+Boggs/2149566,Patient submitted ,,United States
Elizabeth Boggs,,Waterloo,Iowa,IA,,,,,,United States
Dawne Lowden,,Chanute,Kansas,KS,,,https://www.wilsonmedical.org/staff/bio.php?Dawne_Lowden_MD_OB_GYN&Womens_Health&doc_id=82099,,,United States
Megan Northup,,Emporia,Kansas,KS,,,https://www.stormontvail.org/provider/megan-r-northup-md/,,,United States
Lee Hodny,,Hays,Kansas,KS,,,,Patient submitted ,,United States
Jessica Poteet,,Hutchinson,Kansas,KS,,,,Patient submitted,,United States
Sarah Buchanan,,Hutchinson,Kansas,KS,,,https://www.hutchclinic.com/obgyn,Patient submitted,,United States
Beena Green,,Kansas City,Kansas,KS,,,,,LGBTQ+ friendly ,United States
Emily Martinelli,,Kansas City,Kansas,KS,,,,,,United States
Valerie French,,Kansas City,Kansas,KS,,,,Patient submitted ,,United States
Meredith Gray,,Kansas City,Kansas,KS,,,https://findadoctor.kansashealthsystem.com/provider/Meredith+K+Gray/1220959?utm_source=gmb&utm_medium=web&utm_term=&utm_content=&utm_campaign=kyruus_brandify,Patient submitted,,United States
Rabiya Suleman,,"Kansas City, Overland Park, Lansing",Kansas,KS,,,https://mymidwestphysician.com/physicians/profile/Dr-Rabiya-Suleman-MD,,,United States
All Partners In Her Office Also Available!,,Lawrence,Kansas,KS,,,https://www.lmh.org/get-care/obgyn/gynecological-services/,Patient submitted ,All partners in her office also available,United States
Logan Kracht,,Lawrence,Kansas,KS,,,https://www.lmh.org/providers/profile/logan-kracht/,Patient submitted,,United States
Phillip Moreano,,Lawrence,Kansas,KS,,,https://www.lmh.org/providers/profile/phillip-moreano/,Patient submitted ,,United States
Lynley Holman,,Lawrence,Kansas,KS,,,https://www.lmh.org/providers/profile/lynley-holman/,,,United States
Logan J. Kracht,,Lawrence,Kansas,KS,,,https://www.lmh.org/providers/profile/logan-kracht/,Patient submitted,,United States
Michele A. Bennett,,Lawrence,Kansas,KS,,,https://www.lmh.org/providers/profile/michele-bennett/,,,United States
Mackenzie E. Dikeman,,Manhattan,Kansas,KS,,,https://healthcare.ascension.org/find-care/provider/1053933523/mackenzie-dikeman,,,United States
Abigail Proffer,,Merriam,Kansas,KS,,,https://www.joco-obgyn.com/providers/abigail-proffer-md,,,United States
Amanda Healy,,Merriam,Kansas,KS,,,,Patient submitted ,,United States
Corinna Cooper,,Merriam,Kansas,KS,,,https://www.joco-obgyn.com/providers/corinna-a-cooper-md,,,United States
Jaclyn Piszczek,,Merriam,Kansas,KS,,,"https://www.joco-obgyn.com/providers/jaclyn-piszczek,-md",Patient submitted,,United States
Meghan Vaglio,,Merriam,Kansas,KS,,,https://www.joco-obgyn.com/providers/meghan-vaglio-md,,,United States
Crystal Taylor,,Merriam,Kansas,KS,,,https://wcjcobgyn.com/our-providers/crystal-taylor-md/,Patient submitted,,United States
Cheryl Rips,,Olathe,Kansas,KS,,,https://wcjcobgyn.com/our-providers/cheryl-rips/,Patient submitted,,United States
Kari Farris,,Olathe,Kansas,KS,,,https://www.newwomanobgyn.com/,Patient submitted,,United States
Sara Talken,,Olathe,Kansas,KS,,,https://mymidwestphysician.com/physicians/profile/Dr-Sara-Talken-MD,Patient submitted,,United States
Bret Gordon,,Overland Park,Kansas,KS,,,https://doctors.saintlukeskc.org/provider/Bret+S+Gordon/1458216,Patient submitted,,United States
Laura Parks,,Overland Park,Kansas,KS,,,https://mymidwestphysician.com/physicians/profile/Dr-Laura-Parks-MD,,,United States
Natasha Ahmed,,Overland Park,Kansas,KS,,,https://hcamidwest.com/physicians/profile/Dr-Natasha-Ahmed-MD,,,United States
Sarah Baldassaro,,Overland Park,Kansas,KS,,,https://mymidwestphysician.com/physicians/profile/Dr-Sarah-Baldassaro-MD,,,United States
Susan Ezell,,Overland Park,Kansas,KS,,,,Patient submitted ,,United States
Clare M. Hinchey,,Overland Park,Kansas,KS,,,https://doctors.saintlukeskc.org/provider/clare-m-hinchey/2353033,,,United States
Lisa Amsterdam,,Overland Park,Kansas,KS,,,https://www.rockhillwc.com/lisa-amsterdam-md-facog/,,,United States
Mary E. Brulja,,Overland Park,Kansas,KS,,,https://www.rockhillwc.com/mary-brulja-do/,,,United States
Julia C. Johnson,,Overland Park,Kansas,KS,,,https://www.rockhillwc.com/julia-johnson-md/,,,United States
Emily Martinelli,,Overland Park,Kansas,KS,,,https://www.rockhillwc.com/our-physicians/emily-martinelli-md/,,,United States
Kathleen Thill,,Overland Park,Kansas,KS,,,https://www.rockhillwc.com/kathleen-thill-md-mph/,,,United States
Natasha Ahmed,,Overland Park,Kansas,KS,,,https://www.townplazawomenshealth.com/physicians/natasha-ahmed-md/,Patient submitted,,United States
Carla Pearman,,Overland Park,Kansas,KS,,,https://www.rockhillwc.com/carla-pearman-md-facog/,,,United States
Roseanne Olmstead,,Parsons,Kansas,KS,,,,Patient submitted ,,United States
Michael S. Fenech,,Pittsburg,Kansas,KS,,,https://healthcare.ascension.org/find-care/provider/1588893697/michael-fenech,Patient submitted,,United States
Emily Budden,,Salina,Kansas,KS,,,https://www.srhc.com/physician-directory/obstetrics_gynecology/emily_budden.php,,,United States
Jessica Kieffer,,Topeka,Kansas,KS,,,,,,United States
Marie Rosenberger,,Topeka,Kansas,KS,,,https://kutopeka.com/find-a-provider/results?query=marie+rosenberger+md,,,United States
Alexana Meloccaro,,Wichita,Kansas,KS,,,https://www.awhobgyn.com/alexandra-meloccaro.html,,,United States
Anna Stork-fury,,Wichita,Kansas,KS,,,https://wesleymc.com/physicians/profile/Dr-Anna-F-Stork-Fury-DO,Patient submitted,,United States
Carla Burford,,Wichita,Kansas,KS,,,http://www.collegehillobgyn.com/our-caregivers/,,,United States
James Whiddon,,Wichita,Kansas,KS,,,,Patient submitted ,,United States
Rhea Rogers,,Wichita,Kansas,KS,,,,Patient submitted ,,United States
Jacqueline Beverlin,,Wichita,Kansas,KS,,,https://www.awhobgyn.com/provider/jaquelin-beverlin-md/,,,United States
Hilary Rainbolt,,Wichita,Kansas,KS,,,https://www.awhobgyn.com/provider/hilary-rainbolt-md-facog/,,,United States
Katelyn Twist,,Wichita,Kansas,KS,,,https://www.awhobgyn.com/provider/katelyn-twist-md/,,,United States
Clifford Depew,,Wichita,Kansas,KS,,,https://www.awhobgyn.com/provider/clifford-depew-md-facog/,Patient submitted ,,United States
Nathan Stice,,Bowling Green,Kentucky,KY,,,https://www.gravesgilbert.com/physicians/nathan-stice-m-d/,Patient submitted,,United States
Roger Sandelin,,Bowling Green,Kentucky,KY,,,https://www.gravesgilbert.com/physicians/roger-sandelin-m-d/,Patient submitted,,United States
Kim Frazier,,Campbellsville,Kentucky,KY,,,http://www.trhosp.org/,Patient submitted,,United States
Misty Thomopson,,Corbin,Kentucky,KY,,,,Patient submitted ,,United States
Richard Beaven,,Covington,Kentucky,KY,,,https://axiawh.com/providers/beaven-richard/,Patient submitted,,United States
Ashley Blake,,Cynthiana,Kentucky,KY,,,https://www.harrisonmemhosp.com/ashleyblake,,,United States
Erin Tuemler,,Edgewood,Kentucky,KY,,,https://www.stelizabethphysicians.com/providers/bio/erin-tuemler-md,Patient submitted,,United States
Jason Goodman,,Elizabethtown,Kentucky,KY,,,https://providers.baptisthealth.com/provider/Jason+Goodman/2166871,Patient submitted,,United States
Amy Preen,,Elizabethtown,Kentucky,KY,,,https://www.baptisthealth.com/providers/amy-preen-do-obstetrics-and-gynecology,Patient submitted,,United States
Anita L. Weisberger,,Fort Wright,Kentucky,KY,,,https://www.thechristhospital.com/physician-details?Provider=D2V40JSN09,Patient submitted,,United States
Laura S. Van Wyck,,Fort Wright,Kentucky,KY,,,https://www.thechristhospital.com/physician-details?Provider=%230010D2KAU,Patient submitted,,United States
Rebecca F. Mckenick,,Georgetown,Kentucky,KY,,,https://ukhealthcare.uky.edu/doctors/rebecca-mckendrick,,,United States
Sarah O'nan,,Henderson,Kentucky,KY,,,https://www.deaconess.com/DocBio/3239/Sarah_ONan_DO,Patient submitted,,United States
Jonathan L. Abbott,,Hopkinsville,Kentucky,KY,,,https://www.jenniestuarthealth.org/providers/jonathan-abbott-md/,Patient submitted,,United States
Tarek Toubia,,Hopkinsville,Kentucky,KY,,,https://www.jenniestuarthealth.org/providers/tarek-toubia-md-mscr/,Patient submitted,,United States
Jeannie L. Rowe,,Hopkinsville,Kentucky,KY,,,https://www.jenniestuarthealth.org/providers/jeannie-l-rowe-do/,Patient submitted ,,United States
Mark J. Lee,,Leitchfield,Kentucky,KY,,,https://www.owensborohealth.org/find-doctor/basic-profile/mark-lee,Patient submitted ,,United States
Bryan Rone,,Lexington,Kentucky,KY,,,https://ukhealthcare.uky.edu/doctors/bryan-rone,Patient submitted,,United States
Karen Schell,,Lexington,Kentucky,KY,,,https://www.baptisthealth.com/lexington/provider/karen-j-schell-md-obstetrics-gynecology,,,United States
Lauren Beaven,,Lexington,Kentucky,KY,,,https://axiawh.com/providers/beaven-lauren/,Patient submitted,,United States
Mark Hoffman,,Lexington,Kentucky,KY,,,https://ukhealthcare.uky.edu/doctors/mark-hoffman,Patient submitted ,,United States
Lex J. Gardner,,Lexington,Kentucky,KY,,,https://www.baptisthealth.com/providers/lex-j-gardner-md-obstetrics-and-gynecology,,,United States
Rachel M. Saunders,,Lexington,Kentucky,KY,,,https://ukhealthcare.uky.edu/doctors/rachel-saunders,Patient submitted,,United States
Pamela Midboe-penn,,Lexington,Kentucky,KY,,,https://ukhealthcare.uky.edu/doctors/pamela-midboe-penn,Patient submitted ,,United States
Lauren Beaven,,Lexington,Kentucky,KY,,,https://axiawh.com/providers/beaven-lauren/,Patient submitted,,United States
Elizabeth A. Case,,Lexington,Kentucky,KY,,,https://lexingtonclinic.com/doctors/elizabeth-a-case-md,,,United States
Joanna L. Santiesteban,,Lexington,Kentucky,KY,,,https://lexingtonclinic.com/doctors/joanna-l-santiesteban-md,,,United States
Tracey O. Carbajal,,Lexington,Kentucky,KY,,,https://www.baptisthealth.com/providers/tracey-o-carbajal-md-obstetrics-and-gynecology,,,United States
Tracey O Carbajal,,Lexington,Kentucky,KY,,,https://www.baptisthealth.com/providers/tracey-o-carbajal-md-obstetrics-and-gynecology,,,United States
Anna K Fietelson,,Louisville,Kentucky,KY,,,https://providers.nortonhealthcare.com/provider/Anna+K+Feitelson/471406,Patient submitted,,United States
Celia O’brien,,Louisville,Kentucky,KY,,,https://providers.nortonhealthcare.com/provider/Celia+Michelle+Johns+O'Brien/1597775,,,United States
Holly Brown,,Louisville,Kentucky,KY,,,http://www.wfoflou.com/about-us/dr-holly-brown.html,Patient submitted,,United States
Jessica Kline,,Louisville,Kentucky,KY,,,https://uoflhealth.org/provider/jessica-kline/,,,United States
Monica Brown,,Louisville,Kentucky,KY,,,https://providers.nortonhealthcare.com/provider/Monica+Anne+Brown/467610,Patient submitted,,United States
Katie V. Shannon,,Louisville,Kentucky,KY,,,https://wfoflou.com/welcome-katherine-v-shannon-m-d-our-newest-provider/,,,United States
Kristine A. Holthouser,,Louisville,Kentucky,KY,,,https://providers.nortonhealthcare.com/provider/kristine-a-holthouser/474324?utm_source=Yext,Patient submitted,,United States
Caitlin Thomas,,Louisville,Kentucky,KY,,,https://uoflhealth.org/provider/caitlin-thomas/,Patient submitted ,,United States
Kathryn R. Bradley,,Louisville,Kentucky,KY,,,https://providers.nortonhealthcare.com/provider/kathryn-r-bradley/1929356?utm_source=Yext,,,United States
Jennifer Ford,,Louisville & Shelbyville,Kentucky,KY,,,https://www.baptisthealth.com/provider/jennifer-heer-ford-md-obstetrics-gynecology,Patient submitted ,,United States
Matt Price,,Murray,Kentucky,KY,,,https://www.murrayhospital.org/providers/matt-price/,Patient submitted,,United States
Matthew Price,,Murray,Kentucky,KY,,,https://www.murrayhospital.org/find-a-provider/,Patient submitted,,United States
Amber D. Savells,,Paducah,Kentucky,KY,,,https://www.baptisthealth.com/providers/amber-d-savells-md-obstetrics-and-gynecology,Patient submitted ,,United States
Paul A. Walden,,Paducah,Kentucky,KY,,,https://www.baptisthealth.com/providers/paul-a-walden-md-obstetrics-and-gynecology,Patient submitted,,United States
Stewart Blair Tolar,,Paducah,Kentucky,KY,,,https://www.baptisthealth.com/providers/stewart-blair-tolar-md-gynecology,Patient submitted,,United States
Malisa Moss,,Pikeville,Kentucky,KY,,,https://www.pikevillehospital.org/providers/malisa-moss-do/,,,United States
Jessica Branham,,Prestonsburg,Kentucky,KY,,,https://www.arh.org/jessica-branham-d-o/,,,United States
Mary S. Montague,,Richmond,Kentucky,KY,,,https://www.baptisthealth.com/providers/mary-stewart-montague-md-obstetrics-and-gynecology,Patient submitted ,,United States
Alecia Fields,,Somerset,Kentucky,KY,,,https://www.lakecumberlandhospital.com/provider/1396164182/alecia-fields-do,,LGBTQ+ & Trans friendly ,United States
Nathan W. Baker,,Whitesburg,Kentucky,KY,,,https://www.mchcky.com/healthcare-providers,Patient submitted,,United States
Stephen Hall,,Frankfort,Kentucky,KY,,,,Patient submitted ,,United States
Allison Cook,,Lexington,Kentucky,KY,,,,Patient submitted ,,United States
Kara Wells,,Lexington,Kentucky,KY,,,,,,United States
Lindsey Eason,,Lexington,Kentucky,KY,,,https://www.lexingtonclinic.com/services/obsterics-gynecology,,,United States
Sara Petruska,,Louisville,Kentucky,KY,,,,,,United States
Rebecca Todd,,Morehead,Kentucky,KY,,,,Patient submitted ,,United States
Jennifer Fuson,,Nicholasville,Kentucky,KY,,,,Patient submitted ,,United States
Elizabeth Ottman,,Owensboro,Kentucky,KY,,,https://www.owensborohealth.org/find-doctor/basic-profile/elizabeth-ottman,Patient submitted ,,United States
Lian Chen,,Alexandria,Louisiana,LA,,,,,,United States
Patrick L. Tassin,,Alexandria,Louisiana,LA,,,https://alexwc.com/physician/patrick-l-tassin/,Patient submitted ,,United States
Neelima Sukhavasi,,Baton Rouge,Louisiana,LA,,,,,,United States
Sarah Davis,,Baton Rouge,Louisiana,LA,,,,Patient submitted ,,United States
Taylar L. Chiless-mckeithen,,Baton Rouge,Louisiana,LA,,,https://www.brgeneral.org/find-a-provider/taylar-l-childress-mckeithen-md/,Patient submitted,,United States
Jill Berger,,Gretna,Louisiana,LA,,,https://www.ochsner.org/doctors/jill-berger,,,United States
Diana D. Farge,,Kenner,Louisiana,LA,,,https://www.ochsner.org/doctors/diana-farge?utm_source=YextBing&utm_medium=Yext&y_source=1_MTU2NDgwMTktNDgzLWxvY2F0aW9uLndlYnNpdGU%3D,Patient submitted ,,United States
Rachel Bezdek,,La Place,Louisiana,LA,,,,,,United States
Francis J. Cardinale,,Lafayette,Louisiana,LA,,,https://acadianawomens.com/francis-j-cardinale-md/,Patient submitted,,United States
May S. Thomasee,,Lafayette,Louisiana,LA,,,https://doctors.lourdesrmc.com/provider/may-s-thomassee/1337966,Patient submitted,,United States
Michelle R. Stutes,,Lafayette,Louisiana,LA,,,https://doctors.lourdesrmc.com/provider/Michelle+Renee+Stutes/1337504,Patient submitted,,United States
Darryl Elias,,Lafayette,Louisiana,LA,,,https://health.usnews.com/doctors/darryl-elias-397509,Patient submitted ,,United States
Armand Grimshaw,,Lake Charles,Louisiana,LA,,,,Patient submitted ,,United States
Rafiné Moreno-jackson,,Lake Charles,Louisiana,LA,,,https://www.lcmh.com/blog/2022/january/ob-gyn-rafine-moreno-jackson-md-joins-memorial/,,,United States
Elaine Koa,,New Orleans,Louisiana,LA,,,https://www.lcmchealth.org/find-a-provider/elaine-k-kao-md/,Patient submitted,,United States
Kathleen Sullivan,,New Orleans,Louisiana,LA,,,https://www.ochsner.org/doctors/kathleen-sullivan,Patient submitted,,United States
Paul Du Treil,,New Orleans,Louisiana,LA,,,,Patient submitted ,,United States
Paul Du Triel,,New Orleans,Louisiana,LA,,,,Patient submitted ,,United States
Rajiv Gala,,New Orleans,Louisiana,LA,,,https://www.ochsner.org/doctors/rajiv-gala,,,United States
Victoria Mchenry,,New Orleans,Louisiana,LA,,,https://www.ochsner.org/doctors/victoria-mchenry,,,United States
William T. Sargent,,New Orleans,Louisiana,LA,,,https://www.ochsner.org/doctors/william-sargent,Patient submitted,,United States
Amanda Bunton,,Shreveport,Louisiana,LA,,,,,,United States
Sarah Scotto,,Shreveport,Louisiana,LA,,,https://obgyn.highlandclinic.com/provider/sarah-m-scotto-m-d/,Patient submitted,,United States
Rhandi Wise,,Thibodaux,Louisiana,LA,,,https://thibodauxregionalwomensclinic.com/dr-rhandi-wise,,,United States
Michelle R Stutes,,Lafayette,Louisiana,LA,,,https://doctors.lourdesrmc.com/provider/Michelle+Renee+Stutes/1337504,Patient submitted,,United States
Johnathan Wise,,Thibodaux,Louisiana,LA,,,https://thibodauxregionalwomensclinic.com/dr-johnathan-wise,Patient submitted,,United States
Aimee Glidden,,Augusta,Maine,ME,,,https://watervillewomenscare.com/about-us/physicians/aimee-glidden-d-o-mph-facog/,,,United States
Michelle Montgomery,,Augusta,Maine,ME,,,,,,United States
Monica J. Tschirhart,,Augusta,Maine,ME,,,https://www.mainegeneral.org/find-a-doctor/profile/monica-tschirhart/,Patient submitted ,,United States
Morgan R. Abbey,,Augusta,Maine,ME,,,https://www.mainegeneral.org/find-a-doctor/profile/morgan-abbey-md/,Patient submitted ,,United States
Alec Anderson,,Bangor,Maine,ME,,,https://appointments.northernlighthealth.org/provider/Alec+Anderson/1901510,Patient submitted,,United States
Amanda Querry,,Bangor,Maine,ME,,,https://appointments.northernlighthealth.org/provider/amanda-querry/1901463,,,United States
Brian Wall,,Caribou,Maine,ME,,,https://www.carymedicalcenter.org/find-a-provider/,Patient submitted ,,United States
Brian Wall,,Caribou,Maine,ME,,,https://www.carymedicalcenter.org/find-a-provider/,Patient submitted,,United States
Barbara Mercado-stallard,,Ellsworth,Maine,ME,,,https://doctors.northernlighthealth.org/provider/Barbara+Mercado-Stallard/1901533?unified=obgyn&categories=clinical_keywords%2Cspecialties%2Cprovider_name%2Cpractice_group%2Cprimary_care&sort=networks%2Crelevance%2Cavailability_density_best&search_alerts=false&shuffle_seed=d6de77a6-fdcb-45c1-87b1-b87010f7418d&provider_fields=-clinical_keywords&page=3&from=search-list,Patient submitted,,United States
Jennifer A Zeliger,,Farmington,Maine,ME,,,https://www.mainehealth.org/Provider-Directory/Z/Zeliger-Jennifer-A,,,United States
Anne Merrick,,Lewiston,Maine,ME,,,https://www.cmhc.org/provider/anne-merrick/,,,United States
Tasha Duval,,Lewiston,Maine,ME,,,https://providers.cmhc.org/provider/Tasha+M.+Duval/2573141,,,United States
Carolyn P. Plourde,,Norway,Maine,ME,,,https://www.mainehealth.org/providers/carolyn-p-plourde-md,,,United States
Elisabeth Deeran,,Portland,Maine,ME,,,https://www.intermed.com/team/elisabeth-deeran-md/,Patient submitted,,United States
Robin Noble,,Portland,Maine,ME,,,https://www.intermed.com/team/robin-noble-md/,Patient submitted,,United States
Anea L. Pelletier,,Portland,Maine,ME,,,https://www.intermed.com/provider/andrea-pelletier-md-mph,Patient submitted,,United States
Alida Leavitt,,Portland,Maine,ME,,,https://www.intermed.com/provider/alida-leavitt-md,Patient submitted,,United States
Rebecca C. Hunt,,Portland,Maine,ME,,,https://www.mainehealth.org/providers/rebecca-c-hunt-md,Patient submitted ,,United States
Joyce Hebert,,Presque Isle,Maine,ME,,,https://doctors.northernlighthealth.org/provider/joyce-hebert/1902031,Patient submitted,,United States
John S. Pulvino,,Scarborough,Maine,ME,,,https://www.mainehealth.org/providers/john-s-pulvino-md,Patient submitted ,,United States
Barbara D. Slager,,Scarborough,Maine,ME,,,https://www.mainehealth.org/providers/barbara-d-slager-md,Patient submitted,,United States
Stephanye Doucette,,Waterville,Maine,ME,,,https://appointments.northernlighthealth.org/provider/Stephanye+Doucette/1902754,,,United States
Danielle Gagnon,,Waterville,Maine,ME,,,https://doctors.northernlighthealth.org/provider/Danielle+Gagnon/1902715?unified=danielle%20gagnon&categories=clinical_keywords%2Cspecialties%2Cprovider_name%2Cpractice_group%2Cprimary_care&sort=networks%2Crelevance%2Cavailability_density_best&from=search-list,Patient submitted ,,United States
Elizabeth Vienneau,,Annapolis,Maryland,MD,,,https://www.womenobgyn.com/doctors/elizabeth-vienneau-md/,Patient submitted,,United States
Nicolle Bougas,,Annapolis,Maryland,MD,,,https://www.myprivia.com/womenobgyn/providers/dr-nicolle-bougas,,,United States
Jessica Ton,,Annapolis,Maryland,MD,,,https://www.luminishealth.org/en/find-a-provider/jessica-ton?language_content_entity=en,,,United States
Marcus Penn,,Annapolis,Maryland,MD,,,https://www.myprivia.com/chesapeakewomenscare/providers/dr-marcus-penn,Patient submitted,,United States
Jessica Russell,,Annapolis,Maryland,MD,,,https://www.myprivia.com/chesapeakewomenscare/providers/dr-jessica-b-russell,Patient submitted,,United States
Justine Somoza,,Annapolis,Maryland,MD,,,https://www.myprivia.com/chesapeakewomenscare/providers/dr-justine-somoza,Patient submitted,,United States
Lauren M. Knightly,,Annapolis,Maryland,MD,,,https://www.myprivia.com/chesapeakewomenscare/providers/lauren-marie-knightly,Patient submitted,,United States
Elizabeth Ernst-signore,,Baltimore,Maryland,MD,,,https://www.cwcare.net/,,,United States
Hanh Thi-my Tran,,Baltimore,Maryland,MD,,,https://www.medstarhealth.org/doctors/hanh-thi-my-tran-md,Patient submitted,,United States
Jaden Kohn,,Baltimore,Maryland,MD,,,,,,United States
Jessica K. Lee,,Baltimore,Maryland,MD,,,https://www.umms.org/find-a-doctor/profiles/dr-jessica-k-lee-md-1710253307,,,United States
Stephen James Martin,,Baltimore,Maryland,MD,,,https://www.hopkinsmedicine.org/profiles/details/stephen-martin,Patient submitted,,United States
Jennifer Doorey,,Baltimore,Maryland,MD,,,https://profiles.hopkinsmedicine.org/provider/Jennifer+Doorey/2705497,,,United States
Namrata Singhania,,Baltimore,Maryland,MD,,,https://www.medstarhealth.org/,Patient submitted,,United States
Katrina S. Mark,,Baltimore,Maryland,MD,,,https://www.umms.org/find-a-doctor/profiles/dr-katrina-s-mark-md-1508025313,Patient submitted,,United States
Christine M. Helou,,Baltimore,Maryland,MD,,,https://www.gbmc.org/provider/christine-m-helou-md-gynecology,,,United States
Dionne D. Oliver,,Baltimore,Maryland,MD,,,https://www.oliverobgyn.com/,Patient submitted ,,United States
Ophelia Langhorne,,Baltimore,Maryland,MD,,,https://profiles.hopkinsmedicine.org/provider/Ophelia+Langhorne/2708636,Patient submitted,,United States
Ashwini D. Javlekar,,Baltimore,Maryland,MD,,,https://profiles.hopkinsmedicine.org/provider/Ashwini+Dhananjay+Javlekar/2704817,,,United States
Ann Peters,,Baltimore,Maryland,MD,,,https://mdmercy.com/find-a-doctor/ann-peters-md,Patient submitted,,United States
Yuri Prikoupenko,,Bethesda,Maryland,MD,,,https://www.hopkinsmedicine.org/profiles/details/yuri-prikoupenko,Patient submitted,,United States
Shruti Iyer,,Bethesda,Maryland,MD,,,https://www.cwcare.net/providers/shruti-lyer-do/,,,United States
Iralia Georgiou,,"Bethesda, Rockville",Maryland,MD,,,https://cwc-obgyn.com/providers/iralia-georgiou-m-d/,,,United States
Larissa Guran,,Chevy Chase,Maryland,MD,,,,,,United States
Ann Jacob,,Chevy Chase,Maryland,MD,,,https://www.advantiahealth.com/team/ann-jacob-do/,,LGBTQ+ friendly,United States
Margot Watson,,Columbia,Maryland,MD,,,,Patient submitted ,,United States
Karen C. Wang,,Columbia,Maryland,MD,,,https://profiles.hopkinsmedicine.org/provider/Karen+Wang/2706751,Patient submitted ,,United States
Beth H. Jelinek,,Cumberland,Maryland,MD,,,http://providers.upmc.com/,Patient submitted,,United States
Radha Padhy,,Frederick,Maryland,MD,,,https://www.cwcare.net/providers/radha-padhy/,Patient submitted,,United States
Gerrit Schipper,,Frederick,Maryland,MD,,,https://www.cwcare.net/providers/gerrit-schipper/,Patient submitted,,United States
Allison Groff,,Frederick,Maryland,MD,,,https://www.capitalwomenscarefrederickobgyn.com/provider/allison-groff-md-facog,,,United States
Brianna Schumaker-nguyen,,Gaithersburg & Rockville,Maryland,MD,,,https://www.smhobgyn.com/providers/brianna-schumaker-nguyen-do/,,,United States
Adegboyega Adejana,,Glen Burnie,Maryland,MD,,,,Patient submitted ,,United States
Kristina Torrence,,Hagerstown,Maryland,MD,,,https://cwchagerstown.com/about/doctors/,Patient submitted,,United States
Anusha Bhatia,,Hagerstown,Maryland,MD,,,,Patient submitted ,,United States
Anew B. Block,,"Laurel, Rockville & Silver Spring",Maryland,MD,,,https://www.cwcare.net/providers/andrew-b-block/,Patient submitted,,United States
Marisa Checca,,Leonardtown,Maryland,MD,,,https://www.medstarhealth.org/doctors/marisa-checca-md,,,United States
Steven Adashek,,Lutherville Timonium,Maryland,MD,,,https://www.adashekmedicine.com/doctors/dr-steven-adashek/,Patient submitted,,United States
Steven Adashek,,Lutherville Timonium,Maryland,MD,,,https://www.adashekmedicine.com/doctors/dr-steven-adashek/,Patient submitted,,United States
Melinda Afzal,,Odenton,Maryland,MD,,,https://www.hopkinsmedicine.org/profiles/details/melinda-afzal,Patient submitted ,,United States
Aimee Jacobs,,Owings Mills,Maryland,MD,,,,,,United States
James E. Thompson,,Perry Hall,Maryland,MD,,,http://www.medstarhealth.org/doctors/james-e-thompson-md,Patient submitted ,,United States
Hannah Deselms,,Rockville,Maryland,MD,,,https://dmvobgyn.com/provider/hannah-deselms-md,,LGBTQ+ friendly ,United States
Supriya Mishra,,Rockville And Germantown,Maryland,MD,,,https://gwdocs.com/profile/supriya-mishra,,,United States
Arielle F. Garber,,Towson,Maryland,MD,,,https://www.gbmc.org/provider/arielle-fein-garber-md-obstetrics-gynecology,,,United States
Lindsay H. Morrell,,Towson,Maryland,MD,,,https://www.gbmc.org/provider/lindsay-h-morrell-md-obstetrics-gynecology,Patient submitted,,United States
Joan L. Blomquist,,Towson,Maryland,MD,,,https://www.gbmc.org/provider/joan-l-blomquist-md-female-pelvic-med-reconstructive-surg,Patient submitted,accepts Medicaid ,United States
Emilynne Buchanan,,Westminster,Maryland,MD,,,https://www.cwcare.net/providers/emilynne-buchanan/,,,United States
Jessica Ton,,Annapolis,Maryland,MD,,,https://www.luminishealth.org/en/find-a-provider/jessica-ton?language_content_entity=en,,,United States
Lilja Stefansson,,Fulton,Maryland,MD,,,https://cwchowardcounty.com/lilja-stefansson,,,United States
George A. Resta Iii,,Rockville & Silver Spring,Maryland,MD,,,https://www.cwcare.net/providers/george-a-resta-iii/,Patient submitted,,United States
Monique Williams,,Salisbury,Maryland,MD,,,https://www.tidalhealth.org/doctor/monique-williams,Patient submitted,,United States
Dale Weldon,,Boston,Massachusetts,MA,,,https://bfobgyn.com/providers/dale-weldon/,Patient submitted,,United States
Elizabeth Gagliardi,,Boston,Massachusetts,MA,,,https://findadoc.bidmc.org/details/475/elizabeth-gagliardi-obstetrics__gynecology-boston-lexington,,,United States
Maia Sharuk,,Boston,Massachusetts,MA,,,https://findadoc.bidmc.org/details/2174/maia-sharuk-obstetrics__gynecology-boston,Patient submitted,,United States
Amy Grove,,Boston,Massachusetts,MA,,,https://www.newh-obgyn.com/provider/amy-grove-md,,,United States
Louise Perkins King,,Boston,Massachusetts,MA,,,https://physiciandirectory.brighamandwomens.org/details/14177/louise-king-obstetrics_gynecology-boston-foxborough,,,United States
Emily L. Kellogg,,Boston,Massachusetts,MA,,,https://findadoc.bidmc.org/details/4691/emily-kellogg-obstetrics__gynecology-boston-roxbury?FreeText%3aProvider+name=kellogg,,,United States
Ryan A. Zoldowski,,Boston,Massachusetts,MA,,,https://findadoc.bidmc.org/details/6084,,,United States
Germaine Earle-cruickshanks,,Cambridge,Massachusetts,MA,,,https://findadoctor.mountauburnhospital.org/details/171029,Patient submitted,,United States
Zoe Mckee,,Cambridge,Massachusetts,MA,,,,,,United States
Catherine Beatty,,Cambridge,Massachusetts,MA,,,https://www.challiance.org/doctors/profile?n=1511,Patient submitted,LGBTQ+ friendly ,United States
Emily G. Strehle,,Concord,Massachusetts,MA,,,https://afaobgyn.com/dr-emily-g-strehle-do-facog/,,,United States
Erin A. Sienkiewicz,,Concord,Massachusetts,MA,,,https://afaobgyn.com/dr-erin-a-sienkiewicz-md/,,,United States
Dorothea Letner,,Concord,Massachusetts,MA,,,https://afaobgyn.com/dr-dorothea-letner/,,,United States
Erika Wallace,,Danvers,Massachusetts,MA,,,https://physicians.lahey.org/details/4663/erika-wallace-obstetrics__gynecology-danvers,,,United States
Annalise J. Boisvert,,Dartmouth,Massachusetts,MA,,,https://www.southcoast.org/southcoast-health-celebrates-pride-month-meet-dr-annalise-boisvert/,,Trans knowledgable & LGBTQ+ friendly,United States
Margaret Lee,,Fall River,Massachusetts,MA,,,https://www.southcoast.org/doctors/margaret-lee-md/,,,United States
Susanne Matias-gomes,,Fall River,Massachusetts,MA,,,https://www.southcoast.org/doctors/susanne-matias-gomes-do/,,,United States
Alyssa Kratochvil,,Fall River,Massachusetts,MA,,,https://www.southcoast.org/doctors/alyssa-kratochvil-do/,,,United States
Elaine Hulteng,,Franklin,Massachusetts,MA,,,https://www.milfordregional.org/find-a-doctor/find-a-provider-profile/hulteng-elaine/,,"LGBTQ+ friendly, does gender-affirming hysterectomies, accepts Medicaid",United States
Jonathan Grogins,,Gardner,Massachusetts,MA,,,https://www.heywood.org/providers/jonathan-grogins-md-facog,Patient submitted,,United States
Timothy J. Lepore,,Greenfield,Massachusetts,MA,,,https://www.baystatehealth.org/providers/timothy-j-lepore/,Patient submitted,,United States
Joshua M. Lupton,,Hyannis,Massachusetts,MA,,,https://physicians.capecodhealth.org/ma/hyannis/43-lewis-bay-road-lupton.html,Patient submitted ,,United States
Debra Cohn,,Medway,Massachusetts,MA,,,https://www.milfordregionalphysicians.org/doctors/cohn-debra-do,Patient submitted,,United States
Brian M. Clark,,Millbury,Massachusetts,MA,,,https://nermas.com/about-us/,,,United States
Gregory Angell,,New Bedford,Massachusetts,MA,,,https://www.hawthornmed.com/our-providers/angell/,Patient submitted,,United States
Karie L. Devries,,Newton,Massachusetts,MA,,,https://www.nwh.org/find-a-doctor/find-a-doctor-profile/karie-devries-l-md,Patient submitted ,,United States
Kristen Kelly,,Northampton,Massachusetts,MA,,,https://www.cooleydickinson.org/doctors-providers/kristen-kelly-md/,,,United States
Ruth Pryor,,Northampton,Massachusetts,MA,,,https://www.cooleydickinson.org/doctors-providers/ruth-pryor-md/,Patient submitted,,United States
Nandi Chihombori-quao,,Northampton,Massachusetts,MA,,,https://www.cooleydickinson.org/doctors-providers/nandi-chihombori-quao-md/,,,United States
Lauren Slater,,Pittsfield,Massachusetts,MA,,,,,,United States
Linsday Cobden,,Pittsfield,Massachusetts,MA,,,https://www.berkshirehealthsystems.org/provider/lindsay-e-cobden-md-obgyn,Patient submitted,,United States
Samantha Mcvay,,Plymouth,Massachusetts,MA,,,,,,United States
Ruth Levesque,,"Quincy, Weymouth And Pembroke",Massachusetts,MA,,,,,,United States
Kelly Mizraji,,Salem,Massachusetts,MA,,,https://salemdoctors.massgeneralbrigham.org/details/11244/kelly-mizraji-obstetrics_and_gynecology-swampscott,,Also performs gender affirming surgery,United States
Jordan P. Trubiano,,Shrewsbury,Massachusetts,MA,,,https://physicians.umassmemorial.org/details/5268/jordan-trubiano-gynecology-obstetrics_and_gynecology-worcester,Patient submitted,,United States
Mark J. Simonelli,,Southbridge,Massachusetts,MA,,,https://physicians.umassmemorial.org/details/5036/mark-simonelli-gynecology-obstetrics_and_gynecology-southbridge,Patient submitted ,,United States
Donald E. Kirton,,Springfield,Massachusetts,MA,,,https://www.ratemds.com/amp/doctor-ratings/3364076/dr-donald-kirton-springfield-ma.html/,Patient submitted,,United States
Theodoros Kapetanakis,,Waltham,Massachusetts,MA,,,https://findadoctor.mountauburnhospital.org/details/171127,Patient submitted,,United States
Kimberly Marakovits,,Ware,Massachusetts,MA,,,https://providers.baystatehealth.org/provider/Kimberly+A.+Marakovits/785796,Patient submitted,,United States
Katherine M. Callaghan,,Worcester,Massachusetts,MA,,,https://physicians.umassmemorial.org/details/2913/katherine-callaghan-gynecology-obstetrics_and_gynecology-westborough-worcester,Patient submitted ,,United States
Laura A. Ferraro,,Worcester,Massachusetts,MA,,,https://physicians.umassmemorial.org/details/4396/laura-ferraro-general_obstetrics__gynecology-worcester,Patient submitted,,United States
Deborah D. Kelly,,Dartmouth,Massachusetts,MA,,,https://www.hawthornmed.com/physician/deborah-kelly/,Patient submitted,,United States
Jeffrey D. Blake,,Gardner,Massachusetts,MA,,,https://www.heywood.org/providers/jeffrey-d-blake-md,Patient submitted ,,United States
Elizabeth Speed,,Mashpee,Massachusetts,MA,,,https://physicians.capecodhealth.org/ma/falmouth/133-falmouth-road-speed.html,Patient submitted,LGBTQ+ friendly ,United States
Melissa Baer,,Adrian,Michigan,MI,,,https://www.promedica.org/provider/melissa-baer-md-obstetrics?utm_source=bing&utm_medium=organic&utm_campaign=bingplaces,Patient submitted,,United States
Marija J. Grahovac,,Allen Park,Michigan,MI,,,https://providers.corewellhealth.org/provider/marija-j-grahovac/3186867,,,United States
Al V. Lore,,Allen Park,Michigan,MI,,,https://providers.corewellhealth.org/provider/al-v-lore/3188890,,,United States
Shira Fishbach,,Ann Arbor,Michigan,MI,,,https://www.michiganmedicine.org/profile/shira-fishbach-md,,LGBTQ+ friendly ,United States
Rieham Owda,,Ann Arbor,Michigan,MI,,,https://www.uofmhealth.org/profile/1629503537/rieham-owda-md,Patient submitted,,United States
Halley Crissman,,Ann Arbor,Michigan,MI,,,https://www.uofmhealth.org/profile/32943/halley-crissman-md-mph,Patient submitted,Trans friendly ,United States
Rosalyn E. Maben-feaster,,Ann Arbor,Michigan,MI,,,https://www.uofmhealth.org/profile/3868/rosalyn-elizabeth-maben-feaster-md,Patient submitted,"LGBTQ+ friendly, accepts Medicaid",United States
Katherine R. Zurales,,Ann Arbor,Michigan,MI,,,https://www.uofmhealth.org/profile/1992365159/katherine-rose-zurales-md,Patient submitted ,,United States
Hsin Lee,,Ann Arbor,Michigan,MI,,,https://www.umwomenshealth.org/profile/1477048270/hsin-lee-md,Patient submitted,LGBTQ+ friendly ,United States
Erika Mowers,,Ann Arbor,Michigan,MI,,,https://www.trinityhealthmichigan.org/provider/erika-mowers-md-obstetrics-and-gynecology,Patient submitted ,,United States
Vanessa Rondinelli,,Bay City,Michigan,MI,,,https://greatlakesbayhealthcenters.org/womens-care-bay-city/,,,United States
Erica Brockberg,,Birmingham,Michigan,MI,,,https://myobgyn.biz/meet-our-practice,,,United States
Edward Merkel,,Canton,Michigan,MI,,,https://ihacares.com/providers/mi/canton/edward-merkel-md,Patient submitted ,,United States
Samuel K. Yost,,Canton,Michigan,MI,,,https://doctors.beaumont.org/provider/samuel-k-yost/2483899?utm_source=GoogleBusiness&utm_content=Homepage,Patient submitted,,United States
Stephan Olson,,Chesterfield,Michigan,MI,,,https://www.mclaren.org/main/physician-directory/olson-stephen-1788,Patient submitted ,,United States
Lindsay M. Beros,,Chesterfield,Michigan,MI,,,https://www.henryford.com/physician-directory/b/beros-lindsay?utm_campaign=website-link&utm_medium=organic&utm_source=local-listing,,,United States
Taylor Weidman,,Clinton Township,Michigan,MI,,,,Patient submitted ,,United States
Lauren Mellor,,Clinton Township,Michigan,MI,,,https://comprehensivewomanscare.com/providers/lauren-mellor-do,Patient submitted,,United States
Yuliya Malayev,,Commerce,Michigan,MI,,,https://www.metroobgyn.com/doctor/yuliya-malayev-do/,,,United States
Muriel J Espy,,Dearborn,Michigan,MI,,,https://www.henryford.com/physician-directory/e/espy-muriel,Patient submitted,,United States
Thomas J. Klein,,Dearborn,Michigan,MI,,,https://doctors.beaumont.org/provider/Thomas+J+Klein/2296969,Patient submitted,,United States
Amy Marcotte,,Detroit,Michigan,MI,,,,,,United States
David Kmak,,Detroit,Michigan,MI,,,,Patient submitted ,,United States
Leanne Roberts,,Detroit,Michigan,MI,,,https://www.henryford.com/physician-directory/r/roberts-leanne,,"LGBTQ+ friendly, takes Medicaid",United States
Taylor Stanton,,Detroit,Michigan,MI,,,https://www.henryford.com/physician-directory/s/stanton-taylor,,,United States
Lauren Mellor,,Detroit,Michigan,MI,,,https://comprehensivewomanscare.com/providers/lauren-mellor-do,Patient submitted,,United States
George Contos,,Detroit,Michigan,MI,,,https://www.rimrehab.org/find-a-doctor/detail/george-contos-1376075770,,,United States
Ania Berry,,East Lansing,Michigan,MI,,,https://www.sparrow.org/physician/andria-n-berry,,,United States
Nicole Mcgraw,,East Lansing,Michigan,MI,,,https://www.sparrow.org/physician/nicole-l-mcgraw,,,United States
Anea Eisenberg,,Farmington Hills,Michigan,MI,,,https://michiganwomensobgyn.com/,,,United States
Neil Brickman,,Farmington Hills / Troy,Michigan,MI,,,http://michiganwomensobgyn.com/,,,United States
Jehanna Erho,,Fremont,Michigan,MI,,,https://findadoctor.spectrumhealth.org/physician/profile/6300,,,United States
Lindsay Schmiedeknecht,,Fremont,Michigan,MI,,,https://findadoctor.spectrumhealth.org/physician/profile/4213,,,United States
Melissa Bayne,,Fremont,Michigan,MI,,,https://findadoctor.spectrumhealth.org/physician/profile/195,,,United States
Martin Lapa,,Grand Blanc,Michigan,MI,,,https://healthcare.ascension.org/doctors/1639184070/martin-william-lapa-grand-blanc-mi,Patient submitted,,United States
Alisa Wolner,,Grand Blanc,Michigan,MI,,,http://womensspecialtyassociatespc.com/wolner.html,Patient submitted ,,United States
Derek Beyer,,Grand Rapids,Michigan,MI,,,https://www.granditasca.org/providers/BeyerDerek-1265492912,Patient submitted,,United States
Rebecca Vanvalkenburg,,Grand Rapids,Michigan,MI,,,https://findadoctor.spectrumhealth.org/physician/profile/3116,,,United States
Sara Denolf,,Grand Rapids,Michigan,MI,,,https://findadoctor.spectrumhealth.org/physician/profile/691,,,United States
Steven Iown,,Grand Rapids,Michigan,MI,,,,Patient submitted ,,United States
Tami Michele,,Grand Rapids,Michigan,MI,,,,,,United States
Katherine Hansul,,Grand Rapids,Michigan,MI,,,https://uofmhealthwest.org/doctors/katherine-hansul/,Patient submitted,,United States
Susan Vandenbosch,,Grand Rapids,Michigan,MI,,,https://uofmhealthwest.org/doctors/susan-vandenbosch/,Patient submitted,,United States
Suzanne West,,Grand Rapids,Michigan,MI,,,https://findadoctor.spectrumhealth.org/physician/profile/3252,Patient submitted,,United States
Emily R. Malling,,Grand Rapids,Michigan,MI,,,https://providers.corewellhealth.org/provider/emily-r-malling/2780791,Patient submitted,LGBTQ+ friendly ,United States
Ruth Bruce,,"Greenville, Big Rapids, Ionia",Michigan,MI,,,https://findadoctor.spectrumhealth.org/physician/profile/4416,Patient submitted,,United States
Michael Mahoney,,Grosse Pointe,Michigan,MI,,,https://eastsidegynob.com/providers/michael-mahoney-md,Patient submitted ,,United States
Kelin Prokurat,,Hamtramck,Michigan,MI,,,,Patient submitted ,,United States
Kami Palmer,,Holland,Michigan,MI,,,https://www.hollandhospital.org/find-a-doctor/kami-palmer-md,Patient submitted ,LGBTQ+ friendly ,United States
Danielle M. Zageris,,Holland,Michigan,MI,,,https://providers.corewellhealth.org/provider/danielle-m-zageris/2778902,,,United States
Albert D. Penney,,Ironwood,Michigan,MI,,,https://www.aspirus.org/find-a-provider/a-david-penney-md-2471,Patient submitted,,United States
Amber Nash-guilford,,Kalamazoo,Michigan,MI,,,,Patient submitted ,,United States
Siân West,,Kalamazoo,Michigan,MI,,,,,,United States
Wendy Bauer,,Kalamazoo,Michigan,MI,,,https://www.bronsonhealth.com/doctors/wendy-bauer/,,,United States
Zylkia M. Roiguez,,Kalamazoo,Michigan,MI,,,https://www.bronsonhealth.com/doctors/zylkia-rodriguez/,Patient submitted ,,United States
Tempest A. Allen,,Kalamazoo,Michigan,MI,,,https://www.bronsonhealth.com/doctors/tempest-allen/,Patient submitted,,United States
Ginger Conner,,"Lake Orion, Clarkston",Michigan,MI,,,https://doctors.beaumont.org/provider/Ginger+I+Connor/224234,Patient submitted ,,United States
Renee Stevens,,Lansing,Michigan,MI,,,https://www.alliance-obgyn.com/renee-stevens/,,,United States
Ginger Connor,,Lark Orion & Clarkston,Michigan,MI,,,https://www.womensexcellence.com/providers/dr-ginger-connor/,,,United States
Aldo Nunez,,Livonia,Michigan,MI,,,https://dmcmedicalgroup.com/providers/aldo-nunez/,Patient submitted,,United States
Morgan Fujimori,,Livonia,Michigan,MI,,,https://www.trinityhealthmichigan.org/provider/morgan-fujimori-do-obstetrics-and-gynecology,Patient submitted ,,United States
Nicole Dolan,,Macomb,Michigan,MI,,,https://www.henryford.com/physician-directory/d/dolan-nicole,Patient submitted,,United States
Kathryn Young,,Marshall,Michigan,MI,,,https://oaklawnhospital.org/doctors/kathryn-young-m-d-facog/,,,United States
Elvira O'obrien,,Midland,Michigan,MI,,,,Patient submitted ,,United States
Shawna Ruple,,Midland,Michigan,MI,,,https://www.mymichigan.org/doctors/find-a-doctor-basic-profile/ruple-shawna/,,LGBTQ+ friendly,United States
Martin Pakideh,,Monroe,Michigan,MI,,,https://monroeobgyn.com/providers/,Patient submitted,,United States
Michelle Sanders,,Mt. Pleasant,Michigan,MI,,,https://www.mclaren.org/main/physician-directory/sanders-michelle-307,,,United States
Kristen N. Carrilo-kappus,,Mt. Pleasant,Michigan,MI,,,https://www.mclaren.org/main/physician-directory/carrillokappus-kristen-11481,,,United States
Elise Simpson,,Novi,Michigan,MI,,,https://www.uwhmichigan.com/providers/elise-simpson/,Patient submitted,LGBTQ+ friendly ,United States
Cheryl Foucher,,Okemos,Michigan,MI,,,https://www.mclaren.org/main/physician-directory/foucher-cheryl-10555,Patient submitted ,,United States
Jennifer Hoffmann,,Okemos,Michigan,MI,,,https://myconnectedhealth.com/providers/,,LGBTQ+ friendly,United States
Lori Burke,,Okemos,Michigan,MI,,,https://myconnectedhealth.com/providers/,,LGBTQ+ friendly,United States
Stanley Frye,,Owosso,Michigan,MI,,,https://www.memorialhealthcare.org/provider/i-stanley-frye-md/,Patient submitted,,United States
Kathleen Fabian,,Port Huron,Michigan,MI,,,,,"LGBTQ+ friendly, Trans Knowledgeable",United States
Felicia Ouillard,,Port Huron,Michigan,MI,,,https://northpointeobgynpc.com/providers/felicia-drouillard-m-d/,,,United States
Felicia Ouillard,,Port Huron,Michigan,MI,,,https://northpointeobgynpc.com/providers/felicia-drouillard-m-d/,,,United States
Helen Etemadi,,Riverview,Michigan,MI,,,,Patient submitted ,,United States
Emma Gaboury,,Rochester Hills,Michigan,MI,,,https://paintcreekobgyn.com/providers/emma-gaboury-md,,,United States
Deborah Hamby,,Roseville,Michigan,MI,,,,Patient submitted ,,United States
Jackie A. Robinson,,Saginaw,Michigan,MI,,,https://valley-obgyn.com/provider/jackie-a-robinson/,Patient submitted,,United States
Heidi Grabemeyer-layman,,St. Joseph,Michigan,MI,,,https://lakelandcare.com/directory/physician/grabemeyer-layman-heidi,,,United States
Katherine Boyd,,Sterling Heights,Michigan,MI,,,https://kathboyd.com/,Patient submitted,,United States
Stephanie M. Morreale,,Traverse City,Michigan,MI,,,https://providers.munsonhealthcare.org/provider/Stephanie+M.+Morreale/2174364,Patient submitted,,United States
Kristen Scholten,,Traverse City,Michigan,MI,,,https://gtwomensclinic.com/providers/,,,United States
Alissa O'hagan,,Traverse City,Michigan,MI,,,https://gtwomensclinic.com/staff/alissa-ohagan/,Patient submitted ,,United States
Angelique Ellison,,Trenton,Michigan,MI,,,https://doctors.beaumont.org/provider/Angelique+N+Ellison/529102,,,United States
Rebekah Sessoms,,Trenton,Michigan,MI,,,https://doctors.beaumont.org/provider/Rebekah+A+Sessoms/1140758,,,United States
Paige Paladino,,Troy,Michigan,MI,,,https://somersetgynecologyobstetrics.com/providers/paige-paladino-do,Patient submitted,LGBTQ+ friendly ,United States
Steven B Lefkowitz,,Troy,Michigan,MI,,,https://doctors.beaumont.org/provider/Steven+B+Lefkowitz/462324,Patient submitted,,United States
Steven B. Lefkowitz,,Troy,Michigan,MI,,,https://www.somersetgynecologyobstetrics.com/do/SLefkowitz,Patient submitted,,United States
Beata Weiermiller,,Troy,Michigan,MI,,,https://somersetgynecologyobstetrics.com/providers/beata-weiermiller-md,Patient submitted ,,United States
Neil Simmerman,,West Bloomfield,Michigan,MI,,,http://ectory/s/simmerman-neil,Patient submitted,,United States
Rajiv Deenadayalou,,Ypsilanti,Michigan,MI,,,https://ihacares.com/providers/mi/ypsilanti/rajiv-deenadayalu-md?utm_source=googlemybusiness&utm_campaign=Google%20My%20Business&utm_medium=organic,Patient submitted,,United States
Rebecca Jameson,,Detroit,Michigan,MI,,,,,,United States
Katheryn Knudson,,Grand Rapids,Michigan,MI,,,https://findadoctor.spectrumhealth.org/physician/profile/1572,Patient submitted,,United States
Kristen Bottke,,Grand Rapids,Michigan,MI,,,,,,United States
Anea Sterling,,Greenville,Michigan,MI,,,,,,United States
Ellen Bianchi,,Iron Mountain,Michigan,MI,,,,,,United States
Arther Vendola,,Jackson,Michigan,MI,,,,Patient submitted ,,United States
Lindsay Wriston,,Kalamazoo,Michigan,MI,,,,,,United States
Matthew Allswede,,Lansing,Michigan,MI,,,,Patient submitted ,,United States
Dianne Traenkle,,Mount Pleasant,Michigan,MI,,,,Patient submitted ,,United States
Brittany Van Houten,,Mount Pleasant,Michigan,MI,,,,,,United States
Stacey Tremp,,Port Huron,Michigan,MI,,,,Patient submitted ,,United States
Kelly Gumbrecht,,Rochester Hills,Michigan,MI,,,,Patient submitted ,,United States
Elizabeth Cousineau,,Roseville,Michigan,MI,,,,,,United States
Elizabeth Smith,,Royal Oak,Michigan,MI,,,,,,United States
Steven Senica,,Baxter,Minnesota,MN,,,https://www.essentiahealth.org/find-doctor-provider/steven-senica,Patient submitted,,United States
Johnna Nynas,,Bemidji,Minnesota,MN,,,https://www.sanfordhealth.org/doctors/johnna-nynas,,,United States
Abbey Mello,,Bloomington,Minnesota,MN,,,https://www.healthpartners.com/care/find/doctor/99281/,,,United States
Margaret Sweeney,,Bloomington,Minnesota,MN,,,https://www.healthpartners.com/care/find/doctor/98809/,Patient submitted,,United States
Stephanie M. Allen-swanson,,Bloomington,Minnesota,MN,,,https://www.healthpartners.com/care/find/doctor/195103/,,,United States
Michael F. Tiffany,,Bloomington,Minnesota,MN,,,https://www.healthpartners.com/care/find/doctor/90548/,Patient submitted,,United States
Amy M.s. Miller,,Brooklyn Center & Coon Rapids,Minnesota,MN,,,https://www.healthpartners.com/care/find/doctor/67221/,,,United States
Maureen Ayers Looby,,Burnsville,Minnesota,MN,,,,,,United States
Lauren T. Macneill,,Burnsville,Minnesota,MN,,,https://www.healthpartners.com/care/find/doctor/258618/,,,United States
Laura Mayer,,Coon Rapids,Minnesota,MN,,,https://www.healthpartners.com/care/find/doctor/34752/,Patient submitted,,United States
Jennifer Tessmer-tuck,,Crosby And Aitkin,Minnesota,MN,,,,,,United States
Aimee Vanstraaten,,Duluth,Minnesota,MN,,,https://www.slhduluth.com/physician-directory/aimee-vanstraaten-md-facog/,,,United States
Abby Lombardi,,Duluth,Minnesota,MN,,,https://www.slhduluth.com/physician-directory/abby-lombardi-do/,,,United States
Jennifer Boyle,,Duluth,Minnesota,MN,,,https://www.slhduluth.com/physician-directory/jennifer-boyle-md-facog/,,,United States
Gita Byraiah,,Edina,Minnesota,MN,,,,,,United States
Lindsay Darrah,,Edina,Minnesota,MN,,,,,,United States
Sheila Goodman,,Edina,Minnesota,MN,,,https://awhpa.com/our-team/,,,United States
Mary T. Dahling,,Edina,Minnesota,MN,,,https://haugenobgyn.com/our-providers/our-doctors/mary-dahling/,,,United States
Dana Olson,,Edina,Minnesota,MN,,,https://providers.mhealthfairview.org/provider/dana-olson/2240223,,,United States
Paige Persch,,Edina,Minnesota,MN,,,https://diamondobgyn.com/doctors/paige-persch-md/,,,United States
Allie Ellingson,,Edina & Maple Grove,Minnesota,MN,,,https://obgynmn.com/our-team/alexandra-ellingson-2/,,,United States
Amy Ellingson-itzin,,Hutchinson,Minnesota,MN,,,https://www.healthpartners.com/care/find/doctor/81375/,Patient submitted,,United States
Scott W. Johnson,,International Falls,Minnesota,MN,,,https://www.lrhc.org/provider-directory/providers/scott-johnson/,Patient submitted,,United States
Daniel J. Margo,,International Falls,Minnesota,MN,,,https://www.topnpi.com/mn1083727200/dr-daniel-margo/mn-2,Patient submitted,,United States
Ross Heaton,,Lakeville,Minnesota,MN,,,https://account.allinahealth.org/providers/19354,,,United States
Katie Casper,,Mankato,Minnesota,MN,,,https://www.mayoclinichealthsystem.org/providers/katie-casper-md,,,United States
Anna Meyer,,Maple Grove,Minnesota,MN,,,https://www.oakdaleobgyn.com/care_team_member/anna-meyer-m-d/,Patient submitted,,United States
Jacinda Siberio,,"Maple Grove, Crystal",Minnesota,MN,,,https://www.voyagehealthcare.com/jacinda-siberio-md,,,United States
Kathryn Kauffman,,Maple Grove/andover/princeton,Minnesota,MN,,,,,,United States
Cassana Albertin,,Maplewood,Minnesota,MN,,,,,,United States
Rachel Parritz,,Maplewood,Minnesota,MN,,,https://metropartnersobgyn.com/dr-rachel-s-parritz,,,United States
Annette N. Mies,,Maplewood,Minnesota,MN,,,https://mnwcare.com/our-providers/dr-annette-netty-mies,Patient submitted,,United States
Allison West,,Minneapolis,Minnesota,MN,,,https://haugenobgyn.com/our-providers/our-doctors/allison-west/,,,United States
Christy Boraas,,Minneapolis,Minnesota,MN,,,https://med.umn.edu/bio/obgyn-faculty/christy-boraas,Patient submitted,,United States
Elizabeth Elfstrand,,Minneapolis,Minnesota,MN,,,https://haugenobgyn.com/our-providers/our-doctors/elizabeth-elfstrand/,,,United States
Heather Miller,,Minneapolis,Minnesota,MN,,,,,,United States
Hope Frisch,,Minneapolis,Minnesota,MN,,,https://haugenobgyn.com/our-providers/our-doctors/hope-frisch/,,,United States
Jill Miller,,Minneapolis,Minnesota,MN,,,https://account.allinahealth.org/providers/19589,,,United States
Kristen Latta,,Minneapolis,Minnesota,MN,,,https://haugenobgyn.com/our-providers/our-doctors/kristen-latta-d-o/,,,United States
Mary Mahoney,,Minneapolis,Minnesota,MN,,,https://fairviewmnhs.org/providers/m/a/h/o/n/mahoneymary-522310887,Patient submitted,,United States
Sarah Hutto,,Minneapolis,Minnesota,MN,,,,Patient submitted ,,United States
Sarah Krueger,,Minneapolis,Minnesota,MN,,,,,,United States
Sarah Leadley,,Minneapolis,Minnesota,MN,,,https://www.fairview.org/providers/LeadleySarah-880519200,,,United States
Alicia Myhre,,Minneapolis,Minnesota,MN,,,https://account.allinahealth.org/providers/19786,Patient submitted ,LGBTQ+ & disability friendly ,United States
Jessika Ralph,,Minneapolis,Minnesota,MN,,,https://providers.mhealthfairview.org/provider/Jessika+Ralph/2240958,,,United States
Sally Zanotto,,Minneapolis,Minnesota,MN,,,https://www.hennepinhealthcare.org/provider/sally-zanotto-md/,Patient submitted ,,United States
Shruthi Chana,,Minneapolis,Minnesota,MN,,,https://providers.mhealthfairview.org/provider/shruthi-chandra/2729572,,,United States
Stephanie M. Meller,,Minneapolis,Minnesota,MN,,,https://www.healthpartners.com/care/find/doctor/257786/,,,United States
Samantha Witta,,Minneapolis,Minnesota,MN,,,https://obgynpa.com/samantha-witta/,,,United States
Ariana Hoffman,,Minneapolis & St. Paul,Minnesota,MN,,,https://providers.mhealthfairview.org/provider/Ariana+Hoffman/2240680,,,United States
Elizabeth Eckhardt,,Minneapolis & St. Paul,Minnesota,MN,,,https://providers.mhealthfairview.org/provider/elizabeth-eckhardt/2240942?unified=elizabeth%20eckhardt&categories=clinical_keywords%2Cspecialties%2Cprovider_name%2Cpractice_group%2Cnetwork_affiliation%2Clocation_name%2Cprimary_care&sort=relevance%2Cnetworks%2Cavailability_density_best&from=search-list,,,United States
Laura Hanson,,Minnetonka,Minnesota,MN,,,https://www.healthpartners.com/care/find/doctor/105937/,,,United States
Joyoti Saha,,Moorhead,Minnesota,MN,,,,Patient submitted ,,United States
Adela Cope,,Rochester,Minnesota,MN,,,,Patient submitted ,,United States
Chris Klingele,,Rochester,Minnesota,MN,,,https://www.olmmed.org/find-a-provider/profile/?id=436,,,United States
Danielle Falde,,Rochester,Minnesota,MN,,,,,,United States
James Hoffmann,,Rochester,Minnesota,MN,,,https://www.olmmed.org/find-a-provider/profile/?id=17,,,United States
Melissa Richards,,Rochester,Minnesota,MN,,,https://www.olmmed.org/find-a-provider/profile/?id=333,,,United States
Sarah De Cicco,,Rochester,Minnesota,MN,,,https://www.olmmed.org/find-a-provider/profile/?id=409,,,United States
Diana M. Gillman,,Rochester,Minnesota,MN,,,https://www.olmmed.org/find-a-provider/profile/?id=293,,,United States
Matthew Banfield,,Saint Louis Park,Minnesota,MN,,,https://www.healthpartners.com/care/find/doctor/95244/,Patient submitted,,United States
Maggie Thronaum,,St. Cloud,Minnesota,MN,,,,,,United States
Jessie Chen,,St. Paul,Minnesota,MN,,,https://lgbtqhealthcaredirectory.org/provider/jessie-chen,,LGBTQ+ friendly ,United States
Jennifer Bunio,,Staples,Minnesota,MN,,,https://www.lakewoodhealthsystem.com/physicians/jenny-bunio/,Patient submitted,,United States
Abigail Heller,,Stillwater,Minnesota,MN,,,,,,United States
Corinne Brown-robinson,,Twin Cities,Minnesota,MN,,,https://www.regionshospital.com/rh2/provider-search/practitionerdetail/151538/show.html,,,United States
Anjali Wilcox,,Twin Cities,Minnesota,MN,,,,Patient submitted ,,United States
Paige Halvorson,,Twin Cities,Minnesota,MN,,,https://www.healthpartners.com/care/find/doctor/152132/,Patient submitted,,United States
Kate Brady,,Twin Cities,Minnesota,MN,,,https://premierwomenshealthmn.com/providers/kate-brady/,,LGBTQ+ friendly ,United States
Anaya Huldeen,,Waconia,Minnesota,MN,,,,,,United States
Anaya J. Huldeen,,Waconia,Minnesota,MN,,,https://www.ridgeviewmedical.org/find-a-doctor/profile/andraya-huldeen/?utm_source=RidgeviewAndrayaHuldeen&utm_campaign=Local-Listings&utm_medium=Bing-Places,,,United States
Jennifer L. Embry,,Waconia,Minnesota,MN,,,https://www.ridgeviewmedical.org/find-a-doctor/profile/jennifer-embry/,,,United States
Katie Corcoran,,Woodbury,Minnesota,MN,,,https://account.allinahealth.org/providers/18149,Patient submitted,LGBTQ+ friendly ,United States
Jacquelyn Mirr,,Woodbury,Minnesota,MN,,,https://mnwcare.com/our-providers/dr-jacquelyn-mirr,,,United States
Tenley R. Klc,,Woodbury,Minnesota,MN,,,https://www.healthpartners.com/care/find/doctor/222548/,,,United States
Justin Boeke,,Woodbury,Minnesota,MN,,,https://www.adefrisandtoppin.com/provider/justin-boeke-md-facog,,,United States
Lauren Callahan,,Woodbury,Minnesota,MN,,,https://www.adefrisandtoppin.com/provider/lauren-a-callahan-md-facog,,,United States
Rachel Harris,,Burnsville & Edina,Minnesota,MN,,,https://www.southdaleobgyn.com/provider/rachel-harris-md,Patient submitted ,,United States
Lindsay Lewis,,Burnsville & Edina,Minnesota,MN,,,https://www.southdaleobgyn.com/provider/lindsay-lewis-md,Patient submitted ,,United States
Rebecca L. Baudoin,,"Chanhassen, Delano & Waconia",Minnesota,MN,,,https://www.ridgeviewmedical.org/find-a-doctor/profile/rebecca-baudoin/,Patient submitted,,United States
Taylor Swanson,,Duluth,Minnesota,MN,,,https://www.slhduluth.com/physician-directory/taylor-swanson-md/,,,United States
Haley Meyer,,Duluth,Minnesota,MN,,,https://www.essentiahealth.org/find-doctor-provider/profile/haley-meyer/,Patient submitted ,,United States
Kim Fischer,,Maplewood & Woodbury,Minnesota,MN,,,https://premierwomenshealthmn.com/providers/kim-fischer/,,,United States
Eric Heegaard,,Minneapolis,Minnesota,MN,,,https://www.hennepinhealthcare.org/provider/eric-heegaard-md/,Patient submitted ,He will give an Endometriosis and Polycystic Ovarian Syndrome diagnosis within 2 visits with a survey or imaging,United States
Elizabeth Eckhardt,,Minneapolis/saintpaul,Minnesota,MN,,,,,,United States
Kristine L. Sanow,,Twin Cities,Minnesota,MN,,,https://www.healthpartners.com/care/find/doctor/92606/,Patient submitted,,United States
Mishaela Morrato,,Biloxi,Mississippi,MS,,,,,Military,United States
Haley Mccool,,Biloxi,Mississippi,MS,,,https://wearememorial.com/team/haley-wheeler-mccool/,,,United States
Carolita Heritage,,Brookhaven,Mississippi,MS,,,https://www.brookhavenobgyn.com/personnel/carolita-heritage-md/,,,United States
K. Lindsay Jerome,,Flowood,Mississippi,MS,,,https://swhealth.net/blogs/physicians/k-lindsay-jerome-m-d,Patient submitted,,United States
Shantele Bolton,,Hattiesburg,Mississippi,MS,,,https://womenspavilionms.com/people/dr-shantele-bolton/,,,United States
Brittney Brown,,Hattiesburg,Mississippi,MS,,,,,,United States
Alyse Boswell,,Meridian,Mississippi,MS,,,,,,United States
Kristen T. Fyke,,Starkville,Mississippi,MS,,,https://www.starkvilleclinicforwomen.com/team,Patient submitted ,,United States
Bennett Mcgehee,,Tupelo,Mississippi,MS,,,https://sandersclinicms.com/providers/,Patient submitted,,United States
Brandi S. Mcgehee,,Tupelo,Mississippi,MS,,,https://sandersclinicms.com/providers/,Patient submitted,,United States
Sarah Kallberg,DO,Bolivar,Missouri,MO,,,,,,United States
Carisann Woods,,Branson,Missouri,MO,,,,Patient submitted ,,United States
Sarah I. Kennedy,,Bridgeton,Missouri,MO,,,https://www.mercy.net/doctor/sarah-irene-kennedy-md/,,,United States
Katherine Jones-grady,,Cape Girardeau,Missouri,MO,,,https://www.sehealth.org/provider-directory/providers/katherine-jones-grady/,,,United States
Michael A. Holland,,Cape Girardeau,Missouri,MO,,,https://www.sehealth.org/provider-directory/providers/michael-holland/,Patient submitted,,United States
Jennifer K. Mcdonald,,Chesterfield,Missouri,MO,,,https://doctors.stlukes-stl.com/details/526/jennifer-mcdonald-gynecology-obstetrics_and_gynecology-chesterfield,,,United States
Darah Berck,,Columbia,Missouri,MO,,,https://wha-inc.com/physicians/darrah-berck/,Patient submitted,,United States
Kirby Woodall,,Columbia,Missouri,MO,,,https://www.muhealth.org/doctors/kirby-woodall-md?utm_source=extnet&utm_medium=yext,,,United States
Rose Todd,,Columbia,Missouri,MO,,,https://www.muhealth.org/doctors/rose-todd-md,Patient submitted,,United States
Leah Smith,,Columbia,Missouri,MO,,,https://wha-inc.com/physicians/dr/,Patient submitted,,United States
Aienne Paige,,Columbus,Missouri,MO,,,https://pandsclinic.com/adrienne-paige-md/,Patient submitted,,United States
Hannah Vetter,,Farmington,Missouri,MO,,,https://findadoctor.bjc.org/find-doctor/hannah-marie-vetter-do/1750888350,Patient submitted,,United States
Najat Al-sherri,,Fenton,Missouri,MO,,,https://www.getcare.ssmhealth.com/find-a-doctor/doctor-details/najat-al-sherri-md,Patient submitted,"Huge advocate for women's rights, especially in healthcare",United States
Catherine E Hutz,,Festus,Missouri,MO,,,https://www.mercy.net/doctor/catherine-e-c-hutz-md/,Patient submitted,,United States
Jennifer Roberts,,Hannibal,Missouri,MO,,,https://www.hannibalregional.org/physicians/179/Jennifer-Roberts-DO/physician/,,,United States
Lyda Pung,,Independence,Missouri,MO,,,"https://www.independencewomensclinic.com/providers/lyda-d-pung,-do,-facog",,,United States
Robbert Caffrey,,Independence,Missouri,MO,,,,Patient submitted ,,United States
John Wooley,,Jackson,Missouri,MO,,,https://twc-ms.com/doctors/,Patient submitted,,United States
Sarah Dunn,,Jefferson City,Missouri,MO,,,https://www.crmc.org/provider-directory/providers/sarah-dunn-do-facog/,Patient submitted,,United States
Craig Chandler,,Joplin,Missouri,MO,,,https://www.freemanhealth.com/staff/craig-chandler,Patient submitted,,United States
Jana Allison,,Joplin,Missouri,MO,,,https://www.freemanhealth.com/staff/jana-allison,Patient submitted,,United States
Jessica Windschitl,,Joplin,Missouri,MO,,,https://www.freemanhealth.com/staff/jessica-windschitl,,,United States
Megan Carlson,,Joplin,Missouri,MO,,,https://www.freemanhealth.com/staff/megan-carlson,,,United States
Bridget Abney,,Kansas City,Missouri,MO,,,https://www.nwhcpc.com/providers/bridget-abney-md,Patient submitted,,United States
Jill Sampson,,Kansas City,Missouri,MO,,,https://www.nwhcpc.com/providers/jill-sampson-md,,,United States
Karen Iskell,,Kansas City,Missouri,MO,,,https://www.nwhcpc.com/providers/karen-driskell-md,,,United States
Kelly Nichols,,Kansas City,Missouri,MO,,,https://www.nwhcpc.com/providers/kelly-nichols-md,,,United States
Laura Wolfe,,Kansas City,Missouri,MO,,,https://www.nwhcpc.com/providers/laura-wolfe-md,,,United States
Meghan Hurt,,Kansas City,Missouri,MO,,,https://doctors.saintlukeskc.org/provider/Meghan+L+Hurt/1457322,,,United States
Rebecca Wayman,,Kansas City,Missouri,MO,,,https://mymidwestphysician.com/physicians/profile/Dr-Rebecca-Wayman-MD,Patient submitted ,surgery via VNOTES,United States
Amanda Humiston,,Kansas City,Missouri,MO,,,https://www.nkch.org/find-a-provider/profile/amanda-humiston-obstetrics-and-gynecology,Patient submitted,,United States
Jillian D. Moore,,Kansas City,Missouri,MO,,,https://doctors.saintlukeskc.org/provider/Jillian+D+Moore/1642203,,,United States
Jennifer L. Distasio,,Kansas City,Missouri,MO,,,https://www.nkch.org/provider/jennifer-l-distasio-obstetrics-and-gynecology,Patient submitted ,,United States
Lucy Lehoczky,,Kansas City,Missouri,MO,,,https://doctors.saintlukeskc.org/provider/lucy-j-lehoczky/3153667,,,United States
Kathleen Thill Walnick,,Kansas City/lee's Summit/overland Park,Missouri,MO,,,https://doctors.saintlukeskc.org/provider/kathleen-s-thill-walnick/2441368,,,United States
Lisa Amsterdam,,Lee's Summit,Missouri,MO,,,https://www.rockhillwc.com/lisa-amsterdam-md-facog/,,,United States
Mary E. Brulja,,Lee's Summit,Missouri,MO,,,https://www.rockhillwc.com/mary-brulja-do/,,,United States
Julia C. Johnson,,Lee's Summit,Missouri,MO,,,https://www.rockhillwc.com/julia-johnson-md/,,,United States
Emily Martinelli,,Lee's Summit,Missouri,MO,,,https://www.rockhillwc.com/our-physicians/emily-martinelli-md/,,,United States
Kathleen Thill,,Lee's Summit,Missouri,MO,,,https://www.rockhillwc.com/kathleen-thill-md-mph/,,,United States
Susan Ezell,,Lee’s Summit,Missouri,MO,,,https://www.rockhillwc.com/susan-ezell-do/,,,United States
Carla Pearman,,Lee's Summit,Missouri,MO,,,https://www.rockhillwc.com/carla-pearman-md-facog/,,,United States
Anna Gorman,,Liberty,Missouri,MO,,,,,,United States
Kent Tegeler,,Liberty,Missouri,MO,,,,Patient submitted ,,United States
Suzanne Eggers,,Liberty,Missouri,MO,,,,,,United States
Ward Ohlhausen,,Liberty,Missouri,MO,,,,Patient submitted ,,United States
Tracia West,,Liberty / Kansas City,Missouri,MO,,,,,,United States
Craig E. Mccoy,,Moberly,Missouri,MO,,,https://www.moberlyphysicians.com/doctors-providers/mccoy-craig-e-do-6702?utm_source=Bing&utm_campaign=biz-listings&utm_medium=homepage,Patient submitted,,United States
Ian Rosbrugh,,North Kansas City,Missouri,MO,,,https://www.nkch.org/find-a-provider/profile/ian-m-rosbrugh-uro-gynecology,Patient submitted,,United States
Jackie Werner,,North Kansas City,Missouri,MO,,,,Patient submitted ,,United States
Emma Rose Eubanks,,O Fallon,Missouri,MO,,,,Patient submitted ,,United States
Thomas Ganz,,"Ofallon, Lake St. Louis, Troy",Missouri,MO,,,https://www.ssmhealth.com/find-a-doctor/doctor-details/thomas-f-ganz-md,Patient submitted,,United States
Donald Jones,,Poplar Bluff,Missouri,MO,,,https://www.pbrmc.com/find-a-doctor/jones-donald-md-5845,Patient submitted,,United States
David Tillman,,Springfield,Missouri,MO,,,,Patient submitted ,,United States
Kristy Mccall,,Springfield,Missouri,MO,,,,Patient submitted ,,United States
Matthew Ting,,Springfield,Missouri,MO,,,,Patient submitted ,,United States
Matthew Weis,,Springfield,Missouri,MO,,,https://doctors.coxhealth.com/provider/Matthew+Allen+Weis/913949,Patient submitted,,United States
Megan Rooney,,Springfield,Missouri,MO,,,,Patient submitted ,,United States
Randy Hill,,Springfield,Missouri,MO,,,https://doctors.coxhealth.com/provider/Randy+Carl+Hill/914086,Patient submitted ,,United States
Scott Ballmann,,Springfield,Missouri,MO,,,,Patient submitted ,,United States
Karrie A. Cunningham,,Springfield,Missouri,MO,,,https://www.mercy.net/doctor/karrie-a-cunningham-md/,Patient submitted,,United States
Matthew A. Weis,,Springfield,Missouri,MO,,,https://doctors.coxhealth.com/provider/matthew-allen-weis/913949,Patient submitted,Accepts Medicaid ,United States
Miranda Westhoff,,Springfield,Missouri,MO,,,https://doctors.coxhealth.com/provider/miranda-westhoff/3143952,,,United States
Igor Brondz,,St. Charles,Missouri,MO,,,https://www.getcare.ssmhealth.com/find-a-doctor/doctor-details/igor-brondz-md?utm_id=sys-listings-2&linksource=sys_listing_links-extended_network&y_source=1_MjMyNTg2NjctNDgzLWxvY2F0aW9uLndlYnNpdGU%3D,Patient submitted,,United States
Heidi Mclaughlin,,St. Joseph,Missouri,MO,,,https://www.mymlc.com/Main/Doctor/Dr-Heidi-S-McLaughlin-MD/,,,United States
Abigail Chitwood,,St. Louis,Missouri,MO,,,https://doctors.bjc.org/wlp2/doctors/info/ANP0000Q/Abigail-Thuet-Chitwood-MD,,,United States
Blaze Pignotti,,St. Louis,Missouri,MO,,,https://www.drpignotti.com/,Patient submitted,,United States
Bridget Rutledge,,St. Louis,Missouri,MO,,,https://doctors.bjc.org/wlp2/doctors/info/AKT005P8/Bridget-S-Rutledge-MD,Patient submitted,,United States
Gillian Schivone,,St. Louis,Missouri,MO,,,https://physicians.wustl.edu/people/gillian-schivone-md-ms/,,,United States
Joshua Wilson,,St. Louis,Missouri,MO,,,https://www.mercy.net/doctor/joshua-brockway-wilson-md/,Patient submitted,,United States
Kathleen Jaeger,,St. Louis,Missouri,MO,,,,,,United States
Laura Mueller,,St. Louis,Missouri,MO,,,https://doctors.bjc.org/wlp2/doctors/info/AKT005V6/Laura-Donnelly-Mueller-MD,,,United States
Margaret Baum,,St. Louis,Missouri,MO,,,,,,United States
Shelby Dickison,,St. Louis,Missouri,MO,,,https://physicians.wustl.edu/items/shelby-dickison/,Patient submitted,,United States
Taryn White,,St. Louis,Missouri,MO,,,https://www.bjcmedicalgroup.org/Find-a-Location/West-End-OBGYN,,,United States
Elizabeth A. Wegleitner,,St. Louis,Missouri,MO,,,https://www.mercy.net/doctor/elizabeth-ann-wegleitner-md/,Patient submitted,,United States
Kristen Waterbury,,St. Louis,Missouri,MO,,,https://www.mercy.net/doctor/kristen-waterbury-md/?utm_campaign=yext&utm_content=website&utm_medium=organic_search&utm_source=bing&utm_term=&y_source=1_MjYyMDE4NzUtNDgzLWxvY2F0aW9uLndlYnNpdGU%3D,Patient submitted,,United States
Thomas Ganz,,St. Louis,Missouri,MO,,,https://www.getcare.ssmhealth.com/find-a-doctor/doctor-details/thomas-f-ganz-md?utm_id=sys-listings-2&linksource=sys_listing_links-extended_network&y_source=1_MjMyNTg1OTgtNDgzLWxvY2F0aW9uLndlYnNpdGU%3D,Patient submitted ,,United States
Amanda N. Waltos Hieger,,St. Louis,Missouri,MO,,,https://www.mercy.net/doctor/amanda-nicole-waltos-hieger-md/?utm_campaign=yext&utm_content=website&utm_medium=organic_search&utm_source=bing&utm_term=&y_source=1_NTQ5NjIzMzktNDgzLWxvY2F0aW9uLndlYnNpdGU%3D,,,United States
Julia Hoffman,,St. Louis,Missouri,MO,,,https://consultantsinwomenshealth.wustl.edu/people/julia-hoffman-md-facog/,Patient submitted,,United States
Megan M. Mohrman,,St. Louis,Missouri,MO,,,https://doctors.stlukes-stl.com/details/818,Patient submitted ,,United States
Matthew F. Bialko,,St. Louis,Missouri,MO,,,https://doctors.stlukes-stl.com/details/1706/matthew-bialko-chesterfield-o_fallon,Patient submitted,,United States
Jessica L. Baldetti,,St. Louis,Missouri,MO,,,https://doctors.stlukes-stl.com/details/1493/jessica-baldetti-obstetrics_and_gynecology_gynecology-chesterfield,Patient submitted,,United States
Amanda Simmons,,St. Louis,Missouri,MO,,,https://www.mercy.net/doctor/amanda-corrine-simmons-md/,Patient submitted,,United States
Robert D Haskins,,Washington,Missouri,MO,,,,Patient submitted ,,United States
Caroline Werner,,St. Louis,Missouri,MO,,,https://www.getcare.ssmhealth.com/find-a-doctor/doctor-details/caroline-a-werner-md?utm_id=sys-listings-2&linksource=sys_listing_links-extended_network&y_source=1_MjMyNTg3NjktNDgzLWxvY2F0aW9uLndlYnNpdGU%3D,Patient submitted ,,United States
Silddy Atilano,,Anaconda,Montana,MT,,,http://www.communityhospitalofanaconda.org/staff/bio.php?doc_id=79699,Patient submitted,,United States
Claire Putnam,,Bozeman,Montana,MT,,,https://shehealthmt.com/about/,,,United States
Jan Hunt,,Bozeman,Montana,MT,,,https://providers.billingsclinic.org/provider/Jan+Hunt/2481118,,,United States
Shania Long,,Bozeman,Montana,MT,,,,Patient submitted,,United States
Linda Waring,,Bozeman,Montana,MT,,,https://www.bozemanhealth.org/provider-directory/providers/linda-waring/,Patient submitted,,United States
Maya Sanchez-rotunno,,Glasglow,Montana,MT,,,https://www.fmdh.org/providers/maya-e-sanchez-rotunno-md-facog/,,"LGBTQ+ friendly, has performed TLH/BSO, has taken care of multiple same-sex couples",United States
Julia Middleton,,Great Falls,Montana,MT,,,https://greatfallsobgyn.com/about-us/dr-julia-middleton/,Patient submitted,,United States
Melissa Papp,,Great Falls,Montana,MT,,,https://www.benefis.org/find-a-provider/profile/melissa-papp/,,,United States
Madeline G. Mussman,,Hamilton,Montana,MT,,,https://providers.bitterroothealth.org/provider/madeline-grace-mussman/2440472,Patient submitted,VERY LGBTQ+ friendly ,United States
Alexis O'leary,,Helena,Montana,MT,,,https://obgynoffices.com/helena-obgyn-staff/,Patient submitted,,United States
Janice A. Givler,,Missoula,Montana,MT,,,https://www.westernmontanaclinic.com/janice-givler-md,Patient submitted,,United States
Elise A. Abicht,,Missoula,Montana,MT,,,https://westernmontanaclinic.com/elise-abicht-md/,Patient submitted,,United States
Janice Givler,,Missoula,Montana,MT,,,https://westernmontanaclinic.com/janice-givler/,Patient submitted,,United States
Jennifer Mayo,,Missoula,Montana,MT,,,https://westernmontanaclinic.com/jennifer-mayo/,Patient submitted,,United States
Amy Smith,,Missoula,Montana,MT,,,https://westernmontanaclinic.com/amy-smith/,Patient submitted,,United States
Robert Humble,,Missoula,Montana,MT,,,https://westernmontanaclinic.com/robert-humble/,Patient submitted,,United States
Brad Kasavana,,Whitefish,Montana,MT,,,,Patient submitted ,,United States
Mirna D. Bowden,,Whitefish,Montana,MT,,,https://alpinewomenscenter.com/,,,United States
Jill Fish,,Hastings & Grand Island,Nebraska,NE,,,,Patient submitted ,,United States
Gina Torpin,,Kearney,Nebraska,NE,,,https://www.bryanhealth.com/find-a-doctor/profile/gina-torpin/,,,United States
Chana Ljundggren,,Lincoln,Nebraska,NE,,,https://www.lincolnobgyn.com/staff/dr-chandra-ljunggren/,Patient submitted,,United States
Dennis Hodge,,Lincoln,Nebraska,NE,,,https://www.lincolnobgyn.com/staff/dr-dennis-hodge/,Patient submitted,,United States
Todd Martin,,Lincoln,Nebraska,NE,,,https://www.bryanhealth.com/find-a-doctor/profile/todd-martin/,Patient submitted,,United States
Torri Janacek,,Lincoln,Nebraska,NE,,,https://www.bryanhealth.com/find-a-doctor/profile/torri-janecek/?utm_source=local-listing&utm_medium=organic&utm_campaign=website-link,Patient submitted,,United States
James J. Maly,,Lincoln,Nebraska,NE,,,https://womensclinicoflincoln.com/project/james-j-maly-md-facog/,Patient submitted,,United States
Greg Hatten,,Lincoln,Nebraska,NE,,,https://www.bryanhealth.com/find-a-doctor/profile/gregory-hattan/,Patient submitted,,United States
Darla E. Eisenhauer,,Lincoln,Nebraska,NE,,,https://www.gfertpc.com/darla-e-eisenhauer/,Patient submitted,,United States
Jessica Sandmeier,,Lincoln,Nebraska,NE,,,https://www.lincolnobgyn.com/staff/dr-jessica-sandmeier-do-facog/,Patient submitted ,,United States
Jenna Van Pelt,,Lincoln,Nebraska,NE,,,https://gfertpc.com/jenna-van-pelt-md/,,,United States
Dana Marsh,,Lincoln,Nebraska,NE,,,https://www.bryanhealth.com/find-a-doctor/profile/dana-marsh/,,,United States
Benjamin Klug,,North Platte,Nebraska,NE,,,https://www.northplatteobgyn.com/physicians/,Patient submitted ,,United States
Erin Talaska,,Omaha,Nebraska,NE,,,https://www.chihealth.com/en/find-a-provider/provider-details.physician.8a6be117-3221-448c-acda-f603cb1dc9c9.html,,,United States
Jodanne Heick,,Omaha,Nebraska,NE,,,,Patient submitted ,,United States
Katherine Lessman,,Omaha,Nebraska,NE,,,,Patient submitted,,United States
Sonya Tran,,Omaha,Nebraska,NE,,,https://midcityobgyn.com/about-us/sonya-tran-m-d-facog/,Patient submitted,,United States
Kathryn J. Moreland,,Omaha,Nebraska,NE,,,https://providers.chihealth.com/p/kathryn-j-moreland-1861854259,,,United States
Melissa A. Mathes,,Omaha,Nebraska,NE,,,https://www.nebraskamed.com/doctors/melissa-ann-mathes,Patient submitted,,United States
Stephanie M. Harris,,Omaha,Nebraska,NE,,,https://providers.bestcare.org/provider/Stephanie+M.+Harris/2121231,,,United States
Linda M. Collins,,Omaha,Nebraska,NE,,,https://omahaobgyn.com/practitioners/physicians/linda-m-collins-m-d.html,Patient submitted,,United States
Brian A. Karre,,Omaha,Nebraska,NE,,,https://providers.bestcare.org/provider/a/1493232,Patient submitted ,,United States
Melissa A. Mathes,,Omaha,Nebraska,NE,,,https://www.nebraskamed.com/doctors/melissa-ann-mathes,Patient submitted,,United States
Mindy Jo Lacey,,Omaha,Nebraska,NE,,,https://www.nebraskamed.com/doctors/mindy-jo-lacey,Patient submitted,,United States
Ankita Sarawagi,,Omaha,Nebraska,NE,,,https://omahaobgyn.com/providers/physicians/ankita-sarawagi-m-d.html,,,United States
Madeline L. Bruck,,Omaha,Nebraska,NE,,,https://providers.bestcare.org/provider/madeline-l-bruck/2623672,Patient submitted,,United States
Jessica Prusa Flores,,Omaha,Nebraska,NE,,,http://midcityobgyn.com/,,,United States
Maureen Boyle,,Omaha,Nebraska,NE,,,,,,United States
Megan Prickett,,Omaha,Nebraska,NE,,,,,,United States
Megan Prickett,,Omaha,Nebraska,NE,,,https://providers.bestcare.org/provider/Megan+L.+Prickett/1493318,,,United States
Victoria Starr,,Carson City,Nevada,NV,,,https://carsonmedicalgroup.com/cmg-doctors/victoria-starr-do/,,,United States
Amy Falcone-wharton,,Henderson,Nevada,NV,,,,,,United States
Robert Gatlin,,Henderson,Nevada,NV,,,,Patient submitted ,,United States
Sonnie Kim-ashchi,,Las Vegas,Nevada,NV,,,https://doctors.intermountainhealth.org/provider/sunwook-kim-ashchi/3183013,Patient submitted,LGBTQ+ friendly,United States
Amy Rosenbaum (and Partners),,Las Vegas,Nevada,NV,,,https://whasn.com/providers/amy-mcdonald/,,,United States
Toni Hodges-wills,DO,Las Vegas,Nevada,NV,,,,,,United States
Staci L. Mchale,,Las Vegas,Nevada,NV,,,https://www.whasnsunsetvalley.com/provider/staci-l-mchale-md-facog,,,United States
Michelle Finch,,Las Vegas,Nevada,NV,,,https://whasn.com/providers/michelle-finch/,Patient submitted,,United States
Shana Miles,,Las Vegas,Nevada,NV,,,https://p3hp.org/providers/dr-shana-m-miles-md/,,,United States
Holly T. Ashley,,Reno,Nevada,NV,,,https://www.renowomenshealth.com/about-the-practice/holly-t-ashley-md-facog/,Patient submitted,,United States
Iolanda Edsall,,Reno,Nevada,NV,,,,Patient submitted ,,United States
Jennifer Ziock-price,,Reno,Nevada,NV,,,,,,United States
Kenneth Poppen,,Reno,Nevada,NV,,,https://advancedgynecologyofreno.com/dr-kenneth-poppen/,Patient submitted ,,United States
Maria S. Torres,,Reno,Nevada,NV,,,https://www.tebra.com/care/provider/maria-sheila-torres-md-1700083201,Patient submitted ,,United States
Elizabeth Hutson,,Sparks,Nevada,NV,,,https://www.mwcnv.com/dr-elizabeth-hutson-reno,Patient submitted,,United States
Maris K. Toland,,Bedford,New Hampshire,NH,,,https://doctors.dartmouth-health.org/2034/maris-k-toland,,,United States
Sara S. Tannenbaum,,Bedford,New Hampshire,NH,,,https://doctors.dartmouth-health.org/2099/sara-s-tannenbaum,,,United States
Rose N. Laignel,,Bedford,New Hampshire,NH,,,https://doctors.dartmouth-health.org/2000/rose-n-laignel,,,United States
Lindsay M. Ew,,Bedford,New Hampshire,NH,,,https://doctors.dartmouth-health.org/2026/lindsay-m-drew,,,United States
Amber R. Ward,,Bedford,New Hampshire,NH,,,https://doctors.dartmouth-health.org/1644/amber-r-ward,,,United States
Gailyn B. Thomas,,Claremont & Lebanon,New Hampshire,NH,,,https://www.cheshiremed.org/find-provider/provider/2512,Patient submitted ,,United States
Courtney Jones,,Concord,New Hampshire,NH,,,https://www.concordhospital.org/find-a-doctor/profile/courtney-jones/,Patient submitted,,United States
Courtney N. Knill,,Concord,New Hampshire,NH,,,https://providers.dartmouth-health.org/2173/courtney-n-knill,,,United States
Jessica L. Weyer,,Concord & Laconia,New Hampshire,NH,,,https://www.concordhospital.org/find-a-doctor/profile/jessica-weyer/,Patient submitted,,United States
Kathleen Farrell,,Exeter,New Hampshire,NH,,,https://www.corephysicians.org/Find-a-Provider/Kathleen-Farrell,Patient submitted,,United States
Michael Ritondo,,Lebanon,New Hampshire,NH,,,,Patient submitted ,,United States
Michael Ritondo,,Lebanon,New Hampshire,NH,,,https://www.dartmouth-hitchcock.org/findaprovider/provider/2864/Michael-E-Ritondo,Patient submitted,,United States
Suzanne Shipman,,Lebanon,New Hampshire,NH,,,https://www.dartmouth-hitchcock.org/findaprovider/provider/2525/Suzanne-D-Shipman,Patient submitted,,United States
Kelsey G. Kredentser,,Lebanon,New Hampshire,NH,,,https://providers.dartmouth-health.org/2088/kelsey-g-kredentser,,,United States
Babs Levenstein,,Londonderry,New Hampshire,NH,,,,Patient submitted,,United States
Brenna Stapp,,Manchester,New Hampshire,NH,,,https://www.manchesterob.com/staff,Patient submitted,,United States
Jenny Backman,,Manchester,New Hampshire,NH,,,https://www.manchesterob.com/staff,Patient submitted,,United States
Jillian Dulac,,Manchester,New Hampshire,NH,,,https://www.manchesterob.com/staff,Patient submitted,,United States
Melissa Martínez-adorno,,Nashua,New Hampshire,NH,,,https://www.snhhealth.org/find-a-doctor/melissa-martinez-adorno,,,United States
Lydia Garcia,,Nashua,New Hampshire,NH,,,,,,United States
Lauren Frye,,North Conway,New Hampshire,NH,,,https://www.mainehealth.org/providers/lauren-r-frye-do,Patient submitted,,United States
Jennifer A. Labudde,,North Conway,New Hampshire,NH,,,https://www.mainehealth.org/providers/jennifer-labudde-md,Patient submitted,,United States
Morgan Jenkins,,Peterborough,New Hampshire,NH,,,https://monadnockcommunityhospital.com/staff/morgan-jenkins-md/,Patient submitted ,,United States
Morgan Jenkins,,Peterborough,New Hampshire,NH,,,https://monadnockobgyn.squarespace.com/morgan-jenkins,,,United States
David R. Levene,,Peterborough,New Hampshire,NH,,,https://www.everydayhealth.care/providers/1068732/dr-david-r-levene-md/,Patient submitted,,United States
Melissa Mcgann,,Portsmouth,New Hampshire,NH,,,https://www.wdhospital.org/wdh/providers/melissa-a-mcgann-do,Patient submitted,,United States
Saroj Fleming,,Portsmouth,New Hampshire,NH,,,,,,United States
Caroline Scoones,,Portsmouth & Rochester,New Hampshire,NH,,,https://www.harbourwomenshealth.com/providers/caroline-scoones,Patient submitted ,,United States
Heidi Keup,,Portsmouth & Rochester,New Hampshire,NH,,,https://www.harbourwomenshealth.com/providers/heidi-keup,Patient submitted,,United States
Whitney E. Kelly,,Cherry Hill,New Jersey,NJ,,,https://doctors.virtua.org/provider/whitney-e-kelly/2618654,,,United States
Anew Blechman,,Freehold,New Jersey,NJ,,,https://doctors.hackensackmeridianhealth.org/provider/Andrew+Blechman/1318454,Patient submitted,,United States
Ben J. Mapa,,Freehold,New Jersey,NJ,,,https://findadoctor.atlantichealth.org/provider/Benoit+Mapa/2416559?name=Benoit%20Mapa&sort=networks%2Crelevance&from=search-list,,,United States
Cary Mantell,,Hamilton,New Jersey,NJ,,,https://www.rwjbh.org/doctors/cary-mantell-do/,Patient submitted ,,United States
Nancy M. Vaughns,,Holmdel,New Jersey,NJ,,,https://www.wmcnewjersey.com/provider/nancy-m-vaughns-do-facog,,,United States
Diere Masterton,,Lebanon,New Jersey,NJ,,,https://www.advancedforwomen.com/provider/deirdre-c-masterton-md,Patient submitted,,United States
Amanda Malik,,Marlton,New Jersey,NJ,,,https://www.cooperhealth.org/doctors/amanda-malik-md,,,United States
Lily Bayat,,New Brunswick,New Jersey,NJ,,,https://www.rwjbh.org/doctors/lily-bayat-md-mph/,Patient submitted,,United States
Lauren Naliboff,,Newark,New Jersey,NJ,,,https://njms-web.njms.rutgers.edu/profile/myProfile.php?mbmid=lcn25,Patient submitted,,United States
Natalia Miranda,,Pennington,New Jersey,NJ,,,https://www.capitalhealth.org/find-doctor/miranda-natalia-c,,,United States
Shyama S. Matthews,,Princeton,New Jersey,NJ,,,https://www.pennmedicine.org/providers/profile/shyama-mathews?utm_medium=referral&utm_campaign=penn-medicine&utm_term=shyama-mathews&y_source=1_MzgzODU0MDYtNDgzLWxvY2F0aW9uLndlYnNpdGU%3D,Patient submitted ,speaks Spanish ,United States
Kathleen Schaeffer,,Sewell,New Jersey,NJ,,,https://www.cooperhealth.org/doctors/kathleen-schaeffer-do,Patient submitted,,United States
Anandhi Nadarajah,,Sparta,New Jersey,NJ,,,,Patient submitted ,,United States
Caroline Goodchild,,Voorhees,New Jersey,NJ,,,https://axiawh.com/providers/goodchild-caroline/,Patient submitted ,,United States
Kaitlyn Ferrill,,Voorhees,New Jersey,NJ,,,https://www.advocareobgynspecialists.com/provider/Kaitlyn-Ferrill-MD,,,United States
Lauren A. Jenkins,MD,Woodbury Heights,New Jersey,NJ,,,,,,United States
Alana Williams,,Albuquerque,New Mexico,NM,,,,Patient submitted ,,United States
Amber Truehart,,Albuquerque,New Mexico,NM,,,,,,United States
Carrie Swartz,,Albuquerque,New Mexico,NM,,,https://www.bosquewomenscare.com/,,,United States
Jessie Simmon,,Albuquerque,New Mexico,NM,,,https://lovelace.com/doctors/jessie-simmon-md,,,United States
Kelly Escher,,Albuquerque,New Mexico,NM,,,https://pmgdirectory.phs.org/details/10/kelly-drescher-obstetrics_and_gynecology_womens_care-albuquerque,,,United States
Kara Gwin,,Albuquerque,New Mexico,NM,,,https://www.md.com/doctor/kara-gwin-md,,,United States
Shahrzad Tabibi,,Las Cruces,New Mexico,NM,,,https://www.sharecare.com/doctor/dr-shahrzad-tabibi,,,United States
Dara Som,,Las Cruces,New Mexico,NM,,,https://laclinicadefamilia.org/lcdf/ob-gyn-providers/,Patient submitted ,,United States
Stephanie Peace,,Las Cruces,New Mexico,NM,,,https://laclinicadefamilia.org/lcdf/ob-gyn-providers/,Patient submitted,,United States
Edison Etsitty,,Rio Rancho,New Mexico,NM,,,https://www2.phs.org/providers/e-virgil-etsitty-1376521500_qk0d0kl0d_52a56eef4dc0ca389670d5d9c54e5812,Patient submitted ,,United States
Jane Mcmillan,,Roswell,New Mexico,NM,,,https://www.easternnewmexicomedicalgroup.com/doctors-providers/mcmillan-jane-md-7092,,,United States
Michael Shultz,,Sante Fe,New Mexico,NM,,,https://www.christushealth.org/find-a-doctor/michael-schultz-63716,Patient submitted,,United States
Kathryn Storck,,Shiprock,New Mexico,NM,,,,,,United States
Cassana Denefrio,,Albany,New York,NY,,,https://www.amc.edu/PhysicianDirectory/index.cfm?event=showPhysicianDetail&PRACT_ID=19731,,,United States
Corinne Mcleod,,Albany,New York,NY,,,https://www.amc.edu/PhysicianDirectory/index.cfm?event=showPhysicianDetail&PRACT_ID=22426,,,United States
Johanna Bringley,,Albany,New York,NY,,,https://www.amc.edu/PhysicianDirectory/index.cfm?event=showPhysicianDetail&PRACT_ID=18515,,,United States
Kathryne Kostamo,,Albany,New York,NY,,,https://www.amc.edu/PhysicianDirectory/index.cfm?event=showPhysicianDetail&PRACT_ID=104512,,,United States
Rachel Flink-bochacki,,Albany,New York,NY,,,https://www.amc.edu/PhysicianDirectory/index.cfm?event=showPhysicianDetail&PRACT_ID=23990,,,United States
Johanna Bringley,,Albany,New York,NY,,,https://www.albanymed.org/physician/johanna-bringley/,,,United States
Cassana Denefrio,,Albany,New York,NY,,,https://www.albanymed.org/physician/cassandra-denefrio/,,,United States
Rachel Flink-bochacki,,Albany,New York,NY,,,https://www.albanymed.org/physician/rachel-flink-bochacki/,,,United States
Kathryne Kostamo,,Albany,New York,NY,,,https://www.albanymed.org/physician/kathryne-kostamo/,,,United States
Corinne Mcleod,,Albany,New York,NY,,,https://www.albanymed.org/physician/corinne-mcleod/,,,United States
Gary Kasten,,Bay Shore,New York,NY,,,,Patient submitted ,,United States
Melinda Rupp,,Binghamtom & Johnson City,New York,NY,,,https://www.women2womenobg.com/meet-melinda-rupp-md,Patient submitted ,,United States
Sanika Gadkari,,Brooklyn,New York,NY,,,https://maidenlanemedical.com/profile/sanika-gadkari-md/,,,United States
Allix Hillebrand,,Brooklyn,New York,NY,,,https://maimo.org/find-a-doctor/allix-hillebrand/,,Accepts Medicaid,United States
Mary Kate Frauenheim,,Buffalo,New York,NY,,,https://www.gppconline.com/mary-kate-frauenheim-md,,,United States
Taylor Johnson,,Buffalo,New York,NY,,,https://www.gppconline.com/taylor-johnson-md,,,United States
Jennie Dembski,,Buffalo,New York,NY,,,https://www.gppconline.com/jennie-dembski-md,,,United States
Brittanny Keeler,,Buffalo,New York,NY,,,https://www.gppconline.com/brittanny-keeler-do-ncmp,,,United States
Kaitlyn Brekovsky,,Buffalo,New York,NY,,,https://www.gppconline.com/kaitlyn-brekovsky-md,,,United States
Alexis Platek,,Buffalo,New York,NY,,,https://www.gppconline.com/alexis-platek-md,,,United States
Virginia Bond,,Buffalo,New York,NY,,,https://www.gppconline.com/virginia-bond-md,,,United States
Ashley Conway,,Buffalo,New York,NY,,,https://trinitymedicalwny.org/provider/ashley-e-conway/,,,United States
Catherine Cantwell,,Canandaigua,New York,NY,,,,Patient submitted ,,United States
Alexis Pilato,,Canandaigua,New York,NY,,,https://www.urmc.rochester.edu/people/112362131-alexis-pilato,Patient submitted,,United States
Sarah Bellioti,,Clarence,New York,NY,,,,Patient submitted ,,United States
James A. Scott,,Corning,New York,NY,,,https://health.usnews.com/doctors/james-scott-713848,Patient submitted,,United States
Sophia Halassy,,Corning,New York,NY,,,https://www.guthrie.org/provider/sophia-halassy-md?utm_source=bing&utm_medium=listing&utm_campaign=yext,Patient submitted,,United States
Elizabeth Gordon,,Corning,New York,NY,,,https://www.guthrie.org/provider/elizabeth-gordon-do,Patient submitted,,United States
Leah Kaufman,,East Setauket,New York,NY,,,https://doctors.stonybrookmedicine.edu/provider/Leah+Kaufman/2385806,,,United States
Claudia Ravins,,Forest Hills,New York,NY,,,https://www.raveco.com/provider/claudia-ravins-md,Patient submitted,,United States
Francis Finneran,,Geneva,New York,NY,,,https://www.thompsonhealth.com/Health-Services/Primary-Care/Canandaigua-Medical-Group/Obstetrics-and-Gynecology/Francis-V-Finneran-MD,,,United States
Elizabeth Mcanew,,Glens Falls,New York,NY,,,,,,United States
Jonas G. Wilson-leedy,,Hudson,New York,NY,,,https://www.columbiamemorialhealth.org/doctors/jonas-g-wilson-leedy-md/,Patient submitted,,United States
Edward Marici,,Hudson,New York,NY,,,https://www.columbiamemorialhealth.org/doctors/edward-marici-do/,Patient submitted,,United States
Leah Stork-binyamin,,Islandia,New York,NY,,,,,,United States
Robert Daniels,,Jamestown,New York,NY,,,https://lanewomenshealth.com/staff-profiles,Patient submitted,,United States
Dhruv Agneshwar,,Johnson City,New York,NY,,,https://www.nyuhs.org/choose-a-provider/dhruv-agneshwar-md,Patient submitted,,United States
Krystal Thompson,,Johnson City,New York,NY,,,https://www.nyuhs.org/choose-a-provider/krystal-thompson-md,Patient submitted,,United States
Bruce Clark,,Latham,New York,NY,,,,Patient submitted ,,United States
Danielle Rooney,,Latham,New York,NY,,,https://www.communitycare.com/Physicians/Profile?ProviderID=900,Patient submitted,,United States
Amy Lasky,,"Long Island (bohemia, East Setauket)",New York,NY,,,https://www.stonybrookmedicine.edu/profile?pid=2745&npi=1689069064&name=Amy%20Peebles%20MD,,,United States
Joseph Bacchi,,"Long Island (bohemia, East Setauket)",New York,NY,,,"https://www.stonybrookmedicine.edu/profile?pid=2910&npi=1801242342&name=Joseph%20Bacchi%20MD,%20MBA",,,United States
Joseph Chappelle,,"Long Island (bohemia, East Setauket)",New York,NY,,,https://www.stonybrookmedicine.edu/profile?pid=14&npi=1346412855&name=Joseph%20Chappelle%20MD,,,United States
Fatima Daoud Yilmaz,,"Long Island (commack, Bohemia)",New York,NY,,,https://www.stonybrookmedicine.edu/profile?pid=3089&npi=1407387756&name=Fatima%20Daoud%20Yilmaz%20MD,,,United States
Melissa Nicosia Kurian,,Long Island (port Jefferson),New York,NY,,,https://doctors.matherhospital.org/details/1651/melissa-nicosia-gynecology-minimally_invasive_gynecologic_surgery-obstetrics__gynecology-robotic_surgery-bay_shore-port_jefferson,,,United States
Casey Jarvis,,Manhasset,New York,NY,,,https://www.northwell.edu/find-care/find-a-doctor/obstetrics-and-gynecology/dr-casey-alexandra-jarvis-md-11516533,,LGBTQ+ friendly,United States
Helen Greco,,Manhasset,New York,NY,,,https://www.northwell.edu/find-care/find-a-doctor/dr-helen-greco-md-11309338,Patient submitted,,United States
Rachel Roesner,,Manhattan,New York,NY,,,https://www.asterobgyn.com/provider/rachel-roesner-do-facog,,Trans/LGBTQ+ friendly ,United States
Sara Valentino-smith,,Mineola/syosset,New York,NY,,,,,,United States
Sarah Reynolds,,New Hyde Park,New York,NY,,,https://lgbtqhealthcaredirectory.org/provider/sarah-reynolds,,"LGBTQ+ friendly, accepts Medicaid",United States
Jin Hee (jeannie) Hee J Kim,,New York,New York,NY,,,https://www.obgyn.columbia.edu/profile/jin-hee-jeannie-h-kim-md,Patient submitted ,,United States
Janette Davison,,New York,New York,NY,,,https://maidenlanemedical.com/profile/janette-davison-md/,Patient submitted,,United States
Alexana Fleary,,New York,New York,NY,,,https://maidenlanemedical.com/profile/alexandra-fleary-md/,Patient submitted,,United States
Christopher N. Eswar,,New York,New York,NY,,,https://nyulangone.org/doctors/1598907008/christopher-n-eswar?cid=syn_yext&y_entity_id=1598907008-primary&y_source=1_MTYyOTA4MjAtNDgzLWxvY2F0aW9uLndlYnNpdGU%3D,Patient submitted,,United States
Sanika Gadkari,,New York,New York,NY,,,https://maidenlanemedical.com/profile/sanika-gadkari-md/,,,United States
Annie Kim,,New York,New York,NY,,,https://nycgyne.com/team/dr-annie-kim-md/,Patient submitted,,United States
Smita Carroll,,New York,New York,NY,,,https://www.northwell.edu/find-care/find-a-doctor/dr-smita-carroll-md-mba-mph-11519830,,,United States
Pavan K. Ananth,,New York,New York,NY,,,https://www.nychealthandhospitals.org/doctors/ananth-pavan-kumar/,,,United States
Aaron Gila,,Nyc,New York,NY,,,,Patient submitted ,,United States
Alyssa Erb,,Nyc,New York,NY,,,https://nycgyne.com/team/alyssa-erb-d-o/,Patient submitted,,United States
Felix Cohen,,Nyc,New York,NY,,,https://nycgyne.com/team/felix-cohen-m-d-facog/,Patient submitted,,United States
Heather Irobunda,,Nyc,New York,NY,,,https://www.nychealthandhospitals.org/doctors/irobunda-heather/,,,United States
Julia Jaffe,,Nyc,New York,NY,,,https://www.gramercygynecology.com/julia-jaffe-gynecologist-new-york.html,,,United States
Kaitlin Hanmer,,Olean,New York,NY,,,https://upchealth.net/upc/team/,Patient submitted ,,United States
Taylor Johnson,,Orchard Park,New York,NY,,,https://www.ogawny.com/2021/09/09/welcome-dr-johnson/,Patient submitted,,United States
Gil Farkash,,Orchard Park,New York,NY,,,https://www.gppconline.com/gil-farkash-md,Patient submitted,,United States
Raj K Mahajan,,Oswego,New York,NY,,,,,,United States
Chris Raju,,Patchogue,New York,NY,,,https://squarecarehealth.com/providers/chris-raju-md/,,,United States
Jeffrey Dodge,,Plattsburgh,New York,NY,,,https://www.cvph.org/Provider/Detail/44,,,United States
Jeffrey A. Dodge,,Plattsburgh,New York,NY,,,https://www.cvph.org/Provider/Detail/44,Patient submitted,,United States
Christine M. Herde**,,Poughkeepsie,New York,NY,,,https://findcare.nuvancehealth.org/provider/Christine+M.+Herde/1746735,Patient submitted ,,United States
Christine Beer,,Rhinebeck,New York,NY,,,https://east.optum.com/providers/christine-beer/,Patient submitted,,United States
Amanda Victory,,Rochester,New York,NY,,,https://www.urmc.rochester.edu/people/27087114-amanda-j-victory,Patient submitted,,United States
Franziska Haydanek,,Rochester,New York,NY,,,https://www.rochesterregional.org/physician-directory/h/haydanek-franziska,,,United States
Marit B. Sheffield,,Rochester,New York,NY,,,https://pwwh.com/providers/dr-sheffield/,Patient submitted,,United States
Miranda Harris-glocker,,Rochester,New York,NY,,,https://www.wgcaobgyn.com/providers/miranda-harris-md-facog/,,,United States
Olivia Higgins,,Rochester,New York,NY,,,https://www.rochesterregional.org/physician-directory/h/higgins-olivia,,,United States
Tamar Hunse,,Rochester,New York,NY,,,https://www.greeceobgyn.com/team/dr-tamar-hunse/,,,United States
Stephanie Bousquet,,Rochester,New York,NY,,,https://www.rochesterregional.org/physician-directory/b/bousquet-stephanie,,,United States
Stacy Sun,,Rochester,New York,NY,,,https://www.urmc.rochester.edu/people/112362471-stacy-sun,Patient submitted,,United States
Derek J. Tenhoopen,,Rochester,New York,NY,,,https://www.urmc.rochester.edu/people/112358646-derek-jon-tenhoopen,Patient submitted,,United States
Afreen Tariq-fazili,,Rochester,New York,NY,,,https://www.greeceobgyn.com/team/dr-afreen-tariq-fazili/,,,United States
Maureen R. Slattery,,Rochester,New York,NY,,,https://www.rochesterregional.org/providers/maureen-r-slattery,,,United States
Megan K. Burns,,Rochester,New York,NY,,,https://www.urmc.rochester.edu/people/112362901-megan-k-burns,Patient submitted ,LGBTQ+ friendly ,United States
Jordana L. Gilman,,Rochester,New York,NY,,,https://www.urmc.rochester.edu/people/112363694-jordana-l-gilman,,,United States
Stefanie Allison,,Saratoga,New York,NY,,,https://communitycare.com/doctors/stefanie-allison/,Patient submitted,LGBTQ+ friendly ,United States
Catelyn Halusic-smith,,Saratoga Springs,New York,NY,,,https://www.saratogaobgyn.org/our-staff,,,United States
Susan Verleger,,Saratoga Springs,New York,NY,,,https://www.saratogaobgyn.org/our-staff,,,United States
Christopher Bloss,,Schenectady,New York,NY,,,https://www.communitycare.com/Physicians/Profile?ProviderID=651,Patient submitted,,United States
Lisa Beth Spiryda,,Sleepy Hollow,New York,NY,,,https://www.northwell.edu/find-care/find-a-doctor/obstetrics-and-gynecology/dr-lisa-beth-spiryda-md-phd-11381859,Patient submitted ,,United States
Chantell Dalpe,,Syracuse,New York,NY,,,https://www.thewomenswellnessplace.com/meet-the-staff,,,United States
Miriam Bernstein,,Syracuse,New York,NY,,,https://www.upstate.edu/healthcare/providers/doctor.php?docID=bernstem,,,United States
Birx F. Nolan,,Syracuse,New York,NY,,,https://www.sjhsyr.org/provider/birx-frances-nolan-md-obstetrics-gynecology,,,United States
Miriam Bernstein,,Syracuse,New York,NY,,,https://www.upstate.edu/healthcare/providers/doctor.php?docID=bernstem,,,United States
Gustavo San Roman,,Terryville,New York,NY,,,https://www.chsli.org/doctors/gustavo-san-roman-md,Patient submitted ,,United States
Thomas Cacciola,,Troy,New York,NY,,,https://www.communitycare.com/Practices/CapitalRegionWomensCare/Physician-Profile?ProviderID=1160,,,United States
Christopher Bloss,,Troy,New York,NY,,,https://communitycare.com/doctors/christopher-bloss/,Patient submitted,,United States
Lora Papanea,,Utica,New York,NY,,,https://www.mvhealthsystem.org/provider/lora-l-papandrea-md/,Patient submitted,,United States
Amy Collins,,Vestal,New York,NY,,,https://www.nyuhs.org/choose-a-provider/amy-collins-md,Patient submitted,,United States
Liz Mcanew,,Warrensburg,New York,NY,,,https://www.hhhn.org/services/womens-health/,,,United States
Nanci L. Hawkins,,Watertown,New York,NY,,,https://samaritanhealth.com/staff/nancy-l-hawkins-md/,Patient submitted,,United States
Anna Haring,,Wellsville,New York,NY,,,https://www.urmc.rochester.edu/jones-memorial-hospital/our-team/anna-haring-md-1.aspx,,,United States
Heather Lanphere,,Wellsville,New York,NY,,,https://www.urmc.rochester.edu/jones-memorial-hospital/our-team/lanphere.aspx,,,United States
Michelle Giannone,,White Plains,New York,NY,,,,,,United States
Alexander Eswar,,Williamsville,New York,NY,,,https://invisionhealth.com/alexander-eswar-md/,Patient submitted,,United States
Dilara Samadi,,Buffalo,New York,NY,,,https://buffalomedicalgroup.com/staff/dilara-samadi-m-d/,Patient submitted ,,United States
Catelyn Halusic-smith,,Saratoga Springs,New York,NY,,,https://www.saratogahospital.org/doctor/halusic-smith-catelyn-do,,Speaks Spanish ,United States
Chris Richardson,,Asheboro,North Carolina,NC,,,https://www.wakehealth.edu/providers/r/cris-richardson,Patient submitted,,United States
Angela Mannino,,Asheboro,North Carolina,NC,,,https://www.wakehealth.edu/providers/m/angela-mannino,,,United States
Elizabeth Buys,,Asheville,North Carolina,NC,,,https://missionhealth.org/provider-finder/profile/70049,Patient submitted,,United States
Lindsay Veazey,,Asheville,North Carolina,NC,,,https://laurelobgyn.com/dr-lindsay-veazey/,Patient submitted,,United States
Sarah Jones,,Asheville,North Carolina,NC,,,https://www.ashevillewomens.com/our-providers/jones/,Patient submitted,,United States
Stacey Olney,,Asheville,North Carolina,NC,,,https://www.uwhcarolinas.com/provider/stacey-olney/,,,United States
Courtney Cohen,,Asheville,North Carolina,NC,,,https://www.uwhcarolinas.com/provider/courtney-cohen/,,,United States
Lindsay Veazey,,Asheville,North Carolina,NC,,,https://www.uwhcarolinas.com/provider/lindsay-veazey/,,,United States
Bethany E. Beasley,,Burlington,North Carolina,NC,,,https://www.dukehealth.org/find-doctors-physicians/bethany-e-beasley-md-mph,,,United States
Bethany Beasley,,Burlington,North Carolina,NC,,,,,,United States
Emily Herfel,,Cary,North Carolina,NC,,,https://www.dukehealth.org/find-doctors-physicians/emily-herfel-do-msc-gh-facoog?utm_source=bing&utm_medium=local&utm_campaign=evergreen,Patient submitted,,United States
Subhratha Maredia,,Cary,North Carolina,NC,,,https://tp4w.com/dr-subhratha-maredia,,,United States
Casey Cooper,,Cary,North Carolina,NC,,,https://tp4w.com/dr-casey-cooper,,LGBTQ+ friendly,United States
Robin Piper,,Cary,North Carolina,NC,,,https://www.caryobgyn.com/provider/robin-piper-do/,,,United States
Carolyn Miller,,Chapel Hill,North Carolina,NC,,,https://chapelhillobgyn.com/carolyn-miller-md/,,,United States
Kavita Shah Arora,,Chapel Hill,North Carolina,NC,,,,,,United States
Sonya Williams,,Chapel Hill,North Carolina,NC,,,https://chapelhillobgyn.com/sonya-williams/,,,United States
Joshua Hardison,,Chapel Hill,North Carolina,NC,,,https://chapelhillobgyn.com/joshua-hardison/,,,United States
Michael D. Evers,,Chapel Hill,North Carolina,NC,,,https://www.unchealth.org/care-services/doctors/e/michael-d-evers-md,,,United States
Erin Carey,,Chapel Hill,North Carolina,NC,,,https://www.med.unc.edu/obgyn/people/erin-carey/,Patient submitted,,United States
Emily Hutcheson,,Charlotte,North Carolina,NC,,,https://atriumhealth.org/provider-profile/emily-hutcheson-1639589187,,,United States
Jada Fambrough,,Charlotte,North Carolina,NC,,,https://atriumhealth.org/provider-profile/jada-fambrough-1659803930,,,United States
Jennifer Kalich,,Charlotte,North Carolina,NC,,,https://atriumhealth.org/provider-profile/jennifer-kalich-1619907599,,,United States
Jerry Matkins,,Charlotte,North Carolina,NC,,,https://atriumhealth.org/provider-profile/jerry-matkins-1588698724,Patient submitted,,United States
Sarah Pena,,Charlotte,North Carolina,NC,,,https://www.novanthealth.org/pf/providers/1750812434/savannah-pena/about-me,,,United States
Sarah Pollock,,Charlotte,North Carolina,NC,,,,,,United States
Stephanie Welsh,,Charlotte,North Carolina,NC,,,https://www.novanthealth.org/pf/providers/1952861098,,,United States
Joshua Counihan,,Charlotte,North Carolina,NC,,,https://atriumhealth.org/provider-profile/joshua-counihan-1639461296?utm_campaign=GCRprovider&utm_medium=Organic&utm_source=GMB&address_id=2611,,,United States
Lisa K. Wilson,,Charlotte,North Carolina,NC,,,https://www.novanthealth.org/pf/providers/1902980196,,,United States
Olivia Hostetter Callese,,Charlotte,North Carolina,NC,,,https://atriumhealth.org/provider-profile/olivia-callese-1518498872?address_id=46682,,,United States
Kendall Parrott,,Charlotte,North Carolina,NC,,,https://www.novanthealth.org/pf/providers/1427685668/kendall-parrott/,,,United States
Aienne Wiggins-metcalf,,Charlotte,North Carolina,NC,,,https://www.novanthealth.org/pf/providers/1184144321/adrienne-wiggins-metcalf,,Accepts Medicaid,United States
Anna C. Raines,,Charlotte,North Carolina,NC,,,https://atriumhealth.org/provider-profile/anna-raines-1386271898?address_id=47346&search_url=https%3A%2F%2Fatriumhealth.org%2Flocations%2Fatrium-health-womens-care-eastover-obgyn%2Fmeet-the-team%3Fpage%3D2%235-Physician-16920&pnr%5B***-***-****%5D=Invalid,,,United States
Myers Park Ob/gyn,,Charlotte,North Carolina,NC,,,https://atriumhealth.org/locations/detail/atrium-health-myers-park-obgyn,,,United States
Laura K. Pekman,,Charlotte,North Carolina,NC,,,https://atriumhealth.org/provider-profile/laura-pekman-1083033161?address_id=4708,Patient submitted,,United States
Colleen Cardella,,Charlotte,North Carolina,NC,,,https://www.novanthealth.org/pf/providers/1528385218/colleen-cardella,,,United States
Rachel Jie Tang,,Charlotte,North Carolina,NC,,,https://atriumhealth.org/provider-profile/rachel-tang-1386273191?utm_campaign=GCRprovider&utm_medium=Organic&utm_source=GMB&address_id=47332,,,United States
Brooke A. Spangler,,Charlotte,North Carolina,NC,,,https://atriumhealth.org/provider-profile/brooke-spangler-1750910410?search_uuid=ab20f770-7f0c-4c0a-abde-519ad6bbacfa,Patient submitted,,United States
Nicholas J. Masciello,,Charlotte,North Carolina,NC,,,https://atriumhealth.org/provider-profile/nicholas-masciello-1770046344?search_uuid=ab20f770-7f0c-4c0a-abde-519ad6bbacfa,Patient submitted,,United States
Courtney Moynihan,,Charlotte,North Carolina,NC,,,https://atriumhealth.org/provider-profile/courtney-moynihan-1801233390,Patient submitted,,United States
Ashley Fento,,Charlotte,North Carolina,NC,,,https://www.novanthealth.org/pf/providers/1093125619/ashley-fento/about-me,,,United States
Daphne Capek,,Charlotte,North Carolina,NC,,,https://atriumhealth.org/provider-profile/daphne-capek-1306223425,,,United States
Katherine Menezes,,Charlotte,North Carolina,NC,,,https://www.novanthealth.org/pf/providers/1811428154/katherine-menezes/about-me,,,United States
Kristi Balavage,,Charlotte,North Carolina,NC,,,https://www.novanthealth.org/pf/providers/1104320563/kristi-balavage/about-me,,,United States
Mala Freeman-kwaku,,Charlotte,North Carolina,NC,,,https://www.novanthealth.org/pf/providers/1972582286/mala-freeman-kwaku/about-me,,,United States
Smitha Vilasagar,,Charlotte,North Carolina,NC,,,https://drvilasagar.com/,Patient submitted,,United States
Ginger A. Dickerson,,Charlotte,North Carolina,NC,,,https://atriumhealth.org/provider-profile/ginger-dickerson-1558385062/,Patient submitted ,,United States
Ingrid Bullard,,Charlotte,North Carolina,NC,,,https://www.novanthealth.org/pf/providers/1457334815/ingrid-bullard,Patient submitted,,United States
Sarah A. Pollock,,Charlotte,North Carolina,NC,,,https://atriumhealth.org/provider-profile/sarah-pollock-1912311762?search_uuid=ab20f770-7f0c-4c0a-abde-519ad6bbacfa&address_id=4710,,,United States
Jennie Jarvis Hauschka,,Charlotte,North Carolina,NC,,,https://www.tryonmed.com/doctor/jennie-jarvis-hauschka-md-facog/,Patient submitted ,,United States
Kaylee Vandommelen,,Charlotte & Matthews,North Carolina,NC,,,https://www.novanthealth.org/pf/providers/1063972180/kaylee-vandommelen,,,United States
Jennifer Mury,,Clayton,North Carolina,NC,,,https://findadoc.unchealthcare.org/nc/smithfield/jennifer-mury-md-300-s-third-st,,,United States
Brittian Beaver,,Concord,North Carolina,NC,,,,Patient submitted ,,United States
Kaci Farmer,,Concord,North Carolina,NC,,,https://atriumhealth.org/provider-profile/kaci-farmer-1174813513?address_id=2656,,,United States
Kimberly A. Newman,,Concord,North Carolina,NC,,,https://atriumhealth.org/provider-profile/kimberly-newman-1477574721?utm_campaign=GCRprovider&utm_medium=Organic&utm_source=GMB,,,United States
Danielle Cohen,,Denver & Lincolnton,North Carolina,NC,,,https://atriumhealth.org/provider-profile/danielle-cohen-1619504784?address_id=87139,,"LGBTQ+ friendly, accepts Medicaid ",United States
Ankita Desai,,Durham,North Carolina,NC,,,,,,United States
Jonas Swartz,,Durham,North Carolina,NC,,,,,,United States
Lucy Schenkman,,Durham,North Carolina,NC,,,,,,United States
Nicolette Schreiber,,Durham,North Carolina,NC,,,,Patient submitted ,,United States
Jennifer B. Gilner,,Durham,North Carolina,NC,,,https://www.dukehealth.org/find-doctors-physicians/jennifer-b-gilner-md-phd,Patient submitted ,,United States
Elizabeth G. Motyka,,Durham,North Carolina,NC,,,https://www.forwomengyn.com/,Patient submitted,,United States
Henry N. Pleasant Jr.,,Durham,North Carolina,NC,,,https://www.dukehealth.org/find-doctors-physicians/henry-n-pleasant-jr-md,,,United States
Lucy M. Schenkman,,Durham,North Carolina,NC,,,https://www.dukehealth.org/find-doctors-physicians/lucy-m-schenkman-md,,,United States
Anea Dickerson,,Fayettesville,North Carolina,NC,,,,Patient submitted,,United States
Connette P. Mcmahon,,Fayetteville,North Carolina,NC,,,https://www.jonescenterforwomen.com/meet-our-doctors,Patient submitted,,United States
Michael R. Jones,,Fayetteville,North Carolina,NC,,,https://www.jonescenterforwomen.com/meet-our-doctors,Patient submitted,,United States
Ane Hall,,Fayetteville,North Carolina,NC,,,https://www.birthandwomenscare.com/our-practice/meet-our-providers/,Patient submitted ,,United States
"Alan ""shay"" Davis",,Fayetteville,North Carolina,NC,,,https://www.fwc.net/profile/alan-shay-davis/,,,United States
Erin Hartsell,,Gastonia,North Carolina,NC,,,,Patient submitted ,,United States
Carolin Haeusler Rossavik,,Gastonia,North Carolina,NC,,,https://caromonthealth.org/doctors/caromont-medical-group/carolin-haeusler-rossavik-do/,,,United States
Angela Y. Roberts,,Greensboro,North Carolina,NC,,,https://www.centralcarolinaobgyn.com/team/dr.-angela-y.-roberts,Patient submitted,,United States
Michelle L. Grewal,,Greensboro,North Carolina,NC,,,https://www.conehealth.com/find-a-doctor/doctor-profile/michelle-grewal/,,,United States
Kelly A. Fogleman,,Greensboro,North Carolina,NC,,,https://www.wendoverobgyn.com/kelly-a-fogleman,,,United States
Kelsey Smith,,Greensboro,North Carolina,NC,,,https://gsoobgyn.com/meet-our-providers/,,,United States
Dyanna Clark,,Greensboro,North Carolina,NC,,,https://gvobgyn.com/physicians/dyanna-clark-m-d/,,,United States
Melissa Davies,,Greensboro,North Carolina,NC,,,https://www.eaglemds.com/physicians-and-providers/melissa-davies-do/,Patient submitted ,,United States
Kelley Haven,,Greenville,North Carolina,NC,,,https://www.physicianseast.com/physician/kelley-haven/,Patient submitted,,United States
Jennifer L. Ferguson,,Greenville,North Carolina,NC,,,https://locations.ecuhealth.org/providers/details/1847/jennifer-ferguson-obstetrics__gynecology-greenville,,,United States
Kelley E. Haven,,Greenville,North Carolina,NC,,,https://locations.ecuhealth.org/Providers/details/1832/kelley-haven-obstetrics__gynecology-greenville?FreeText%3aFullname=kelley+haven,,,United States
Kori B. Whitley,,Greenville,North Carolina,NC,,,https://locations.ecuhealth.org/Providers/details/1322/kori-whitley-obstetrics__gynecology-greenville?FreeText%3aFullname=kori+whitley,,,United States
Scott R. Avery,,Greenville,North Carolina,NC,,,https://locations.ecuhealth.org/Providers/details/1455/scott-avery-obstetrics__gynecology-greenville?FreeText%3aFullname=scott+avery,,,United States
Kelley E. Haven,,Greenville,North Carolina,NC,,,https://locations.ecuhealth.org/Providers/details/1832,Patient submitted,,United States
Rebecca L. Skaret,,Hampstead,North Carolina,NC,,,https://www.wilmingtonhealth.com/providers/rebecca-l-skaret-md-facog/,Patient submitted,,United States
Anita Krishna Das,,Hendersonville,North Carolina,NC,,,https://www.myprivia.com/hvilleobgyn/providers/dr-krishna-das-md-facog,Patient submitted,,United States
Maridee Spearman,,Hendersonville,North Carolina,NC,,,https://www.unchealth.org/care-services/doctors/s/maridee-spearman-md-facog,Patient submitted,,United States
Jill Katherine Simon,MD,Hickory,North Carolina,NC,,,https://www.fryecarephysicians.com/provider/1124463336/jill-katherine-simon-md,,,United States
Abigail R. Gifford,,High Point,North Carolina,NC,,,https://www.wakehealth.edu/providers/g/abigail-rose-gifford,Patient submitted,,United States
Amy Bryant,,Hillsborough,North Carolina,NC,,,https://www.unchealth.org/care-services/doctors/b/amy-bryant-md-mscr,Patient submitted,,United States
Bridget Anne Tobin,,Holly Springs,North Carolina,NC,,,https://www.northcarolinaobgynmidwifery.com/about-obgyn-medical-office-raleigh/staff/,Patient submitted ,,United States
Chrisanne Roach,,Holly Springs,North Carolina,NC,,,https://www.northcarolinaobgynmidwifery.com/about-obgyn-medical-office-raleigh/staff/,Patient submitted,,United States
Bridget A. Tobin,,Holly Springs,North Carolina,NC,,,https://www.unchealth.org/care-services/doctors/t/bridget-anne-tobin-md,,,United States
Aunea Lynn Marra,,Huntersville,North Carolina,NC,,,https://atriumhealth.org/provider-profile/aundrea-marra-1285892448,Patient submitted,,United States
Jheel Shah,,Huntersville,North Carolina,NC,,,https://www.novanthealth.org/pf/providers/1396108411/jheel-shah,,,United States
Brianna S. Whittemore,,Jacksonville,North Carolina,NC,,,https://doctor.webmd.com/doctor/brianna-whittemore-3c9a0edd-5617-4b86-ac6c-4f1344c55964-overview,Patient submitted,,United States
Joseph L. Cooper,,Kenansville,North Carolina,NC,,,https://duplinobgyn.org/about/,,,United States
Meaghan M. Aalto,,Lexington & Thomasville,North Carolina,NC,,,https://www.novanthealth.org/pf/providers/1487940292/meaghan-aalto,,,United States
Kellen C. Goldschmidt,,Lincolnton,North Carolina,NC,,,https://atriumhealth.org/provider-profile/kellen-goldschmidt-1730568049?address_id=32735,Patient submitted,,United States
Ebony Parson,,Matthews,North Carolina,NC,,,https://www.novanthealth.org/pf/providers/1588950729/about-me,,,United States
Jessica Rhodes,DO,Mooresville,North Carolina,NC,,,,,,United States
Nicole S. Wellbaum,,Mooresville,North Carolina,NC,,,https://piedmonthealthcare.com/provider/wellbaum-nicole-s-md/,,,United States
Jessica Rhodes,,Mooresville,North Carolina,NC,,,https://lakeshorewomen.com/providers/,,,United States
Nailarashida Frye,,Mooresville,North Carolina,NC,,,https://piedmonthealthcare.com/provider/nailarashida-frye-md/,Patient submitted,,United States
Nicole Wellbaum,,Mooresville,North Carolina,NC,,,,,,United States
Nicole M. D'anea,,Morehead City,North Carolina,NC,,,https://carteretobgyn.com/meet-the-doctors/doctor-nicole-m-dandrea/,,,United States
Olivia J. Mccallum,,Morehead City,North Carolina,NC,,,https://carteretobgyn.com/meet-the-doctors/doctor-olivia-j-mccallum/,,,United States
Sheli Garrett-albaugh,,Morehead City,North Carolina,NC,,,https://carteretobgyn.com/meet-the-doctors/doctor-sheli-garrett-albaugh/,,,United States
Jeremy Belch,,New Bern,North Carolina,NC,,,https://easterncarolinawomens.com/jeremy-belch-md/,,,United States
Jeremy Belch,,New Bern,North Carolina,NC,,,https://easterncarolinawomens.com/jeremy-belch-md/,,,United States
Rolvix H. Patterson,,New Bern,North Carolina,NC,,,https://easterncarolinawomens.com/rolvix-h-patterson-md-facog/,,,United States
Cassana Hornbuckle,,North Wilkesboro,North Carolina,NC,,,https://www.wakehealth.edu/providers/h/cassandra-hornbuckle,Patient submitted,Transgender friendly ,United States
Michaela Beynon,,Oxford,North Carolina,NC,,,https://www.mariaparham.com/find-a-doctor/provider/1881117075,,,United States
Stephen Szabo,,Pinehurst,North Carolina,NC,,,https://pinehurstsurgical.com/providers/stephen-a-szabo-md-facog-facs/,Patient submitted,,United States
Abigail Hardin,,Raleigh,North Carolina,NC,,,,,,United States
Alan Segal,,Raleigh,North Carolina,NC,,,https://www.raleighob.com/meet-our-providers/alan-b-segal-md/,,,United States
Brian Brimmage,,Raleigh,North Carolina,NC,,,https://www.raleighob.com/meet-our-providers/brian-c-brimmage-md/,,,United States
Brooke Murphy,,Raleigh,North Carolina,NC,,,https://www.raleighob.com/provider/dr-murphy/,,,United States
Camaryn Chrisman-robbins,,Raleigh,North Carolina,NC,,,https://www.raleighob.com/meet-our-providers/camaryn-chrisman-robbins-md/,,,United States
Claire Sellars,,Raleigh,North Carolina,NC,,,https://capitalareaobgyn.com/providers/,,,United States
Jenifer Briscoe,,Raleigh,North Carolina,NC,,,https://www.raleighob.com/meet-our-providers/jenifer-r-briscoe-md/,,,United States
Joanna Evans,,Raleigh,North Carolina,NC,,,https://www.wakemed.org/provider/joanna-evans-md-ob-gyn,,,United States
Katie Brown,,Raleigh,North Carolina,NC,,,https://www.dukehealth.org/find-doctors-physicians/florence-k-brown-md,,,United States
Nan Wang,,Raleigh,North Carolina,NC,,,https://www.associatesinwomenshealthcare.net/,,,United States
Prashanti Aryal,,Raleigh,North Carolina,NC,,,,,,United States
Tanneisha S.barlow,,Raleigh,North Carolina,NC,,,https://findadoc.unchealthcare.org/nc/raleigh/tanneisha-s-barlow-md-4414-lake-boone-trail,,,United States
Tatiana Acosta,,Raleigh,North Carolina,NC,,,https://www.raleighob.com/provider/tatiana-acosta-md-mph/,,Speaks spanish,United States
Caledonia Buckheit,,Raleigh,North Carolina,NC,,,https://www.kmobgyn.com/provider/caledonia-buckheit/,,Speaks Spanish,United States
Jenna Beckham,,Raleigh,North Carolina,NC,,,https://www.wakemed.org/provider/jenna-beckham-md-msph-facog-ob-gyn,,,United States
Prashanti Aryal,,Raleigh,North Carolina,NC,,,https://wakewomenshealth.com/our-gynecologists/,,,United States
Corey S. Bolac,,Raleigh,North Carolina,NC,,,https://www.dukehealth.org/find-doctors-physicians/corey-s-bolac-md?utm_source=bing&utm_medium=local&utm_campaign=evergreen,,,United States
Jeffrey Sabolovic,,Rutherfordton,North Carolina,NC,,,https://atriumhealth.org/provider-profile/jeffrey-sabolovic-1053453399,,,United States
Hollis Konitzer,,Shelby,North Carolina,NC,,,https://atriumhealth.org/provider-profile/hollis-konitzer-1508270570?address_id=4772,,,United States
Katie Borders,,Shelby,North Carolina,NC,,,,,,United States
Martyn D. Woleben,,Whiteville,North Carolina,NC,,,https://doctor.webmd.com/doctor/martyn-woleben-dfae2b42-f646-4495-b635-1f203eee4950-overview,Patient submitted ,,United States
Jordan Hauck,,Wilmington,North Carolina,NC,,,https://www.wilmingtonhealth.com/providers/jordan-hauck-do/,,,United States
Todd Beste,,Wilmington,North Carolina,NC,,,https://www.novanthealth.org/pf/providers/1427040104/todd-beste,Patient submitted,,United States
Amanda Labenne,,Wilmington,North Carolina,NC,,,,,,United States
Lee Ann Garner,,Wilmington,North Carolina,NC,,,https://www.novanthealth.org/pf/providers/1699092346/lee-garner,Patient submitted ,,United States
Suzanne Fiscus,,Wilson,North Carolina,NC,,,https://wilsonobgyn.com/doctor/suzanne-fiscus/,Patient submitted,,United States
Kim Zander,MD,Winston Salem,North Carolina,NC,,,,,,United States
April Miller,,Winston-salem,North Carolina,NC,,,https://www.wakehealth.edu/providers/m/april-milan-miller,Patient submitted,,United States
Temple Steele,,Winston-salem,North Carolina,NC,,,https://www.novanthealth.org/pf/providers/1538522479/temple-steele/ratings,,,United States
Erik C. Usher,,Winston-salem,North Carolina,NC,,,https://www.lyndhurstgyn.com/providers/erik-c-usher-do/,Patient submitted,,United States
Laura Rankin,,Winston-salem And Lexington,North Carolina,NC,,,https://www.wakehealth.edu/providers/r/laura-rankin,,Speaks spanish,United States
Thomas J. Mcdonald,,Albemarle,North Carolina,NC,,,https://atriumhealth.org/provider-profile/thomas-mcdonald-1053319327,Patient submitted,,United States
Diana Spahlinger Mccarthy,,Cary,North Carolina,NC,,,https://www.wakemed.org/provider/diana-spahlinger-mccarthy-md-mph-facog-ob-gyn,Patient submitted,,United States
Landon Williams,,Cary,North Carolina,NC,,,https://tp4w.com/dr-landon-williams,,,United States
Anna C. Raines,,Charlotte,North Carolina,NC,,,https://atriumhealth.org/provider-profile/anna-raines-1386271898?address_id=47346,,,United States
Savannah Pena,,Charlotte,North Carolina,NC,,,https://www.novanthealth.org/pf/providers/1750812434/savannah-pena,Patient submitted,,United States
Mollie E. Kotzen,,Durham,North Carolina,NC,,,https://www.dukehealth.org/find-doctors-physicians/mollie-e-kotzen-md-mph?utm_source=google&utm_medium=local&utm_campaign=evergreen,,,United States
Tristan G. Sanz,,Winston-salem,North Carolina,NC,,,https://www.lyndhurstgyn.com/providers/tristan-g-sanz-md/,Patient submitted ,,United States
Heather Sandness Nelson,,Bismarck,North Dakota,ND,,,https://www.middakotaclinic.com/doctors/heather_sandnessnelson/,,,United States
Jessica Sedevie,,Bismarck,North Dakota,ND,,,https://www.sanfordhealth.org/doctors/jessica-sedevie,,,United States
Joshua Sayler,,Bismarck,North Dakota,ND,,,https://www.sanfordhealth.org/doctors/joshua-sayler,Patient submitted,,United States
Peter Klemin,,Bismarck,North Dakota,ND,,,https://www.sanfordhealth.org/doctors/peter-klemin,Patient submitted,,United States
Rachel Peterson,,Bismarck,North Dakota,ND,,,,,,United States
Rhonda Schafer-mclean,,Bismarck,North Dakota,ND,,,https://balancend.com/team-member/dr-rhonda-schafer-mclean/,Patient submitted ,,United States
Caitlin Pandolfo,,Fargo,North Dakota,ND,,,https://www.essentiahealth.org/find-doctor-provider/profile/caitlin-pandolfo/,,,United States
Jared Sander,,Fargo,North Dakota,ND,,,https://www.essentiahealth.org/find-doctor-provider/profile/jared-sander/,,,United States
Jedidiah Perkerewicz,,Fargo,North Dakota,ND,,,https://www.sanfordhealth.org/doctors/jedidiah-perkerewicz,Patient submitted,,United States
Lacey Krebsbach,,Fargo,North Dakota,ND,,,https://www.sanfordhealth.org/doctors/lacey-krebsbach,,,United States
Michaela Heller,,Fargo,North Dakota,ND,,,https://www.essentiahealth.org/find-doctor-provider/profile/michaela-heller/,,,United States
Tamara Jacobson,,Fargo,North Dakota,ND,,,https://www.sanfordhealth.org/doctors/tamara-jacobson?yxt_info=provider-EEEBC13D-D571-46AD-AC62-1A2E319C0CCE&y_source=1_MTk2NTM1NDItNDgzLWxvY2F0aW9uLndlYnNpdGU%3D,Patient submitted,,United States
Angela Strang,,Fargo,North Dakota,ND,,,,Patient submitted ,,United States
Jordan Coauette,,Fargo,North Dakota,ND,,,,,,United States
Joyoti Saha,,Fargo,North Dakota,ND,,,,Patient submitted ,,United States
Erica Argall,,Fargo,North Dakota,ND,,,https://www.sanfordhealth.org/doctors/erica-argall,Patient submitted ,,United States
Brenden Boe,,Grand Forks,North Dakota,ND,,,,,,United States
Pierre Barbot,,Grand Forks,North Dakota,ND,,,https://www.altru.org/find-a-provider/pierre-a-barbot-md/,Patient submitted,,United States
Jessie Fauntleroy,,Minot,North Dakota,ND,,,,Patient submitted ,,United States
Jon Dangerfield,,West Fargo,North Dakota,ND,,,https://www.sanfordhealth.org/doctors/jon-dangerfield,Patient submitted,LGBTQ+ friendly,United States
Christine Arnold,,Akron,Ohio,OH,,,https://physicians.summahealth.org/provider/Christine+M+Arnold/789493,,,United States
David Biats,,Akron,Ohio,OH,,,https://my.clevelandclinic.org/staff/24363-david-biats,Patient submitted,,United States
Jacqueline Zuponcic,,Akron,Ohio,OH,,,https://my.clevelandclinic.org/staff/24557-jacqueline-zuponcic,Patient submitted,,United States
Jessica Clemons,,Akron,Ohio,OH,,,,,,United States
Justin Wexler,,Akron,Ohio,OH,,,https://physicians.summahealth.org/provider/Justin+I+Wexler/2006564,,,United States
Marissa Levine,,Akron,Ohio,OH,,,https://my.clevelandclinic.org/staff/29566-marissa-levine,,,United States
Whitney Sommers,,Akron,Ohio,OH,,,,,,United States
Timothy Tulley Kermode,,Athens,Ohio,OH,,,,Patient submitted ,,United States
Daniel Hall,,Barberton,Ohio,OH,,,,Patient submitteed,,United States
Kathy Jender,,Bowling Green,Ohio,OH,,,https://www.woodcountyhospital.org/providers/kathy-jender-fnp-bc-msn,Patient submitted,,United States
Jay Hoppe,,Canton,Ohio,OH,,,,,,United States
Julie Yang,,Canton,Ohio,OH,,,,,,United States
Sara Lemin,,Canton,Ohio,OH,,,,,,United States
Sareena Singh,,Canton,Ohio,OH,,,https://aultmandocs.com/physicians/sareena-singh,,,United States
Caroline Peterson,,Centerville,Ohio,OH,,,https://ketteringphysiciannetwork.org/practicedoc.cfm?DID=676&p=190,Patient submitted,,United States
Michelle L. Durrant,,Centerville,Ohio,OH,,,https://doctors.premierhealth.com/provider/Michelle+Lee+Durrant/2552525?utmsource=bing&utmmedium=website&utmcampaign=kyruussoci,,,United States
Alan Altman,,Cincinnati,Ohio,OH,,,,Patient submitted ,,United States
Amanda Jackson,,Cincinnati,Ohio,OH,,,,,,United States
Anita Weisberger,,Cincinnati,Ohio,OH,,,https://www.thechristhospital.com/physician-details?Provider=D2V40JSN09,Patient submitted,,United States
Anna Stecher,,Cincinnati,Ohio,OH,,,,Patient submitted ,,United States
Betsy Leroy,,Cincinnati,Ohio,OH,,,https://directory.trihealthpho.com/provider/Elizabeth+LeRoy/775581,,,United States
Constance Wurzbacher,,Cincinnati,Ohio,OH,,,https://directory.trihealthpho.com/provider/Constance+A+Wurzbacher/775172,Patient submitted,,United States
Elizabeth Venard,,Cincinnati,Ohio,OH,,,,Patient submitted ,,United States
Jane Morris,,Cincinnati,Ohio,OH,,,,,,United States
Samantha Sinclair,,Cincinnati,Ohio,OH,,,https://www.thechristhospital.com/physician-details?Provider=%230012V6SBE,,"LGBTQ+ friendly, accepts Medicaid",United States
Shwetha Manoharan,,Cincinnati,Ohio,OH,,,https://directory.trihealthpho.com/provider/Shwetha+Manoharan/942986,Patient submitted,,United States
Lana R. Lange,,Cincinnati,Ohio,OH,,,https://www.thechristhospital.com/physician-details?Provider=S39K0M0MSQ,Patient submitted ,,United States
Marianne Dinapoli,,Cincinnati,Ohio,OH,,,,,,United States
Meredith Pensak,,Cincinnati,Ohio,OH,,,https://med.uc.edu/landing-pages/faculty-profile/Index/Pubs/pensakmj,Patient submitted,,United States
Molly Carey,,Cincinnati,Ohio,OH,,,,,,United States
Priya Gursahaney,,Cincinnati,Ohio,OH,,,https://med.uc.edu/education/medical-student-education/research/mentor-profile/Index/Pubs/gursahpa,Patient submitted,,United States
Stephanie Manolis,,Cincinnati,Ohio,OH,,,https://www.trihealth.com/provider/Stephanie-Manolis/774819,Patient submitted,,United States
Laura S. Van Wyck,,Cincinnati,Ohio,OH,,,https://www.thechristhospital.com/physician-details?Provider=%230010D2KAU,Patient submitted,,United States
Kathryn G. Calhoun,,Cincinnati,Ohio,OH,,,https://www.trihealth.com/provider/Kathryn-Guida-Calhoun/2639376,,,United States
Stephanie Manolis,,Cincinnati,Ohio,OH,,,https://directory.trihealthpho.com/provider/stephanie-manolis/774819,,,United States
Pratika Goparaju,,Cincinnati,Ohio,OH,,,https://www.trihealth.com/provider/Pratika-Goparaju/2625890,,,United States
Cynthia D. Okot-kotber,,Cincinnati,Ohio,OH,,,https://www.trihealth.com/provider/Cynthia-D-OkotKotber/2625882,,,United States
Chelsea K. Mckirnan,,Cincinnati,Ohio,OH,,,https://www.trihealth.com/provider/Chelsea-K-McKirnan/1597255,,,United States
David Goldfarb,,Circleville,Ohio,OH,,,https://www.ohiohealth.com/find-a-doctor/profile/1578557310/David-B-Goldfarb-MD,Patient submitted,,United States
Kara Konys,,Cleveland,Ohio,OH,,,https://www.metrohealth.org/physician/kara-konys-148601,,,United States
Steven A. Weight,,Cleveland,Ohio,OH,,,https://www.metrohealth.org/physician/steven-weight-035113,Patient submitted,,United States
Sarah R. Hershman,,Cleveland,Ohio,OH,,,https://my.clevelandclinic.org/staff/26196-sarah-hershman,,,United States
Jonathan Steer-massaro,,Cleveland,Ohio,OH,,,https://my.clevelandclinic.org/staff/30381-jonathan-steer-massaro,,,United States
Clodagh R. Mullen,,Cleveland,Ohio,OH,,,https://www.metrohealth.org/physician/clodagh-mullen-202834,Patient submitted,"LGBTQ+ friendly, speaks Spanish",United States
Sybil S. Sailofsky,,Cleveland,Ohio,OH,,,https://www.metrohealth.org/physician/sybil-sailofsky-181164,Patient submitted ,,United States
Lauren Bouchard,,Cleveland,Ohio,OH,,,https://my.clevelandclinic.org/staff/26257-lauren-bouchard,,,United States
Lynette Karth,,Cleveland (lakewood),Ohio,OH,,,https://my.clevelandclinic.org/staff/18139-lynnette-karth,Patient submitted,,United States
Allison Murphy,,Columbus,Ohio,OH,,,https://www.ohiohealth.com/find-a-doctor/profile/1962744060/Allison-M-Murphy-MD,,,United States
Brett Worly,,Columbus,Ohio,OH,,,https://wexnermedical.osu.edu/find-a-doctor/brett-worly-md-50255,Patient submitted,,United States
Erika Boothman,,Columbus,Ohio,OH,,,https://pwhealth.com/dr-erika-boothman,,,United States
Grant Sefton,,Columbus,Ohio,OH,,,https://www.ohiohealth.com/find-a-doctor/profile/1437699386/Jonathan-G-Sefton-DO,,,United States
Kamilah Dixon,,Columbus,Ohio,OH,,,,,,United States
Katherine Rivlin,,Columbus,Ohio,OH,,,,Patient submitted ,,United States
Michael Blumenfeld,,Columbus,Ohio,OH,,,https://wexnermedical.osu.edu/find-a-doctor/michael-blumenfeld-md-1192,Patient submitted,,United States
Shivkamini Somasundaram,,Columbus,Ohio,OH,,,https://www.ohiohealth.com/find-a-doctor/profile/1760437982/Shivkamini-Somasundaram-MD,Patient submitted ,,United States
Madison Labroo,,Columbus,Ohio,OH,,,https://wexnermedical.osu.edu/find-a-doctor/madison-labroo-md-113293,,,United States
Beth Lafont,,Columbus,Ohio,OH,,,,,,United States
Chanel L. Sinclair,,Columbus,Ohio,OH,,,https://columbusobgyn.com/provider/chanel-sinclair-md/,,,United States
Lindsey Grantham,,Columbus,Ohio,OH,,,https://wexnermedical.osu.edu/find-a-doctor/lindsey-grantham-md-71255,,,United States
Meenal Misal,,Columbus,Ohio,OH,,,https://wexnermedical.osu.edu/find-a-doctor/meenal-misal-md-125571,Patient submitted ,LGBTQ+ friendly ,United States
Brianne Plante,,Columbus,Ohio,OH,,,https://avinawomenscare.com/providers/brianne-plante-d-o/,Patient submitted,,United States
Jessica Guinness,,Columbus,Ohio,OH,,,https://avinawomenscare.com/providers/jessica-guinness-m-d/,Patient submitted,,United States
Anita P. Somani,,Columbus,Ohio,OH,,,https://www.ohiohealth.com/find-a-doctor/profile/1255387635/Anita-P-Somani-MD,Patient submitted ,,United States
Brienne N. Williford,,Columbus,Ohio,OH,,,https://www.ohiohealth.com/find-a-doctor/profile/1538457676/Brienne-N-Williford-MD,Patient submitted ,,United States
Kelly Tucker,,Columbus,Ohio,OH,,,https://wexnermedical.osu.edu/find-a-doctor/kelly-tucker-md-78998,Patient submitted,,United States
Elizabeth Orwick,,"Columbus, Dublin & Westerville",Ohio,OH,,,https://avinawomenscare.com/providers/elizabeth-orwick-m-d/,Patient submitted ,,United States
David Dhanraj,,Dayton,Ohio,OH,,,https://wrightstatephysicians.org/doctors/david-dhanraj/,,,United States
Huey & Weprin (all Doctors),,Dayton,Ohio,OH,,,https://www.hueyandweprin.com/doctors/,,,United States
Keith Reisinger-kindle,,Dayton,Ohio,OH,,,,,,United States
Kristen L. Caldwell,,Dayton,Ohio,OH,,,https://ketteringphysiciannetwork.org/searchdoc.cfm?ID=788,,,United States
Melanie Bukhari,,Dayton,Ohio,OH,,,https://doctors.premierhealth.com/provider/Melanie+J.+Bukhari/1805867,,,United States
Samantha Houser,,Dayton,Ohio,OH,,,https://farhillsobgyn.com/about/,Patient submitted,,United States
Shannon Mcafee D.o.,,Dayton,Ohio,OH,,,https://www.premierhealth.com/directory/profile/1609033125,,,United States
Kelly Nagy,,Dayton,Ohio,OH,,,,,,United States
Leesa A. Kaufman,,Dayton,Ohio,OH,,,https://doctors.premierhealth.com/provider/leesa+a.+kaufman/1780047,,,United States
Yangshu Linda Pan,,Dayton,Ohio,OH,,,https://doctors.premierhealth.com/provider/y-linda-pan/2298526,,LGBTQ+ friendly ,United States
Samantha M. Younglove,,Dayton,Ohio,OH,,,https://doctors.premierhealth.com/provider/samantha-m-younglove/3048899,,,United States
Felicity Harl,,Dayton,Ohio,OH,,,https://www.premierhealth.com/directory/profile/1831658590,,,United States
Rebecca Rudesill,,Dublin,Ohio,OH,,,https://wexnermedical.osu.edu/find-a-doctor/rebecca-rudesill-md-50115,,,United States
Douglas Sherlock,,Elyria,Ohio,OH,,,https://www.uhhospitals.org/doctors/Sherlock-Douglas-1194078717,Patient submitted,,United States
Michele Lowe,,Elyria,Ohio,OH,,,https://www.uhhospitals.org/doctors/Lowe-Michele-1841235884?utm_campaign=Lowe_Michele_125_E_Broad_St&utm_source=yext&utm_medium=locallisting&utm_content=website_url,Patient submitted,,United States
Carmen Doty-armstrong,,Findlay,Ohio,OH,,,,Patient submitted ,,United States
Anastasia Matthews,,Gahanna,Ohio,OH,,,https://wexnermedical.osu.edu/find-a-doctor/anastasia-matthews-md-97022,,,United States
Anew Martin,,Gallipolis,Ohio,OH,,,https://www.holzer.org/find-a-doctor/profile/andrew-martin/,Patient submitted,,United States
Robert Bowers,,Gallipolis,Ohio,OH,,,https://www.holzer.org/find-a-doctor/profile/robert-bowers/,Patient submitted,,United States
Kelly D. Risner,,Hamilton,Ohio,OH,,,https://ketteringhealth.org/doctors/kelly-d-risner-1285749846/,Patient submitted,,United States
Lauren Scott,,Holland,Ohio,OH,,,,Patient submitted ,,United States
Nancy Arquette,,Holland,Ohio,OH,,,https://health.usnews.com/doctors/nancy-arquette-586083,Patient submitted,,United States
Susan Emmerling,,"Huber Heights, Beavercreek",Ohio,OH,,,https://doctors.premierhealth.com/provider/Susan+M.+Emmerling/1780199,Patient submitted,,United States
Erin Higgins,,"Independence, Cleveland",Ohio,OH,,,https://my.clevelandclinic.org/staff/23264-erin-higgins,,,United States
Jenny Demos,,Liberty Township (cincinnati Area),Ohio,OH,,,https://www.thechristhospital.com/physician-details?Provider=K4D60U2ZX3,,,United States
Darcy Langhals,,Lima,Ohio,OH,,,https://www.healthcare4ppl.com/physician/ohio/lima/darcy-l-langhals-1356875017.html,,,United States
Jennifer Niesen,,Lima,Ohio,OH,,,,Patient submitted ,,United States
Michelle Coates,,Lima,Ohio,OH,,,,Patient submitted ,,United States
Rachel Pope,,Lyndhurst,Ohio,OH,,,https://www.uhhospitals.org/doctors/Pope-Rachel-1255623658,Patient submitted ,Trans friendly,United States
Alyssa Sickle,,Mansfield,Ohio,OH,,,https://www.wcareinc.com/our-providers,,,United States
Michael Subit,,Mansfield,Ohio,OH,,,https://www.wcareinc.com/our-providers,Patient submitted,,United States
Gabrielle Prokop,,Marietta,Ohio,OH,,,https://www.mhsystem.org/physiciandetail.php?NPI=1851754139,,,United States
Megan Smith,,Marietta,Ohio,OH,,,https://mhsystem.org/physiciandetail.php?NPI=1518300391,,,United States
Jay R. Moodley,,Marion,Ohio,OH,,,https://www.ohiohealth.com/find-a-doctor/profile/1609805126/jay-r-moodley-md,Patient submitted,,United States
Matthew Hazelbaker,,Marysville,Ohio,OH,,,https://avinawomenscare.com/providers/matthew-hazelbaker-m-d/,Patient submitted,,United States
Danielle Martter,,Marysville,Ohio,OH,,,https://avinawomenscare.com/providers/danielle-martter-m-d/,Patient submitted ,,United States
Amy Brenner,,Mason,Ohio,OH,,,,Patient submitted ,,United States
Amy Renshaw,,Mason,Ohio,OH,,,,Patient submitted ,,United States
Samantha Clark,,Massillon / Orville / Doylestown,Ohio,OH,,,,,,United States
Rachel Haas,,Maumee,Ohio,OH,,,https://www.promedica.org/provider/rachel-haas-do-obstetrics,Patient submitted,,United States
Shannon Connole,,Maumee,Ohio,OH,,,https://www.promedica.org/provider/shannon-connole-do-obstetrics,Patient submitted,,United States
Arminee Apoian,,Maumee,Ohio,OH,,,https://www.promedica.org/provider/arminee-apoian-md-obstetrics?utm_source=bing&utm_medium=organic&utm_campaign=bingplaces,Patient submitted ,,United States
Heather Hilkowitz,,Middletown/lebanon/west Chester,Ohio,OH,,,http://hilltopobgyn.com/Our-Physicians.php,Patient submitted,,United States
Ronald Merkel,,Montgomery,Ohio,OH,,,https://directory.trihealthpho.com/provider/Ronald+Merkel/774951,Patient submitted,,United States
Emily Woods,,Mount Vernon,Ohio,OH,,,,,,United States
Kristen Witham,,Mount Vernon,Ohio,OH,,,https://www.kch.org/providers/kristen-witham-do,,,United States
Melanie Katz,,North Olmsted,Ohio,OH,,,https://my.clevelandclinic.org/staff/28625-melanie-katz,,,United States
Helen O'connell,,Perrysburg,Ohio,OH,,,,Patient submitted ,,United States
Kristi Pedler,,Sidney,Ohio,OH,,,,,,United States
Nisrine Benmessaoud-zahir,,Tallmadge,Ohio,OH,,,https://my.clevelandclinic.org/staff/97584-nisrine-benmessaoud-zahir,Patient submitted,,United States
James Graham,,Tallmadge,Ohio,OH,,,https://www.womenshealthg.com/physicians-clinical-staff,Patient submitted ,,United States
Jessica Lafyatis,,Toledo,Ohio,OH,,,https://www.promedica.org/provider/jessica-lafyatis-do-obstetrics?utm_source=bing&utm_medium=organic&utm_campaign=bingplaces,Patient submitted,,United States
Natalie Mondary,,Warren,Ohio,OH,,,https://www.mercy.com/find-a-doctor/physicians/natalie-a-mondary/353606,,,United States
Tara Shipman,,Warren,Ohio,OH,,,https://www.mercy.com/find-a-doctor/physicians/tara-a-shipman/353612,,,United States
Britta Buchenroth,,Westerville,Ohio,OH,,,,,,United States
Regina Hill,,Westlake,Ohio,OH,,,https://renewyou.health/,Patient submitted,,United States
Abigail Tucker,,Willoughby,Ohio,OH,,,,Patient submitted ,,United States
Rebecca Crockett,,Willoughby,Ohio,OH,,,https://www.uhhospitals.org/doctors/Crockett-Rebecca-1376702241,Patient submitted ,,United States
Christina Miller,,Wooster,Ohio,OH,,,https://woosterobgyn.com/about/,,,United States
James Miller,,Wooster,Ohio,OH,,,https://woosterobgyn.com/about/,,,United States
Katherine S. Lin,,Xenia,Ohio,OH,,,https://doctors.premierhealth.com/provider/Katherine+S.+Lin/1780192,Patient submitted ,speaks Chinese-Mandarin,United States
Constantine G Economus,,Youngstown,Ohio,OH,,,,Patient submitted ,,United States
Kristina Loomis,,Zanesville,Ohio,OH,,,https://health.usnews.com/doctors/kristina-loomis-648816,Patient submitted ,,United States
Maggie E. Rechel,,Athens,Ohio,OH,,,https://www.ohiohealth.com/find-a-doctor/profile/1104367333/Maggie-E-Rechel-MD?utm_source=yext&utm_medium=listings&utm_campaign=WebsiteClicksProvider,,,United States
Margaret Mirro Vick,,Cincinnati,Ohio,OH,,,https://www.trihealth.com/provider/Margaret-Rose-Mirro/2297749,,,United States
Brienne N. Williford,,Columbus,Ohio,OH,,,https://www.ohiohealth.com/find-a-doctor/profile/1538457676/Brienne-N-Williford-MD,Patient submitted,,United States
Lauren Kuhlman,,Perrysburg,Ohio,OH,,,https://www.woodcountyhospital.org/providers/lauren-kuhlman-do,,,United States
Pamela Kimbrough,,Ardmore,Oklahoma,OK,,,,Patient submitted ,,United States
Tarynn Freeman,,Bartlesville,Oklahoma,OK,,,https://healthcare.ascension.org/doctors/1972929875/tarynn-nicole-freeman-bartlesville-ok,Patient submitted,,United States
Wesley Vaughan,,Edmond,Oklahoma,OK,,,,Patient submitted ,,United States
Micheal Jackson,,Enid,Oklahoma,OK,,,https://integrisok.com/doctors/michael-s-jackson,Patient submitted,,United States
Christopher Lee,,Enid,Oklahoma,OK,,,https://doctors.stmarysphysicianassociates.com/provider/christopher-lee/1676596,Patient submitted,,United States
Ashley Shelley,,Grove,Oklahoma,OK,,,https://integrishealth.org/doctors/ashley-shelley,Patient submitted,,United States
Kristine Bryant,,Jenks,Oklahoma,OK,,,https://uticaparkclinic.com/physicians/kristine-bryant-do,Patient submitted,,United States
Kamron Torbati,,Mcalester,Oklahoma,OK,,,,Patient submitted ,,United States
Matthew Graves,,Mcalester,Oklahoma,OK,,,,Patient submitted ,,United States
Allison Carter,,Norman,Oklahoma,OK,,,,,,United States
Ronni Farris,,Norman,Oklahoma,OK,,,https://www.normanregional.com/doctors/968-ronni-farris-md,,,United States
Leslie Ollar-shoemake,,Norman,Oklahoma,OK,,,https://www.whcnorman.com/provider/leslie-ollar-shoemake-do,Patient submitted,,United States
Mary D. Chambers,,Norman,Oklahoma,OK,,,https://www.whcnorman.com/provider/mary-dianne-chambers-md,,,United States
Jessica Hinojosa,,Norman,Oklahoma,OK,,,https://www.whcnorman.com/provider/jessica-hinojosa-do,Patient submitted,,United States
Alexana (allie) Regens,,Oklahoma City,Oklahoma,OK,,,,,,United States
Amanda Maxedon Hamilton,,Oklahoma City,Oklahoma,OK,,,https://integrisok.com/doctors/amanda-hamilton,,,United States
Anthony Jackson,,Oklahoma City,Oklahoma,OK,,,,Patient submitted ,,United States
Anthony Shanbour,,Oklahoma City,Oklahoma,OK,,,http://www.drshanbourmd.com/,Patient submitted,,United States
Benjamin Barenberg,,Oklahoma City,Oklahoma,OK,,,https://doctorbokc.com/,,,United States
Breeanna Gibson,,Oklahoma City,Oklahoma,OK,,,https://www.lakesidedoctors.com/team/breeanna-gibson/,,,United States
Brooke Storer,,Oklahoma City,Oklahoma,OK,,,,,,United States
Kathryn Lindsay,,Oklahoma City,Oklahoma,OK,,,,,,United States
Lacy Parker,,Oklahoma City,Oklahoma,OK,,,https://www.lakesidedoctors.com/team/lacy-parker-md/,,,United States
Lisa Cheek,,Oklahoma City,Oklahoma,OK,,,https://www.ssmhealth.com/find-a-doctor/doctor-details/lisa-e-cheek-md,Patient submitted,,United States
Monica Reid,,Oklahoma City,Oklahoma,OK,,,,Patient submitted,,United States
Sheila Newcomb,,Oklahoma City,Oklahoma,OK,,,https://integrisok.com/doctors/sheila-newcomb,Patient submitted ,,United States
Anthony K. Shanbour,,Oklahoma City,Oklahoma,OK,,,https://surgerycenterok.com/specialists/k-anthony-shanbour-m-d/,Patient submitted ,,United States
Michelle Brunnabend,,Oklahoma City,Oklahoma,OK,,,https://www.aspenwomenscenterokc.com/our-practice-awc,,,United States
Carissa Kulczycki,,Oklahoma City,Oklahoma,OK,,,https://integrishealth.org/doctors/carissa-kulczycki,,,United States
Victoria Mills,,Oklahoma City,Oklahoma,OK,,,https://www.millsobgyn.com/,,,United States
Dana Stone,,Oklahoma City,Oklahoma,OK,,,https://integrishealth.org/doctors/dana-stone,,,United States
Sarah Grimes,,Oklahoma City,Oklahoma,OK,,,https://www.ouhealth.com/find-a-doctor/sarah-grimes-md/,,,United States
Ronald Brunnabend,,Oklahoma City,Oklahoma,OK,,,https://www.aspenwomenscenterokc.com/our-practice-awc,Patient submitted,,United States
Julie Wiley,,South Oklahoma City,Oklahoma,OK,,,https://drjuliewiley.com/,,,United States
Amanda Miles,,Stillwater,Oklahoma,OK,,,https://www.stillwater-medical.org/providers/amanda-miles/,,"LGBTQ+ friendly, accepts Medicaid ",United States
Kayla J. Cagle-colon,,Tahlequah,Oklahoma,OK,,,https://doctor.webmd.com/doctor/kayla-cagle-colon-9eb32c37-2abf-4739-b86a-9a72c490d361-overview,,"LGBTQ+ friendly, IHS/tribal health physician ",United States
J. Martin Beal,,Tulsa,Oklahoma,OK,,,,Patient submitted ,,United States
John Ervin,,Tulsa,Oklahoma,OK,,,,Patient submitted ,,United States
Kathleen Heffron,,Tulsa,Oklahoma,OK,,,https://twhg.com/twhg_providers/kathleen-heffron/,Patient submitted,,United States
Morgan Richards,,Tulsa,Oklahoma,OK,,,,,,United States
Chris Maxcey,,Tulsa,Oklahoma,OK,,,https://uticaparkclinic.com/physicians/chris-maxcey-do,Patient submitted,LGBTQ+ friendly ,United States
Whitney Leonard,,Tulsa,Oklahoma,OK,,,https://twhg.com/twhg_providers/whitney-leonard/,,LGBTQ+ friendly ,United States
Morgan Alidge,,Tulsa,Oklahoma,OK,,,https://www.tulsaobgyn.com/physicians/,,LGBTQ+ friendly ,United States
Hollie L. Black,,Tulsa,Oklahoma,OK,,,https://www.saintfrancis.com/provider/hollie-lynn-black-do,Patient submitted,,United States
Robin Carson,,Tulsa,Oklahoma,OK,,,https://www.eliteobgyntulsa.com/about,Patient submitted ,,United States
Lauren Holmes,,Tulsa,Oklahoma,OK,,,https://uticaparkclinic.com/physicians/lauren-holmes-do,,LGBTQ+ friendly ,United States
Jennifer Butler,,Tulsa,Oklahoma,OK,,,https://twhg.com/twhg_providers/jennifer-butler/,Patient submitted,,United States
Lori Hyden,,Claremore,Oklahoma,OK,,,https://uticaparkclinic.com/physicians/lori-hyden-do,Patient submitted ,,United States
Tiffany Dupree,,Moore,Oklahoma,OK,,,https://integrishealth.org/doctors/tiffany-dupree,Patient submitted ,,United States
Anea Miller,,Moore,Oklahoma,OK,,,https://integrishealth.org/doctors/andrea-miller,Patient submitted ,,United States
Daphne Lashbrook,,Norman,Oklahoma,OK,,,https://whcnorman.com/provider/daphne-lashbrook-md,Patient submitted ,,United States
Sarah Mashburn,,Oklahoma City,Oklahoma,OK,,,https://integrishealth.org/doctors/sarah-mashburn,,,United States
Roger K. Pfeiffer,,Owasso,Oklahoma,OK,,,https://uticaparkclinic.com/physicians/roger-k-pfeiffer-do,Patient submitted,,United States
Lora J. Larson,,Tulsa,Oklahoma,OK,,,https://www.saintfrancis.com/provider/lora-joyce-larson-m-d-hospital-medicine-obgyn,Patient submitted ,,United States
Grant Cox,,Tulsa,Oklahoma,OK,,,https://www.ogstulsa.com/dr-grant-cox/,Patient submitted ,,United States
Shelley D. Shoun,,Tulsa,Oklahoma,OK,,,https://www.saintfrancis.com/provider/shelley-dawn-shoun-m-d-obgyn,Patient submitted ,,United States
Amanda Berry,,Yukon,Oklahoma,OK,,,https://integrishealth.org/doctors/amanda-berry,,,United States
Shane Gjesdal,,Albany,Oregon,OR,,,https://samhealth.org/patients-visitors/find-a-doctor/gjesdal-shane-1164424586/,Patient submitted,,United States
Sarah Humphrey,MD,Astoria,Oregon,OR,,,,,,United States
Heather Abé,,Beaverton,Oregon,OR,,,https://www.providence.org/doctors/obstetrics-and-gynecology/or/beaverton/heather-abe-1265745947,,,United States
Miriam Champer,,Bend,Oregon,OR,,,https://eastcascadewomensgroup.com/person/miriam-champer/,,,United States
Janelle Strom,,Bend,Oregon,OR,,,https://eastcascadewomensgroup.com/person/janelle-strom/,Patient submitted ,,United States
Jennifer Rupert,MD,Clackamas,Oregon,OR,,,,,,United States
Rachel Gamo Algenio,,Clackamas,Oregon,OR,,,https://healthy.kaiserpermanente.org/oregon-washington/clinicians/rachel-algenio-8563057,Patient submitted,,United States
Kathy L. Wood,,Clackamas,Oregon,OR,,,https://healthy.kaiserpermanente.org/oregon-washington/clinicians/kathy-wood-8316102,Patient submitted ,,United States
Anea J Mccann,,Corvallis,Oregon,OR,,,https://samhealth.org/patients-visitors/find-a-doctor/mccann-andrea-1447294509/,Patient submitted,"LGBTQ+ friendly, interested in Transgender care ",United States
Erin Massey,,Corvallis,Oregon,OR,,,https://samhealth.org/patients-visitors/find-a-doctor/massey-erin-1457478620/,Patient submitted,,United States
Michele Saums,,Corvallis,Oregon,OR,,,https://www.corvallisclinic.com/providers/michele-saums-md/,Patient submitted ,,United States
Austin Douglas,,Eugene,Oregon,OR,,,https://www.womenscare.com/providers/douglas-austin-md/,Patient submitted,LGBTQ+ friendly,United States
Brian Wakefield,,Eugene,Oregon,OR,,,https://pacificwomenscenter.com/doctors/brian-wakefield-md,Patient submitted,,United States
Jessica Versage,,Eugene,Oregon,OR,,,https://www.peacehealth.org/care-providers/jessica-l-versage-md,Patient submitted,,United States
Kelly Fairchild,,Eugene,Oregon,OR,,,,,,United States
Kimberly Edwards,,Eugene,Oregon,OR,,,,Patient submitted ,,United States
Naomi Light,,Eugene,Oregon,OR,,,,,,United States
Melanie Konradi,,Eugene,Oregon,OR,,,https://www.oregonmedicalgroup.com/physicians-providers/melanie-konradi,Patient submitted,,United States
Grace Grogman,,Eugene,Oregon,OR,,,https://www.oregonmedicalgroup.com/physicians-providers/grace-grogman,,,United States
Brooke Kyle,,Eugene & Springfield,Oregon,OR,,,https://www.womenscare.com/providers/brooke-kyle-md/,,,United States
Christina Djabiras,,Hillsboro,Oregon,OR,,,https://tuality.org/provider/christina-djabiras/,Patient submitted,,United States
Nafeeshathul Riyaj-ahamed,,Klamath Falls,Oregon,OR,,,https://www.heartfeltobgyn.com/nafeeshathul-riyaj-ahamed,,,United States
Jeanna Romer,,La Grande,Oregon,OR,,,https://www.grh.org/provider-directory/providers/jeanna-romer/,Patient submitted,,United States
Ingrid Cherrytree,,Lake Oswego,Oregon,OR,,,https://www.providence.org/doctors/urogynecology/or/lake-oswego/ingrid-cherrytree-1538327838,Patient submitted,,United States
Megan Zaander,,Lake Oswego,Oregon,OR,,,https://lakeoswegogyn.com/our-practice/dr-megan-zaander/,Patient submitted,,United States
Sara Fassio,,Lebanon,Oregon,OR,,,https://samhealth.org/patients-visitors/find-a-doctor/fassio-sara-1558925776/,,,United States
Danielle King,,Lincoln City,Oregon,OR,,,https://www.samhealth.org/patient-visitors/find-a-doctor/k/king-danielle-1902216187,Patient submitted,,United States
Meredith Mann,,Lincoln City,Oregon,OR,,,https://samhealth.org/patients-visitors/find-a-doctor/mann-meredith-1992930333/,Patient submitted,,United States
Lauren Knapp,,Mcminnville,Oregon,OR,,,https://www.willamettevalleyclinics.com/find-a-doctor/provider/1275929408,Patient submitted ,,United States
Emily Steinbis,,Medford,Oregon,OR,,,https://www.asante.org/find-a-doctor/profile/?id=1231,Patient submitted,,United States
Mary Strizzi,,Medford,Oregon,OR,,,https://medfordwomensclinic.com/providers/,Patient submitted ,,United States
Michael Swift,,Newport,Oregon,OR,,,https://samhealth.org/patients-visitors/find-a-doctor/swift-michael-1386995603/,Patient submitted,,United States
Alyssa Colwill,,Portland,Oregon,OR,,,,Patient submitted ,,United States
Carolyn Piszczek,,Portland,Oregon,OR,,,https://healthy.kaiserpermanente.org/oregon-washington/clinicians/carolyn-piszczek-4188840,Patient submitted,,United States
Desiree Bley,,Portland,Oregon,OR,,,,Patient submitted ,,United States
Emily V West,,Portland,Oregon,OR,,,https://healthy.kaiserpermanente.org/oregon-washington/clinicians/emily-west-2000062,Patient submitted,,United States
Jonathan C. Cook,,Portland,Oregon,OR,,,https://www.whallc.com/providers/jonathan-cook-md-facog/,Patient submitted,,United States
Laura Van Houten,,Portland,Oregon,OR,,,https://www.legacyhealth.org/providers/laura-vanhouten,Patient submitted,,United States
Lisa Bayer,,Portland,Oregon,OR,,,,Patient submitted ,,United States
Maria Roiguez,,Portland,Oregon,OR,,,https://www.ohsu.edu/people/maria-isabel-rodriguez-md-mph,Patient submitted,,United States
Maryanne Garvie-loveland,,Portland,Oregon,OR,,,https://www.whallc.com/providers/maryanne-b-garvie-loveland-md/,,,United States
Megan Cohen,,Portland,Oregon,OR,,,,Patient submitted ,,United States
Michelle Wheeler,,Portland,Oregon,OR,,,https://www.whcco.com/about-us/dr-michelle-wheeler/,Patient submitted,,United States
Ohsu Complex Family Planning,,Portland,Oregon,OR,,,https://www.ohsu.edu/womens-health/family-planning-center-womens-health,,,United States
Sharon Wong,MD,Portland,Oregon,OR,,,,Patient submitted,,United States
Shauna M. Hicks,,Portland,Oregon,OR,,,https://healthy.kaiserpermanente.org/oregon-washington/clinicians/shauna-hicks-7591752,Patient submitted,,United States
Shivani Patel,,Portland,Oregon,OR,,,https://www.oregonclinic.com/our-team/shivani-patel,,,United States
Terresa Jung,,Portland,Oregon,OR,,,https://www.theportlandclinic.com/doctor/terresa-jung/,Patient submitted,,United States
Philippa Ribbink,,Portland,Oregon,OR,,,https://www.oregonclinic.com/our-team/philippa-ribbink/,,LGBTQ+ friendly,United States
Marisa Sturza,,Portland,Oregon,OR,,,https://www.oregonclinic.com/our-team/marisa-sturza/,Patient submitted,,United States
Maggie Hayes,,Portland,Oregon,OR,,,,,,United States
Michael W. Davis,,Portland,Oregon,OR,,,https://nwwc.com/team/michael-w-davis-md/,Patient submitted,,United States
Jil Johnson,,Portland,Oregon,OR,,,https://www.ohsu.edu/providers/jil-johnson-do,Patient submitted,,United States
Kimberlynn M. Heller,,Portland,Oregon,OR,,,https://www.oregonclinic.com/our-team/kimberlynn-heller,,,United States
Sarah Fausel,,Portland,Oregon,OR,,,https://www.whallc.com/providers/sarah-c-fausel-md/,,,United States
Lindsey (waugh) Harvey,,Portland,Oregon,OR,,,https://www.oregonclinic.com/our-team/lindsey-waugh-harvey?activeTab=4,Patient submitted ,,United States
Lishiana Shaffer,,Portland,Oregon,OR,,,https://www.ohsu.edu/providers/lishiana-shaffer-md,Patient submitted,,United States
Rashida Merchant,,Portland,Oregon,OR,,,https://nw-ci.com/our-team/rashida-merchant/,,,United States
Joanna L. Hatfield,,Portland,Oregon,OR,,,https://www.ohsu.edu/providers/joanna-l-hatfield-md-facog,Patient submitted,,United States
Dafna Lohr,,Portland,Oregon,OR,,,https://www.legacyhealth.org/providers/dafna-lohr,,,United States
Kirstie Wilson-panum,,Portland,Oregon,OR,,,https://www.oregonclinic.com/our-team/kirstie-wilson-panum/,Patient submitted ,Speaks French ,United States
Kara A. Richardson,,Portland,Oregon,OR,,,https://www.whallc.com/providers/kara-richardson-md/,,LGBTQ+ friendly ,United States
Stephanie R. Lee,,Portland,Oregon,OR,,,https://www.whallc.com/providers/stephanie-r-lee-do/,Patient submitted,,United States
Karina Hoan,,Portland,Oregon,OR,,,https://www.theportlandclinic.com/doctor/karina-hoan/,Patient submitted,,United States
Erin E. Lagrand,,Redmond,Oregon,OR,,,https://www.stcharleshealthcare.org/providers/erin-legrand-do,Patient submitted,,United States
Linda Sewell,,Roseburg,Oregon,OR,,,https://www.drlindasewell.com/our-team,Patient submitted,,United States
Frederick Frank,,Salem,Oregon,OR,,,https://salemclinic.org/physicians/obstetrics-and-gynecology/frederick-frank,Patient submitted,,United States
Leah Cordero,,Salem,Oregon,OR,,,https://healthy.kaiserpermanente.org/oregon-washington/clinicians/leah-cordero-1118556,,,United States
Valerie Heffner,MD,Salem,Oregon,OR,,,https://salemclinic.org/physicians/obstetrics-and-gynecology/valerie-joyce-heffner,,,United States
Steven H. Samawi,,Salem,Oregon,OR,,,https://salemclinic.org/physicians/obstetrics-and-gynecology/steven-samawi,Patient submitted,,United States
Chelsea R. Blackett,,Salem,Oregon,OR,,,https://www.salemhealth.org/find-a-doctor/Details/1801458641/,Patient submitted,,United States
Darcy L. Blanchard,,Salem,Oregon,OR,,,https://salemclinic.org/physicians/obstetrics-and-gynecology/darcy-blanchard,,,United States
Sheila Goldsworthy,,Salem,Oregon,OR,,,https://salemclinic.org/physicians/obstetrics-and-gynecology/sheila-goldsworthy,,,United States
Jennifer Miller-davis,,West Linn,Oregon,OR,,,https://www.womenshealthoforegon.com/our-providers,,LGBTQ+ friendly ,United States
Molly Wilson-smith,,Mcminnville,Oregon,OR,,,https://www.willamettevalleyclinics.com/find-a-doctor/provider/1134569098,,LGBTQ+ friendly ,United States
Coleen Korzen,,West Chester,Pa,,,,,,,United States
Jessica Klemens,,Abington,Pennsylvania,PA,,,https://www.jeffersonhealth.org/find-a-doctor/k/klemens-jessica-m,,,United States
Chelsea Nemeth,,Allentown,Pennsylvania,PA,,,https://findadoctor.slhn.org/details/7161,,,United States
Karina Reed,,Allentown,Pennsylvania,PA,,,https://www.lvhn.org/doctors/karina-reed,Patient submitted,,United States
Timothy Pellini,,Allentown,Pennsylvania,PA,,,https://www.lvhn.org/doctors/timothy-pellini,Patient submitted,,United States
Indyah Brown,,Allentown,Pennsylvania,PA,,,https://www.slhn.org/providers/indyah-brown-1134786577,,,United States
Kayla Dobson,,Allentown,Pennsylvania,PA,,,https://www.lvhn.org/doctors/kayla-dobson,,LGBTQ+ friendly & accepts Medicaid ,United States
Jami Avellini,,"Allentown, Macungie, Tamaqua, Palmerton",Pennsylvania,PA,,,https://findadoctor.slhn.org/details/280,,,United States
Jaclyn M. Davolos,,"Allentown, Palmerton & Tamaqua",Pennsylvania,PA,,,https://www.slhn.org/providers/jaclyn-davolos-1609252154,,,United States
Ryan Zlupko,,Altoona,Pennsylvania,PA,,,https://altoonaobgyn.com/our-doctors/,Patient submitted,,United States
Patricia Vigder,,Beaver,Pennsylvania,PA,,,https://www.heritagevalley.org/doctors/10379/,,,United States
Christopher J. Palombo,,Beaver,Pennsylvania,PA,,,https://www.heritagevalley.org/doctors/9718/,Patient submitted,,United States
Elizabeth Dierking,,Bethlehem,Pennsylvania,PA,,,https://findadoctor.slhn.org/details/1098,Patient submitted ,,United States
Elizabeth Flodin,,Bethlehem,Pennsylvania,PA,,,https://www.lvhn.org/doctors/elizabeth-flodin,,,United States
Julie M. Messimer,,Bloomsburg & Danville,Pennsylvania,PA,,,https://providers.geisinger.org/provider/julie-marie-messimer/756046,Patient submitted,,United States
Jessica Williams,,Blue Bell,Pennsylvania,PA,,,,,,United States
Alicia Shields,,Bryn Mawr,Pennsylvania,PA,,,https://www.mainlinehealth.org/find-a-doctor/alicia-a-shields,,,United States
Tara Mccann Davis,,Bryn Mawr,Pennsylvania,PA,,,https://axiawh.com/providers/mccann-tara/,,,United States
Karen Tang,,Bryn Mawr,Pennsylvania,PA,,,https://thrivegyn.com/,,,United States
Emily Curtin,,Butler,Pennsylvania,PA,,,,Patient submitted ,,United States
Michele Straka,,Canonsburg,Pennsylvania,PA,,,https://findcare.ahn.org/Michele-Straka,Patient submitted,,United States
Chavone Momon-nelson,,Carlisle,Pennsylvania,PA,,,,,,United States
Deie Heber,,Danville,Pennsylvania,PA,,,https://providers.geisinger.org/provider/Deidre+Heber/789963,,,United States
Benjamin Matthews,,Danville,Pennsylvania,PA,,,https://providers.geisinger.org/provider/benjamin-ja-do-matthews/3184052,,"LGBTQ+ friendly, happy to do gender-affirming hysterectomies/BSOs/etc, training in advanced pelvic surgery ",United States
Janet Ko,,East Norriton,Pennsylvania,PA,,,,,,United States
Swathi Vanguri,,East Norriton,Pennsylvania,PA,,,https://providers.einstein.edu/provider/Swathi+Vanguri/1862227,,,United States
Thea Barton,,East Norriton,Pennsylvania,PA,,,https://www.progressivegynecology.com/meet-dr-barton,Patient submitted,,United States
Danielle Johnson,,Easton,Pennsylvania,PA,,,https://findadoctor.slhn.org/details/3446/danielle-johnson-obstetrics_and_gynecology-easton,,,United States
Shannon C. Theobald-galgano,,Easton,Pennsylvania,PA,,,https://www.slhn.org/providers/shannon-theobald-1730670159,,LGBTQ+ friendly & gender affirming care,United States
Shivani Bista,,Ephrata,Pennsylvania,PA,,,https://www.wellspan.org/doctors/shivani-bista-ephrata-pa-2621567,Patient submitted,,United States
Ellen Hancox,,Erie,Pennsylvania,PA,,,,,,United States
Jan F. Brzozowski,,Erie,Pennsylvania,PA,,,https://www.obgynoferie.com/providers/physicians/member/jan-f-brzozowski,Patient submitted,,United States
Katarzyna Jurecki,,Erie,Pennsylvania,PA,,,https://www.obgynoferie.com/providers/physicians/member/katarzyna-jurecki,Patient submitted,,United States
Sara Meyer,,Erie,Pennsylvania,PA,,,https://www.obgynoferie.com/providers/physicians/member/sara-a-meyer,,,United States
Sarah Achenbach,,Erie,Pennsylvania,PA,,,https://www.obgynoferie.com/providers/physicians/member/sarah-achenbach,Patient submitted,,United States
Lindsay Odell,,Exton & West Chester,Pennsylvania,PA,,,https://www.pennmedicine.org/providers/profile/lindsay-odell?fadf=cch,Patient submitted,,United States
Casana Roldan,,Farrell,Pennsylvania,PA,,,https://providers.upmc.com/provider/Casandra+V.+Roldan/2612001,,,United States
Shea Soberdash,,Farrell,Pennsylvania,PA,,,https://providers.upmc.com/provider/Shea+Ana+Soberdash/2275626?sort=-name&specialty_all=Gynecology&page=6&from=search-list,,,United States
Timothy Grube,,"Frackville, Pottsville",Pennsylvania,PA,,,https://www.grubegynecology.com/,Patient submitted,,United States
Waqarun Nisa Rashid,,"Geisinger (scranton, Wilkes Barre)",Pennsylvania,PA,,,,,,United States
Brittany L. Jackson,,Gettysburg,Pennsylvania,PA,,,https://www.wellspan.org/doctors/brittany-l-jackson-gettysburg-pa-2619924,Patient submitted,,United States
Brittany Jackson,,Gettysburg,Pennsylvania,PA,,,https://www.wellspan.org/doctors/brittany-l-jackson-gettysburg-pa-2619924,Patient submitted,,United States
Brandi M. Musselman,,Gettysburg & Hanover,Pennsylvania,PA,,,http://providers.upmc.com/provider/Brandi+Michelle+Musselman/1998656,Patient submitted,,United States
Samara Rubin,,Greensburg,Pennsylvania,PA,,,https://www.excelahealth.org/find-a-doctor/samara-crystal-rubin-md/,,,United States
Kerra Doyle,,Greensburg And Delmont,Pennsylvania,PA,,,,,,United States
Kenneth J. Oken,,Harrisburg,Pennsylvania,PA,,,https://providers.upmc.com/provider/Kenneth+J.+Oken/1744567,Patient submitted ,,United States
Deanna Lines,,Hermitage,Pennsylvania,PA,,,https://www.obgyn.pitt.edu/people/deanna-lines-do,,,United States
Arpit Davé,,Hershey,Pennsylvania,PA,,,https://www.pennstatehealth.org/doctors/arpit-m-dave-md,,,United States
Jaclyn Mirault,,Hershey,Pennsylvania,PA,,,https://www.pennstatehealth.org/doctors/jaclyn-mirault-md,,,United States
Jacqueline Bissonette,,Hershey,Pennsylvania,PA,,,https://www.pennstatehealth.org/doctors/jacqueline-l-bissonette-md,,,United States
Linda Li,,Hershey,Pennsylvania,PA,,,https://www.pennstatehealth.org/doctors/linda-j-li-md,,,United States
Melissa Haslam,,Hershey,Pennsylvania,PA,,,https://www.pennstatehealth.org/doctors/melissa-d-haslam-md,,,United States
Sarah Horvath,,Hershey,Pennsylvania,PA,,,https://www.pennstatehealth.org/doctors/sarah-k-horvath-md,,,United States
Stephanie Lambert,,Hershey,Pennsylvania,PA,,,https://www.pennstatehealth.org/doctors/stephanie-j-lambert-md,,,United States
Susan Henning,,Hershey,Pennsylvania,PA,,,https://www.pennstatehealth.org/doctors/susan-e-henning-md,,,United States
Kristin Riley,,Hershey,Pennsylvania,PA,,,,,,United States
Bridget Berich,,Hummelstown,Pennsylvania,PA,,,http://providers.upmc.com/,Patient submitted,,United States
Philip Hirshman,,King Of Prussia,Pennsylvania,PA,,,https://axiawh.com/providers/hirshman-philip/,Patient submitted,,United States
Dorothy May,,Lancaster,Pennsylvania,PA,,,https://www.lancastergeneralhealth.org/providers/profile/dorothy-may,Patient submitted,,United States
Kristy Whitman,,Lancaster,Pennsylvania,PA,,,https://www.pennmedicine.org/providers/profile/kristy-whitman?utm_source=google-my-business&utm_medium=referral&utm_campaign=penn-medicine&utm_term=kristy-whitman&y_source=1_MjM4NTcyOTMtNzE1LWxvY2F0aW9uLndlYnNpdGU%3D,,,United States
Amanda K. Hess,,Lancaster,Pennsylvania,PA,,,https://www.lancastergeneralhealth.org/providers/profile/amanda-hess,,,United States
Ani Stull,,Lancaster & Lebanon,Pennsylvania,PA,,,,Patient submitted ,,United States
Traci L. Cook,,Langhorne,Pennsylvania,PA,,,https://providers.capitalhealth.org/obstetrics/gynecology/traci-l.-cook-do-facoog,Patient submitted,,United States
Allison Mcowen,,Lewisburg,Pennsylvania,PA,,,https://www.evanhospital.com/find-a-provider/find-a-provider~details.aspx?phid=933,,,United States
Marie C. Smith,,Lewistown,Pennsylvania,PA,,,https://providers.geisinger.org/provider/marie-catherine-smith/756576,Patient submitted,,United States
Victoria A. Bizk,,Lewistown,Pennsylvania,PA,,,https://providers.geisinger.org/provider/Victoria+Ashleigh+Bzik/1672862,,,United States
Sarah Barco,,Meadville,Pennsylvania,PA,,,https://www.mmchs.org/directory/physicians/sarah-barco/,Patient submitted ,"LGBTQ+ friendly, accepts Highmark PPO Blue",United States
Anea Benton,,Mechanicsburg,Pennsylvania,PA,,,https://providers.upmc.com/provider/Andrea+Sue+Benton/2011705,,,United States
Gerald Harkins,,Mechanicsburg,Pennsylvania,PA,,,https://providers.upmc.com/provider/gerald+j+harkins/1861272,,,United States
Gerald Harkins,,Mechanicsburg,Pennsylvania,PA,,,https://providers.upmc.com/provider/Gerald+J+Harkins/1861272,,,United States
Timothy Deimling,,Mechanicsburg,Pennsylvania,PA,,,https://providers.upmc.com/provider/Timothy+A+Deimling/2011098,,,United States
Lauren R. Smith-leed,,New Freedom,Pennsylvania,PA,,,https://www.wellspan.org/provider-search/profile/Lauren-SmithLeed-MD-Obstetrics-Gynecology-New-Freedom-PA/3095,,,United States
Jessica Geida,,Paoli,Pennsylvania,PA,,,https://axiawh.com/providers/geida-jessica/,,,United States
Nancey Hahn,,Paoli,Pennsylvania,PA,,,https://axiawh.com/providers/hahn-nancey/,,,United States
Justin Gamez,,Philadelphia,Pennsylvania,PA,,,https://www.templehealth.org/doctors/justin-m-gamez,,,United States
Bruce Carnivale,,Philadelphia,Pennsylvania,PA,,,https://www.templehealth.org/doctors/bruce-carnivale?utm_source=yext&utm_medium=organic,Patient submitted,LGBTQ+ friendly ,United States
Kirstin E. Leitner,,Philadelphia,Pennsylvania,PA,,,https://www.pennmedicine.org/providers/profile/kirstin-leitner,Patient submitted,,United States
Annabelle Abdo,,Philadelphia,Pennsylvania,PA,,,https://www.pennmedicine.org/providers/profile/annabelle-abdo?utm_medium=referral&utm_campaign=penn-medicine&utm_term=annabelle-abdo&y_source=1_MTA3ODE3NDE4Ni00ODMtbG9jYXRpb24ud2Vic2l0ZQ%3D%3D,,"LGBTQ+ friendly, accepts Medicaid",United States
Jacqueline Kohl,,Philadelphia,Pennsylvania,PA,,,https://www.phillywomens.com/provider/jacqueline-kohl-md,Patient submitted,,United States
Kate Stampler,,Philadelphia,Pennsylvania,PA,,,,,,United States
Lauren A. Jenkins,MD,Philadelphia,Pennsylvania,PA,,,,,,United States
Molly Gordon,,Philadelphia,Pennsylvania,PA,,,,,,United States
Rima Mehta,,Philadelphia,Pennsylvania,PA,,,https://www.pennmedicine.org/providers/profile/rima-mehta,,,United States
Victoria Mui,,Philadelphia,Pennsylvania,PA,,,,,,United States
Alexana Buffie,,Pittsburgh,Pennsylvania,PA,,,,,,United States
Colleen Krajewski,,Pittsburgh,Pennsylvania,PA,,,https://providers.upmc.com/provider/Colleen+Michele+Krajewski/1322150,Patient submitted,,United States
Erin Rhinehart,,Pittsburgh,Pennsylvania,PA,,,https://providers.upmc.com/provider/Erin+Lyn+Rhinehart/1321709,,,United States
Grace P. Ferguson,,Pittsburgh,Pennsylvania,PA,,,https://findcare.ahn.org/Grace-P-Ferguson,,,United States
Gretchen Reinhart,,Pittsburgh,Pennsylvania,PA,,,https://providers.upmc.com/provider/Gretchen+Anne+Reinhart/1326594,Patient submitted,,United States
Honore Satcho,,Pittsburgh,Pennsylvania,PA,,,https://providers.upmc.com/provider/Honore+Satcho/1325740,,,United States
Jennifer Stofferahn,,Pittsburgh,Pennsylvania,PA,,,https://providers.upmc.com/provider/Jennifer+Rowland+Stofferahn/1323190,,,United States
Jessica Hoyson,,Pittsburgh,Pennsylvania,PA,,,,Patient submitted ,,United States
Jourdan Schmitz,,Pittsburgh,Pennsylvania,PA,,,https://physicians.stclair.org/scmg-obgyn/providers/directory/profile/jourdan-e-schmitz-md/,,,United States
Kelly Dimattio,,Pittsburgh,Pennsylvania,PA,,,https://www.obgyn.pitt.edu/people/kelly-m-dimattio-md-phd,,,United States
Margaret Chory,,Pittsburgh,Pennsylvania,PA,,,https://providers.upmc.com/provider/Margaret+Kennedy+Chory/1320400,,,United States
Nancy Mcbride,MD,Pittsburgh,Pennsylvania,PA,,,,,,United States
Pritha Workman,,Pittsburgh,Pennsylvania,PA,,,,,,United States
Rebecca Walther-toews,,Pittsburgh,Pennsylvania,PA,,,https://providers.upmc.com/provider/Rebecca+I+Waltner-Toews/1324752,,,United States
Ruchika Vij,,Pittsburgh,Pennsylvania,PA,,,https://findcare.ahn.org/Ruchika-Vij,,,United States
Sarah Allen,,Pittsburgh,Pennsylvania,PA,,,,Patient submitted ,,United States
Yasaswi Kislovskiy,,Pittsburgh,Pennsylvania,PA,,,https://findcare.ahn.org/Yasaswi-Kislovskiy,,,United States
Kathryn M. Simons,,Pittsburgh,Pennsylvania,PA,,,https://doctors.ahn.org/Kathryn-M-Simons,,,United States
Tera S. Conway,,Pittsburgh,Pennsylvania,PA,,,https://providers.stclair.org/provider/tera-sue-conway/2697109,,,United States
Alexana M. Plisko,,Pittsburgh,Pennsylvania,PA,,,https://findcare.ahn.org/Alexandra-M-Plisko,,,United States
Shereen Singer,,Pittsburgh,Pennsylvania,PA,,,https://findcare.ahn.org/Shereen-Singer,Patient submitted,,United States
Noah B. Rindos,,Pittsburgh,Pennsylvania,PA,,,https://findcare.ahn.org/Noah-B-Rindos,Patient submitted,Speaks Spanish,United States
Alexana Plisko,,Pittsburgh,Pennsylvania,PA,,,,,,United States
Kristen Peske,,Pittsburgh,Pennsylvania,PA,,,,,,United States
Pnina Dean,,Pittsburgh,Pennsylvania,PA,,,https://findcare.ahn.org/Pnina-Dean,,,United States
Nicole M. Donnellan,,Pittsburgh,Pennsylvania,PA,,,https://providers.upmc.com/provider/Nicole+Michelle+Donnellan/1322469?utm_source=bing&utm_campaign=business-profile&utm_content=obgyn_nicole_donnellan_halk,Patient submitted ,,United States
Sheila Ramgopal,,Pittsburgh,Pennsylvania,PA,,,https://alleghenyreproductive.com/,Patient submitted ,trans competent & trauma informed,United States
Zenaida Rosado,,Pittsburgh,Pennsylvania,PA,,,https://www.obgyn.pitt.edu/people/zenaida-rosado-md,,,United States
Alessana C. Lamari,,Pittsburgh,Pennsylvania,PA,,,https://www.obgyn.pitt.edu/people/alessandra-c-lamari-do,,,United States
Courtney R. Fleissner,,Pittsburgh,Pennsylvania,PA,,,https://www.obgyn.pitt.edu/people/courtney-r-fleissner-md,Patient submitted,,United States
Rebecca Street,,Pittsburgh,Pennsylvania,PA,,,https://findcare.ahn.org/Rebecca-Street,,,United States
Lisa Naujoks,,"Plymouth Meeting, King Of Prussia",Pennsylvania,PA,,,https://axiawh.com/providers/naujoks-lisa/,,,United States
Bryan Doverspike,,Punxsutawney,Pennsylvania,PA,,,https://www.pah.org/find-a-doctor/find-a-doctor~details.aspx?phid=108,Patient submitted,,United States
Kelli Braightmeyer,,Reading,Pennsylvania,PA,,,https://towerhealth.org/providers/kelli-r-braightmeyer-md,,,United States
Kirthik Nathan Parthasarathy,,Reading,Pennsylvania,PA,,,https://towerhealth.org/providers/kirthik-n-parthasarathy-md,,"“Dr. Nate”, accepts Medicaid, LGBTQ+ friendly, all partners in office also perform sterilizations",United States
Sarah E. Payne,,Reading,Pennsylvania,PA,,,https://towerhealth.org/providers/sarah-e-payne-do,,,United States
Stephanie A. Michalik,,Reading & Wyomissing,Pennsylvania,PA,,,https://towerhealth.org/providers/stephanie-michalik-do,,"LGBTQ+ friendly, accepts Medicaid",United States
Emily Cheston,,Rosemont,Pennsylvania,PA,,,https://axiawh.com/providers/cheston-emily/,,,United States
Joseph Harmon,,Sayre,Pennsylvania,PA,,,https://www.guthrie.org/provider/joseph-harmon-md,,,United States
Eric G. Fackler,,Seneca,Pennsylvania,PA,,,https://providers.upmc.com/provider/eric+g.+fackler/1320476,,,United States
William T. Mcgrail,,Seneca,Pennsylvania,PA,,,https://providers.upmc.com/provider/William+Thomas+McGrail/1321974?utm_source=bing&utm_campaign=business-profile&utm_content=obgyn_william_mcgrail_liberty,,,United States
Linda Barnhart,,Seneca,Pennsylvania,PA,,,https://providers.upmc.com/provider/linda-barnhart/1323606,,,United States
Emily R. Carbaugh,,Seneca,Pennsylvania,PA,,,https://providers.upmc.com/provider/Emily+Ruth+Carbaugh/2603661?utm_source=bing&utm_campaign=business-profile&utm_content=obgyn_emily_carbaugh_southfifth,,,United States
Kristin M. Romutis,,Seneca,Pennsylvania,PA,,,https://providers.upmc.com/provider/Kristin+Margaret+Romutis/2597420?utm_source=bing&utm_campaign=business-profile&utm_content=obgyn_kristin_romutis_liberty,,,United States
Karen E. Taverna-miller,,Stroudsburg,Pennsylvania,PA,,,https://findadoctor.slhn.org/details/1139,Patient submitted ,,United States
Eric S. Fehnel,,West Reading,Pennsylvania,PA,,,https://towerhealth.org/providers/eric-s-fehnel-md,Patient submitted ,,United States
Anna K. Bossert,,West Reading,Pennsylvania,PA,,,https://towerhealth.org/providers/anna-k-bossert-do,Patient submitted,,United States
Natasha Alligood-percoco,,Williamsport,Pennsylvania,PA,,,https://providers.upmc.com/provider/Natasha+R+Alligood-Percoco/1320250,,,United States
Natasha Alligood-percoco,,Williamsport,Pennsylvania,PA,,,https://providers.upmc.com/provider/Natasha+R.+Alligood-Percoco/1320250,,,United States
Anew Fieo,,Wyomissing,Pennsylvania,PA,,,https://towerhealth.org/providers/andrew-g-fieo-md,Patient submitted,,United States
Kristine Leaman,,Wyomissing,Pennsylvania,PA,,,https://towerhealth.org/providers/kristine-m-leaman-md,Patient submitted,,United States
Katie Blatt,,Wyomissing,Pennsylvania,PA,,,https://towerhealth.org/providers/katherine-d-blatt-md,,,United States
Katherine Prowell,,York,Pennsylvania,PA,,,https://www.wellspan.org/provider-search/profile/Katherine-Prowell-DO-Obstetrics-Gynecology-York-PA/30592,,,United States
Sara Niester,,York,Pennsylvania,PA,,,https://www.wellspan.org/provider-search/profile/Sara-Niester-MD-Obstetrics-Gynecology-York-PA/9612,,,United States
Katherine N. Prowell,,York,Pennsylvania,PA,,,https://www.wellspan.org/doctors/katherine-n-prowell-york-pa-2620009,Patient submitted,,United States
Mariola Llinas,,San Juan,Puerto Rico,,,,https://pravanhealth.com/team/mariola-llinas/,Patient submitted,,United States
Kate Zaluski,,East Providence,Rhode Island,RI,,,https://www.lifespan.org/providers/kate-zaluski-md,Patient submitted,LGBTQ+ friendly,United States
Beata Dizoglio,,Providence,Rhode Island,RI,,,https://www.broadwayobgynri.com/beata-dizoglio-m-d-facog/,Patient submitted,,United States
Beth Cronin,,Providence,Rhode Island,RI,,,https://www.womenandinfants.org/services/lgbtqia-clinic?hsCtaTracking=b2c7728a-1bf5-4ad4-b8d3-e426fa7d9d90%7Cf8f070a3-2ee8-40f5-afd8-f84283977b59,,LGBTQ+ friendly ,United States
Karen Browning,,Providence,Rhode Island,RI,,,https://www.center-obgyn.com/karen-browning-m-d/,Patient submitted,,United States
Alicia Kreczko,,Providence,Rhode Island,RI,,,https://www.center-obgyn.com/alicja-kreczko-m-d/,Patient submitted,,United States
Safiyah Hosein,,Providence,Rhode Island,RI,,,https://www.brownhealth.org/providers/safiyah-hosein-md,,,United States
Patricia Coughenour,,Providence,Rhode Island,RI,,,https://www.piobgyn.com/,,LGBTQ+ friendly ,United States
Megin Dalton,,Wakefield,Rhode Island,RI,,,,Patient submitted ,,United States
John R. Morton,,Woonsocket,Rhode Island,RI,,,https://health.usnews.com/doctors/john-morton-1870900,Patient submitted ,,United States
Curtis Elam,,Aiken,South Carolina,SC,,,https://www.ruralhs.org/team-members/curtis-elam-md/,Patient submitted ,,United States
Gweneth Lazenby,,Charleston,South Carolina,SC,,,https://providers.muschealth.org/sc/charleston/gweneth-bratton-lazenby-md-mscr,Patient submitted,,United States
Paige Cisa,,Charleston,South Carolina,SC,,,,,,United States
Christine Kulish-shaw,,Charleston,South Carolina,SC,,,"https://findadoctor.rsfhealthalliance.com/details/12964/christine-kulishshaw-obstetrics__gynecology-charleston?Practices=948,537,500,567,562,689,690,642,726,891,893,1029,1224",Patient submitted,,United States
Alexana M. Rowin,,Charleston,South Carolina,SC,,,https://health.usnews.com/doctors/alexandra-rowin-735757,Patient submitted,,United States
Genevieve A. Wolpert,,Charleston,South Carolina,SC,,,https://providers.muschealth.org/sc/north-charleston/genevieve-alison-wolpert-md-ms,,,United States
Dianna Ravenell,,Columbia,South Carolina,SC,,,https://doctors.prismahealth.org/provider/Dianna+Deniece+Ravenell/1450751,,,United States
Kristl Vidya Dorschner Tomlin,,Columbia,South Carolina,SC,,,https://doctors.prismahealth.org/provider/Kristl+Vidya+Dorschner+Tomlin/993121,Patient submitted,,United States
Brooke Naffziger,,Columbia,South Carolina,SC,,,https://www.carolinawomensphysicians.com/our-team/doctor/details/4350/brooke-naffziger-do-facog,,,United States
Allison Giddings-jackson,,Greenville,South Carolina,SC,,,,Patient submitted ,,United States
Amanda Holsopple,,Greenville,South Carolina,SC,,,https://www.elleobgyn.com/provider/amanda-holsopple-md,,,United States
Denise Broderick,,Greenville,South Carolina,SC,,,,Patient submitted ,,United States
Erica Robinson,,Greenville,South Carolina,SC,,,https://doctors.prismahealth.org/provider/Erica+F+Robinson/2111821,,,United States
Kathryn Isham,,Greenville,South Carolina,SC,,,https://doctors.prismahealth.org/provider/Katheryn+Dixon+Isham+(Katie+)/996212,Patient submitted,,United States
Laura Wang,,Greenville,South Carolina,SC,,,https://doctors.prismahealth.org/provider/Laura+Ting-Hao+Wang/993118?utm_source=gmb&utm_medium=yext,Patient submitted,,United States
Lisa King,MD,Greenville,South Carolina,SC,,,https://www.highlandscenterforwomen.com/about-us/,,,United States
Megan Nguyen,,Greenwood,South Carolina,SC,,,https://www.selfregional.org/providers/megan-nguyen/,,,United States
Michelle B. Gee,,Irmo,South Carolina,SC,,,https://elitegynsc.com/,,,United States
Merritt King,,Little River,South Carolina,SC,,,,Patient submitted ,,United States
Carrie Funkhauser,,Mt. Pleasant,South Carolina,SC,,,https://www.novanthealth.org/pf/providers/1285651208/carrie-funkhauser/,Patient submitted,,United States
Laura Young,,Myrtle Beach,South Carolina,SC,,,https://mygrandstrandhealth.com/physicians/profile/Dr-Laura-Young-MD,,,United States
Anea Richmond-mart,,Myrtle Beach,South Carolina,SC,,,https://www.tidelandshealth.org/find-a-physician/profile/andrea-richmond-mart/,Patient submitted,,United States
James Hubbard,,Rock Hill,South Carolina,SC,,,,Patient submitted ,,United States
Tyler Pierce,,Rock Hill,South Carolina,SC,,,https://www.zocdoc.com/doctor/tyler-pierce-md-252105?dd_referrer=,Patient submitted,,United States
Katie Friday,,Spartanburg,South Carolina,SC,,,https://www.spartanburgregional.com/find-a-doctor/katie-friday,Patient submitted,,United States
Beth Cook,,Summerville,South Carolina,SC,,,https://www.whpobgyn.com/about-our-obgyns,Patient submitted,,United States
Brittany Stofko,,Summerville,South Carolina,SC,,,,Patient submitted,,United States
Jill Mcleod,,Sumter,South Carolina,SC,,,,,,United States
Arvie Cecil Collins,,"Sumter, Manning",South Carolina,SC,,,https://doctors.prismahealth.org/provider/Arvie+Cecil+Collins%2C+III/993450?filter=address.facility_name_search%3APrisma%20Health%20OB%2FGYN%20%E2%80%93%20Sumter&_ga=2.231022620.2008671788.1657162754-1278842247.1657162754&from=search-list,Patient submitted,,United States
Lawren Honken,,Columbia,South Carolina,SC,,,,,,United States
Natalie D. Bingham,,Columbia,South Carolina,SC,,,https://doctors.prismahealth.org/provider/Natalie+Dawn+Bingham/996680?utm_source=bing&utm_medium=yext,,,United States
Abigail S. Smith,,Columbia,South Carolina,SC,,,http://vistawomens.lexmednetwork.org/,Patient submitted ,,United States
Laura Lebel,,Greenville,South Carolina,SC,,,https://www.elleobgyn.com/provider/laura-lebel-md,Patient submitted ,,United States
Bridget Williamson,,Mount Pleasant,South Carolina,SC,,,https://eastcooperobgyn.com/providers/bridget-williamson-md/,,,United States
Breanne Mueller,,Aberdeen,South Dakota,SD,,,https://www.sanfordhealth.org/doctors/breanne-mueller,,,United States
Heather Moline,,Rapid City,South Dakota,SD,,,,Patient submitted ,,United States
Katherine Degen,,Rapid City,South Dakota,SD,,,https://rapidcitymedicalcenter.com/rcmc_providers/katherine-degen/,Patient submitted,,United States
Amy Kelley,,Sioux Falls,South Dakota,SD,,,https://www.sanfordhealth.org/doctors/amy-kelley,Patient submitted,,United States
Dominique Boadwine,,Sioux Falls,South Dakota,SD,,,,Patient submitted ,,United States
Erica Schipper,,Sioux Falls,South Dakota,SD,,,,Patient submitted ,,United States
Marnie Terveen,,Sioux Falls,South Dakota,SD,,,,,,United States
Anthony Sierra,,Sioux Falls,South Dakota,SD,,,https://www.sanfordhealth.org/doctors/anthony-sierra?yxt_info=provider-93131EF7-23CE-49C9-9559-59057672EA5E&y_source=1_MTk2NTMyODMtNDgzLWxvY2F0aW9uLndlYnNpdGU%3D,Patient submitted ,,United States
Heather Spies,,Sioux Falls,South Dakota,SD,,,https://www.sanfordhealth.org/doctors/heather-spies?yxt_info=provider-ABE8372C-6C1A-453A-B65A-78A257EA33A1&y_source=1_MTk2NTM0MDgtNDgzLWxvY2F0aW9uLndlYnNpdGU%3D,Patient submitted,,United States
Nicole Buchele,,Sioux Falls,South Dakota,SD,,,https://www.sanfordhealth.org/doctors/nicole-buchele,,,United States
Catherine M. Schiltz,,Sioux Falls,South Dakota,SD,,,https://www.avera.org/doctors/profile/catherine-schiltz/,Patient submitted,,United States
Michelle Krohn,,Spearfish,South Dakota,SD,,,https://directory.monument.health/provider/sd/spearfish/michelle-krohn-do,,,United States
Shevonda Sherrow,,Chattanooga,Tenessee,,,,https://www.innovativewomen.net/meet-the-providers,Patient submitted,,United States
Peter Clark,,Morristown,Tenessee,,,,https://www.etnobgyn.com/peter-clark-md,Patient submitted ,,United States
Ashley Blevins,MD,Bristol,Tennessee,TN,,,,,,United States
Haley Akin,,Bristol,Tennessee,TN,,,,Patient submitted ,,United States
Chris Radpour,,Chattanooga,Tennessee,TN,,,https://galenmedical.com/radpour-2/,Patient submitted,,United States
Linda Yu,,Chattanooga,Tennessee,TN,,,,Patient submitted,,United States
Kent Childs,,Chattanooga,Tennessee,TN,,,https://womenshp.com/,Patient submitted,,United States
Jeffrey Anderson,,Clarksville,Tennessee,TN,,,,Patient submitted ,,United States
Jeffrey Hamre,,Clarksville,Tennessee,TN,,,https://premiermed.com/care-team/jeffrey-hamre/,Patient submitted,,United States
William Macintosh,,Clarksville,Tennessee,TN,,,,Patient submitted ,,United States
Tracy A. Coffey,,Clarksville,Tennessee,TN,,,https://www.queencitywomenshealth.com/doctors/tracy-a-coffey-m-d/,Patient submitted,,United States
Michael Casal,,Cookeville,Tennessee,TN,,,https://www.crmchealth.org/doctors/michael-casal-md-facog/,Patient submitted,,United States
John D. Green,,Elizabethton,Tennessee,TN,,,https://www.etsuhealth.org/find-a-doctor/obgyn/green.php,Patient submitted,,United States
Heather Rupe,,Franklin,Tennessee,TN,,,,,,United States
Laura Aneson,,Franklin,Tennessee,TN,,,http://www.obgynfranklin.com/laura-andreson-do,,,United States
Lauren Pinkard,,Franklin,Tennessee,TN,,,https://www.heritagemedical.com/providers/lauren-pinkard/,,,United States
Mallory Fox,,Franklin,Tennessee,TN,,,https://www.vanderbilthealth.com/doctors/fox-mallory,,LGBTQ+ friendly,United States
Brogan Fulks,,Knoxville,Tennessee,TN,,,https://www.utmedicalcenter.org/doctors/brogan-w-fulks-md/,,,United States
Erin Black,,Knoxville,Tennessee,TN,,,https://www.utmedicalcenter.org/doctors/erin-g-black/,Patient submitted,,United States
Natalie Blaché,,Knoxville,Tennessee,TN,,,http://gsm.utmck.edu/obgyn/faculty/blache.cfm,,,United States
Robert Tatum,,Knoxville,Tennessee,TN,,,https://www.tennovagreaterknoxvilledocs.com/doctors-providers/tatum-robert-k-md-4497,Patient submitted,,United States
Walter Schoutko,,Knoxville,Tennessee,TN,,,https://www.utmedicalcenter.org/find-a-doctor/walter-schoutko,Patient submitted ,,United States
L. Ellen Moffat,,Knoxville,Tennessee,TN,,,https://fsobgyn.com/team-member/dr-l-ellen-moffat/,Patient submitted ,,United States
Michael Fields,,Knoxville,Tennessee,TN,,,http://fieldsgynroboticsurgery.com/,Patient submitted,,United States
Wilfredo Herrera,,Knoxville,Tennessee,TN,,,https://www.covenanthealth.com/provider/14693-wilfredo-herrera/,,,United States
Shelly Lewis,,Knoxville,Tennessee,TN,,,https://www.covenanthealth.com/provider/15804-shelly-lewis/,,LGBTQ+ friendly ,United States
Margaret Beauot,,Knoxville,Tennessee,TN,,,https://www.fsobgyn.com/doctor/margaret-beaudrot/,,LGBTQ+ friendly ,United States
Mary E. Christiansen,,Knoxville,Tennessee,TN,,,https://www.fsobgyn.com/doctor/mary-emily-christiansen/,,,United States
Erin J Saunders,,Knoxville,Tennessee,TN,,,,Patient submitted ,,United States
Brooke Foulk,,"Knoxville, Seymour",Tennessee,TN,,,,Patient submitted ,,United States
Annalysa Johnson,,Maryville,Tennessee,TN,,,https://blountmemorial.org/doctor--Annalysa_Johnson,,,United States
Gregory Burana,,Memphis,Tennessee,TN,,,https://www.adamspatterson.com/our-physicians/gregory-j-burana/,Patient submitted,,United States
Judith Williams,,Memphis,Tennessee,TN,,,https://www.adamspatterson.com/our-physicians/judith-j-williams/,Patient submitted,May require 25+,United States
Kristin Owens,,Memphis,Tennessee,TN,,,https://mogamd.com/,,,United States
Marina Santa Cruz Terrazas,,Memphis,Tennessee,TN,,,https://www.regionalonehealth.org/provider/marina-santa-cruz-terrazas-md/,,,United States
Rye Estepp,,Memphis,Tennessee,TN,,,https://sfmp.com/rye-estepp-md/,Patient submitted ,,United States
Sherri Li,,Memphis,Tennessee,TN,,,https://whsobgyn.com/meet-dr-sherri-li/,,,United States
Emma Frank,,Memphis,Tennessee,TN,,,https://mogamd.com/provider/emma-frank-md/,Patient submitted,,United States
Brittney Brothers,,Murfreesboro,Tennessee,TN,,,https://www.whstn.com/provider/brittney-brothers-md,,,United States
Elizabeth Jackson,,Murfreesboro,Tennessee,TN,,,https://ouradvancedwomenscare.com/about-us/,,,United States
Kristin Salter,,Murfreesboro,Tennessee,TN,,,https://healthcare.ascension.org/doctors/1902049737/kristin-l-salter-murfreesboro-tn,,,United States
Jennifer Bell,,Murfreesboro,Tennessee,TN,,,https://www.whstn.com/provider/jennifer-bell-md,,,United States
Jon Anderson,,Murfreesboro,Tennessee,TN,,,https://www.mmclinic.com/jon-anderson,,"LGBTQ+ friendly, accepts Medicaid ",United States
Cynthia Wear,,Murfreesboro,Tennessee,TN,,,https://www.whstn.com/provider/cynthia-daniele-wear-md,,,United States
Amanda Manceau-kha,,Nashville,Tennessee,TN,,,http://www.womenshealthnashville.com/our-physicians/,,,United States
Carol Mccullough,,Nashville,Tennessee,TN,,,,Patient submitted ,,United States
Donna Crowe,,Nashville,Tennessee,TN,,,https://www.womenob.net/meet-us/donna-crowe-md/,Patient submitted,,United States
Kimberly Hunt,,Nashville,Tennessee,TN,,,https://tristarmedgroup.com/physicians/profile/Dr-Kimberly-A-Hunt-MD,,,United States
Laura Binkley,,Nashville,Tennessee,TN,,,https://healthcare.ascension.org/doctors/1942419239/laura-s-binkley-nashville-tn,,,United States
Melanie Dunn,,Nashville,Tennessee,TN,,,,Patient submitted ,,United States
Melissa Reynolds,,Nashville,Tennessee,TN,,,,Patient submitted,,United States
Nancy Lipsitz,,Nashville,Tennessee,TN,,,https://www.heritagemedical.com/providers/nancy-lipsitz/,,,United States
Roseann Maikis,,Nashville,Tennessee,TN,,,http://www.drmaikis.com/,Patient submitted,,United States
Arielle Grand,,Nashville,Tennessee,TN,,,https://www.heritagemedical.com/providers/arielle-grand/,,,United States
Holly Bathen,,Nashville,Tennessee,TN,,,https://www.tristarmedgroup.com/physicians/profile/Dr-Holly-Bathen-DO,,,United States
Elizabeth Bleecker,MD,Nashville,Tennessee,TN,,,https://www.heritagemedical.com/providers/elizabeth-bleecker/,,,United States
Erin Rebele,,Nashville,Tennessee,TN,,,,,,United States
Leonard Brabson,,Powell,Tennessee,TN,,,https://www.tennovagreaterknoxvilledocs.com/doctors-providers/brabson-leonard-a-md-4438?utm_campaign=gmb&utm_medium=organic&utm_source=local,Patient submitted,,United States
Gina Hamrang,,Smyrna,Tennessee,TN,,,https://tristarhealth.com/physicians/profile/Dr-Gina-E-Hamrang-MD,Patient submitted,,United States
Lindsey Zamora,,Smyrna,Tennessee,TN,,,https://search.vanderbilthealth.com/doctors/zamora-lindsey,Patient submitted,,United States
Cortney H. Cabell,,Springfield,Tennessee,TN,,,https://heydianahealth.com/team-members/cortney-cabell/,Patient submitted,,United States
Ginny Barton,,Tullahoma,Tennessee,TN,,,https://search.vanderbilthealth.com/doctors/barton-ginny,Patient submitted,,United States
Kaitlyn Martin,,Winchester,Tennessee,TN,,,https://www.southerntnsewanee.com/find-a-doctor/provider/1861920654,,,United States
Michelle K. Roach,,Nashville,Tennessee,TN,,,https://www.vanderbilthealth.com/doctors/roach-michelle,Patient submitted ,,United States
Susan Frommeyer,,Pulaski,Tennessee,TN,,,https://www.southerntnpulaski.com/find-a-doctor/provider/1568525970,,,United States
Kristen Mitchell,,Abilene,Texas,TX,,,https://www.hendrickhealth.org/find-a-provider/kristen-b-mitchell-md/,Patient submitted,,United States
Kathryn Bonds,,Amarillo,Texas,TX,,,https://www.whaonline.net/staff/kathryn-bonds-md/,Patient submitted,,United States
Jill A. Gulizia,,Amarillo,Texas,TX,,,https://www.whaonline.net/staff/jill-gulizia-md/,Patient submitted ,,United States
Brad Boccaccio,,Arlington,Texas,TX,,,,Patient submitted,,United States
Russell Dickey,,Arlington,Texas,TX,,,https://usmdarlington.com/russell-a-dickey-md,Patient submitted,,United States
Amber Gadson,,Arlington,Texas,TX,,,http://matlockobgyn.com/,,,United States
Kevin Gordon,,Arlington,Texas,TX,,,http://trinityparksurgerycenter.com/,Patient submitted,,United States
Joshua N. Splinter,,Athens,Texas,TX,,,https://uthealthathens.com/provider/joshua-n-splinter-md,Patient submitted ,,United States
Alinda R. Cox,,Austin,Texas,TX,,,https://www.austinregionalclinic.com/doctors/alinda-cox,Patient submitted,,United States
Caroline Kaufman,,Austin,Texas,TX,,,https://www.austinregionalclinic.com/doctors/caroline-carrie-kaufman,,,United States
Diana Wang,,Austin,Texas,TX,,,https://www.violetcrownobgyn.com/,,,United States
Fiona Esfandiari,,Austin,Texas,TX,,,https://www.aaobgyn.com/provider-bio/fiona-esfandiari-md,,,United States
Julia Voelkl,,Austin,Texas,TX,,,https://www.austinregionalclinic.com/doctors/julia-voelkl,,,United States
Leah Tatum,,Austin,Texas,TX,,,https://www.austinregionalclinic.com/doctors/leah-tatum,,,United States
Lisa Jukes,,Austin,Texas,TX,,,,Patient submitted ,,United States
Mahta Rouhani Binayao,,Austin,Texas,TX,,,,,,United States
Robert Cowan,,Austin,Texas,TX,,,,Patient submitted ,,United States
Romy Ghosh,,Austin,Texas,TX,,,https://www.austinregionalclinic.com/doctors/romy-ghosh,,,United States
Shaila Patel,,Austin,Texas,TX,,,https://austinobgyn.womenshealthtx.com/provider/shaila-patel-md/,,,United States
Tara Cherry,,Austin,Texas,TX,,,,Patient submitted ,,United States
Tyler Handcock,,Austin,Texas,TX,,,,,,United States
Woman’s Health Domain (all Docs),,Austin,Texas,TX,,,https://www.whdatx.com/contact-us,,,United States
Marco Uribe,,Austin,Texas,TX,,,https://www.aaobgyn.com/provider-bio/marco-uribe-md,Patient submitted,,United States
Rachel C. Fresques,,Austin,Texas,TX,,,https://www.austinregionalclinic.com/doctors/rachel-fresques?featuretab=booknow&utm_source=online-directory&utm_campaign=yext&utm_content=rachel-fresques-book-appt,,,United States
Joshua R. Shaffer,,Austin,Texas,TX,,,https://healthcare.ascension.org/find-care/provider/1396366043/joshua-shaffer,,,United States
Allison A. Urrutia,,Austin,Texas,TX,,,https://www.austinregionalclinic.com/doctors/allison-urrutia?featuretab=booknow&utm_source=online-directory&utm_campaign=yext&utm_content=allison-urrutia-book-appt,Patient submitted,,United States
Sherry Neyman,,Austin,Texas,TX,,,http://renaissancewomens.com/,Patient submitted,,United States
Christopher Seeker,,Austin,Texas,TX,,,https://aaobgyn.com/provider-bio/christopher-seeker/,Patient submitted,,United States
Mckenna A. Williamson,,Austin,Texas,TX,,,https://www.austinregionalclinic.com/doctors/mckenna-williamson?featuretab=booknow&utm_source=online-directory&utm_campaign=yext&utm_content=mckenna-williamson-book-appt,Patient submitted,,United States
Margaret Landwermeyer,,Austin,Texas,TX,,,https://www.hillcountryobgyn.com/margaret-landwermeyer-md-facog,Patient submitted,,United States
Manisha Parikh,,Bedford,Texas,TX,,,,Patient submitted ,,United States
Gabrielle Rich,,Big Spring,Texas,TX,,,https://providers.steward.org/s/affiliation/a0d5Y00001WQwgsQAD/gabrielle-rich-1501-west-eleventh-place-suite-200-big-spring-tx-79720-scenic-m?utm_keyword=1356720924&utm_campaign=yext-listing&utm_medium=local&utm_source=gmb,,,United States
Brenda Chao,,Cedar Park,Texas,TX,,,https://www.cedarparkregional.com/find-a-doctor/chao-brenda-md-18722,,,United States
Noe Lira,,Corpus Christi,Texas,TX,,,,Patient submitted ,,United States
Romulo Corrada,,Corpus Christi,Texas,TX,,,https://obgyncorpuschristi.com/obgyn-doctors/,Patient submitted,,United States
Sophia Ommani,,Corpus Christi,Texas,TX,,,https://ccmedicalcenter.com/physicians/profile/Dr-Sophia-J-Ommani-MD,Patient submitted ,,United States
Ann Lutich,,Dallas,Texas,TX,,,https://utswmed.org/doctors/ann-lutich/,Patient submitted,,United States
Chad Simmons,,Dallas,Texas,TX,,,,Patient submitted ,,United States
Helen Onoriode,,Dallas,Texas,TX,,,https://www.texashealth.org/Providers/Affiliated/HealthCare-Clinics/ObstetricsGynecology/helen-oghenekevwe-onoriode-md,Patient submitted ,,United States
Jennifer Teague,,Dallas,Texas,TX,,,,,"Resources for low income, LGBTQ+ friendly",United States
Joy Susanne,,Dallas,Texas,TX,,,https://womenshealthalliance.com/joy-s-peveto-md/,,,United States
Laura Rosenfield,,Dallas,Texas,TX,,,,Patient submitted ,,United States
Lauren Wells,,Dallas,Texas,TX,,,https://magnolia-obgyn.com/our-doctors/,,,United States
Maria F Lanasa,,Dallas,Texas,TX,,,https://utswmed.org/doctors/maria-lanasa/,Patient submitted,,United States
María Florián-roiguez,,Dallas,Texas,TX,,,,,,United States
Mark J. Godat,,Dallas,Texas,TX,,,https://www.drmarkgodat.com/our-team,Patient submitted,,United States
Melissa Crochet,,Dallas,Texas,TX,,,https://utswmed.org/doctors/melissa-crochet/,Patient submitted,Trans knowledgeable,United States
Kimberly Kho,,Dallas,Texas,TX,,,https://utswmed.org/doctors/kimberly-kho/,Patient submitted,,United States
Colin E. Koon,,Dallas,Texas,TX,,,https://www.texasoncology.com/gynecologic-oncologist/colin-koon,Patient submitted ,,United States
Amber Darr,,Dallas,Texas,TX,,,https://www.medicalcityhealthcare.com/physicians/profile/Dr-Amber-Darr-MD,Patient submitted ,,United States
Shannon Mccants,,Dallas,Texas,TX,,,,Patient submitted ,,United States
Amber Darr,,Dallas,Texas,TX,,,https://www.womenshealthalliance.com/physicians/profile/Dr-Amber-Darr-MD,Patient submitted,,United States
Juliana Lopez-klein,,Dallas/plano,Texas,TX,,,,,,United States
Joseph Valenti,,Denton,Texas,TX,,,https://cfwdenton.com/,,LGBTQ+ friendly,United States
Laura Finger,,Denton,Texas,TX,,,https://cfwdenton.com/physicians/profile/Dr-Laura-S-Finger-MD,Patient submitted,Trans knowledgeable,United States
Monica Popov,,Denton,Texas,TX,,,https://cfwdenton.com/,,LGBTQ+ friendly,United States
Laura Finger,,Denton,Texas,TX,,,https://cfwdenton.com/,,,United States
Stephanie Mishaw,,El Paso,Texas,TX,,,,Patient submitted ,,United States
Jennifer Orr,,El Paso,Texas,TX,,,https://www.providencemedicalpartners.com/find-a-doctor/detail/jennifer-orr-1639361603,Patient submitted,,United States
Thomas Fliedner,,Flower Mound,Texas,TX,,,,Patient submitted ,,United States
Gladys Tse,,Fort Worth,Texas,TX,,,,Patient submitted ,,United States
Heather Neville,,Fort Worth,Texas,TX,,,https://www.obgynson8th.com/provider/heather-neville-md,,,United States
Jennifer Mcleland,,Fort Worth,Texas,TX,,,,,,United States
Rebecca Rogers,,Fort Worth,Texas,TX,,,,,,United States
Catherine Bevan,,Fort Worth,Texas,TX,,,https://www.txhealthcare.com/providers/catherine-bevan-md/,,,United States
Robert M. Howell,,Fort Worth,Texas,TX,,,https://www.whmg.net/robert-m-howell-m-d,Patient submitted,,United States
Traci Bartkus,,Fort Worth,Texas,TX,,,https://www.fortworthobgyn.com/meet-the-team/dr-traci-bartkus/,,LGBTQ+ friendly ,United States
Ashita Gehlot,,Fort Worth,Texas,TX,,,https://www.fortworthobgyn.com/provider/ashita-gehlot-md-facog,,,United States
James Herd,,Fort Worth,Texas,TX,,,https://www.thcobstetricsandgynecology.com/doctors/dr-james-herd/,Patient submitted,,United States
Cynthia A. English,,Fort Worth,Texas,TX,,,https://www.forthworthobgyn.com/provider/cynthia-a-english-do,Patient submitted,,United States
Alicia Larsen,,Fort Worth,Texas,TX,,,https://thcobgyn.com/alicia-larsen-md/,Patient submitted,,United States
Elise H. Rex,,Fort Worth,Texas,TX,,,https://www.graceobgyntx.com/meet-our-team/dr-elise-hull/,,,United States
Alisa Ward,,Frisco,Texas,TX,,,,,,United States
Heather Bartos,,Frisco,Texas,TX,,,https://beagreatwoman.com/providers/,,,United States
Jennifer Gulick,MD,Frisco,Texas,TX,,,,,,United States
Karen Edwards-key,MD,Frisco,Texas,TX,,,,,,United States
Laura M. Bradley,,Frisco,Texas,TX,,,https://www.ovationobgyn.com/doctors/laura-marie-bradley-md-facog-obgyn/,,,United States
Hina Khan,,Frisco,Texas,TX,,,https://www.myprivia.com/legacyobgyn/providers/hina-khan-md,,,United States
Suneet K. Flora,,Frisco,Texas,TX,,,https://www.medicalcityhealthcare.com/physicians/profile/Dr-Suneet-K-Flora-MD,,,United States
Arminda Callejas-weinz,,Frisco,Texas,TX,,,https://www.medicalcityhealthcare.com/physicians/profile/Dr-Arminda-Callejas-MD,Patient submitted,"LGBTQ+ friendly, speaks Spanish ",United States
Amy Klein,,Gainesville,Texas,TX,,,https://www.vitalitywomenshealthcare.com/dr-amy-klein/,Patient submitted,,United States
Zaira Jorai-khan,,Gainesville,Texas,TX,,,https://www.bswhealth.com/physician/zaira-jorai-khan,,,United States
Truong Chinh Nguyen,,Galveston,Texas,TX,,,https://doctors.utmbhealth.com/providersearch/default/?id=007323,Patient submitted,,United States
Tiffany Rhea Jackson,,Garland,Texas,TX,,,https://www.bswhealth.com/physician/tiffany-jackson,Patient submitted,,United States
Jennifer Rogers,,Georgetown,Texas,TX,,,https://georgetowntexasobgyn.com/dr-jennifer-rogers/,Patient submitted ,,United States
Marie Hollis,,Greenville,Texas,TX,,,http://www.greenvilleobgynclinic.com/providers.htm,Patient submitted,,United States
Laura C. Flores-roiguez,,Harlingen,Texas,TX,,,https://www.harlingenmedicalcenter.com/find-a-provider/laura-c-flores-rodriguez-md/,,,United States
Alexana Pellicena,,Houston,Texas,TX,,,,,,United States
Emma Carroll,,Houston,Texas,TX,,,https://www.kelsey-seybold.com/find-a-houston-doctor/emma-carroll-obgyn,,,United States
Allan R. Katz,,Houston,Texas,TX,,,https://memorialhermann.org/doctors/ob-gyns/dr-allan-katz-md-1518986009,Patient submitted ,,United States
Alvaro I. Montealegre,,Houston,Texas,TX,,,https://www.utphysicians.com/provider/alvaro-i-montealegre/,Patient submitted ,,United States
Kathy Sander,,Houston,Texas,TX,,,https://www.kelsey-seybold.com/find-a-houston-doctor/kathy-sander-obgyn?utm_source=googlemybusiness&utm_medium=backlink&utm_campaign=provider-bios&eid=200000351,Patient submitted,,United States
Jason Cooper,,Houston,Texas,TX,,,https://www.myprivia.com/obgynmedicalcenter/providers/dr-jason-cooper,Patient submitted,,United States
Aian Harvey Mass,,Houston,Texas,TX,,,,,,United States
Barbara Rose Fogiel,,Houston,Texas,TX,,,https://www.memorialhermann.org/doctors/ob-gyns/dr-barbara-fogiel-md-1134123169,Patient submitted,,United States
Beth Davis,,Houston,Texas,TX,,,https://womanshospital.com/physicians/profile/Dr-Beth-R-Davis-MD,,,United States
Devyn Demaree,,Houston,Texas,TX,,,https://women.texaschildrens.org/provider/devyn-demaree-md,,,United States
Jenna Sassie,MD,Houston,Texas,TX,,,,,,United States
Jennie Ou,,Houston,Texas,TX,,,,,,United States
Kayla Lash,,Houston,Texas,TX,,,,Patient submitted ,,United States
Lisa Beard,,Houston,Texas,TX,,,https://completewomenscarecenter.com/physicians/profile/Dr-Lisa-F-Beard-MD,,,United States
Pallavi Nair,,Houston,Texas,TX,,,https://www.jointhecenter.org/providers/pallavi-nair-fairless-md,,,United States
Traci Desplinter,,Houston,Texas,TX,,,https://www.houstonmethodist.org/doctor/traci-desplinter/,,,United States
Lori H. Cavender,,Houston,Texas,TX,,,https://www.houstonmethodist.org/doctor/lori-h-cavender/,Patient submitted ,,United States
Anea Costello,,Houston,Texas,TX,,,https://www.kelsey-seybold.com/find-a-houston-doctor/andrea-costello-obgyn,,,United States
Jeff Livingston,,Irving,Texas,TX,,,https://macarthurmc.com/dr-jeff-livingston/,,,United States
Katelynn Dent,,Irving,Texas,TX,,,https://www.christushealth.org/find-a-doctor/katelynn-dent-23530,,Military only,United States
Kristin R. Lebrasseur,,Irving,Texas,TX,,,https://www.care.texashealth.org/Providers/Affiliated/MacArthur-Medical-Center-PLLC/General/kristin-rose-lebrasseur-do,,,United States
Suna Noora Burghul,,Irving,Texas,TX,,,https://www.care.texashealth.org/Providers/Affiliated/MacArthur-Medical-Center-PLLC/General/suna-noora-burghul-do,,,United States
Suna Burghul,,Irving,Texas,TX,,,https://macarthurmc.com/suna-burghul-do/,,LGBTQ+ friendly,United States
Alejana Perez-moore,,Lewisville,Texas,TX,,,https://northtexasobgyn.com/about/,,Performs sterilizations/hysterectomies on transgender patients ,United States
Diana Luts,,Lewisville,Texas,TX,,,,,,United States
Elizabeth Tidwell,,Longview,Texas,TX,,,https://www.dcol.net/provider/elizabeth-tidwell-m-d/,,,United States
Roxana Campano,,Lubbock,Texas,TX,,,,Patient submitted ,,United States
Cathy Gentry,,Lubbock,Texas,TX,,,https://www.providence.org/doctors/obstetrics-and-gynecology/tx/lubbock/cathy-gentry-1871013276,Patient submitted,,United States
Noelle Zavala,,Lubbock,Texas,TX,,,https://www.providence.org/doctors/obstetrics-and-gynecology/tx/lubbock/noelle-zavala-1821408089,Patient submitted,,United States
Shelly Hook,,Lubbock,Texas,TX,,,https://www.providence.org/doctors/obstetrics-and-gynecology/tx/lubbock/shelly-hook-1457542110?ls=provider&y_source=1_NDQxMzYwMTItNDgzLWxvY2F0aW9uLndlYnNpdGU%3D,Patient submitted ,,United States
Hazem Kanaan,,Mcallen,Texas,TX,,,https://www.allwomenmedicalclinic.com/,Patient submitted,,United States
Christi A. Kidd,,Mckinney,Texas,TX,,,https://adriaticawomenshealth.com/providers/christi-kidd/,Patient submitted,,United States
Gerald Luciani,,Mckinney,Texas,TX,,,https://www.bswhealth.com/physician/gerald-luciani,Patient submitted,,United States
Tracey Banks,,Mckinney,Texas,TX,,,,,,United States
Gerald Luciani,,Mckinney,Texas,TX,,,http://comprehensiveobgyntx.com/,Patient submitted ,,United States
Brady Locke,,Midland,Texas,TX,,,https://mwcobgyn.com/meet-our-providers/,Patient submitted,,United States
Sara Northrop,,Midlothian,Texas,TX,,,https://bloomgynecology.com/aboutdrnorthrop,Patient submitted,,United States
Emily Bullock,,Montgomery,Texas,TX,,,https://www.bullockmedspa.com/,,,United States
Hilary S. Currie,,Palestine,Texas,TX,,,https://www.palestineregional.com/find-a-doctor/provider/1760846083,,,United States
Bethany Elidge,,Pflugerville,Texas,TX,,,https://www.bswhealth.com/resident/bethany-eldridge,,,United States
Jonathan Pepper,,Pflugerville,Texas,TX,,,https://www.pflugerobgyn.com/,Patient submitted,,United States
Elizabeth Coronado,,Plano,Texas,TX,,,https://obgynplano.com/womens-doctors-physicians/elizabeth-coronado-md/,Patient submitted,,United States
David Baghdassarian,,Plano,Texas,TX,,,https://www.bswhealth.com/physician/david-baghdassarian,Patient submitted ,,United States
Kristin Tabor,,Plano,Texas,TX,,,https://www.obgynnorthdallas.com/meet-our-providers/,,,United States
Michelle Grundstrom,,Plano,Texas,TX,,,https://www.tebra.com/care/provider/michelle-grundstrom-md-1538797311,,"LGBTQ+ friendly, has performed gender-affirming hysterectomies",United States
Theresa Conyac,,Rockwall,Texas,TX,,,https://www.glowbgyn.com/provider/theresa-conyac-md-facog,Patient submitted ,,United States
Gabriela Zandomeni,,Rockwall,Texas,TX,,,https://www.crossroadswomenshealth.com/staff,Patient submitted ,Fluent in Spanish ,United States
Amanda Walters,,Round Rock,Texas,TX,,,,Patient submitted ,,United States
Kathleen (katie) Boswell,,Round Rock,Texas,TX,,,https://www.bswhealth.com/physician/kathleen-boswell,,,United States
Mary Beth Harrison,,Round Rock,Texas,TX,,,https://austinobgyn.womenshealthtx.com/provider/mary-beth-harrison-md/,Patient submitted,,United States
Jenny Wiggins-smith,,San Angelo,Texas,TX,,,https://www.shannonhealth.com/providers/jenny-wiggins-smith-do/,,,United States
Carlos Cardenas,,San Antonio,Texas,TX,,,https://www.drcvip.com/,Patient submitted,,United States
Charles Jeffreys,,San Antonio,Texas,TX,,,,Patient submitted,,United States
Erin Keyser,,San Antonio,Texas,TX,,,,,,United States
Jami Barnard,,San Antonio,Texas,TX,,,,Patient submitted ,,United States
Keisha Loftin,,San Antonio,Texas,TX,,,https://sahealth.com/physicians/profile/Dr-Keisha-L-Loftin-MD,Patient submitted,,United States
Luke Newton,,San Antonio,Texas,TX,,,,Patient submitted ,,United States
Melodie Zamora,,San Antonio,Texas,TX,,,https://www.baptisthealthsystem.com/find-a-doctor/detail/melodie-zamora-1649619578,,"Speaks spanish, LGBTQ+ friendly",United States
Michelle Mulow,,San Antonio,Texas,TX,,,https://baptistmedicalnetwork.com/michelle-muldrow-do/,,"Speaks Spanish, LGBTQ+ friendly",United States
Morgan Fisler,,San Antonio,Texas,TX,,,,Patient submitted ,,United States
Nistha Jajal,,San Antonio,Texas,TX,,,,,,United States
Patience Miller,,San Antonio,Texas,TX,,,https://www.patiencemillerobgyn.com/,Patient submitted,,United States
Ritu Dutta,,San Antonio,Texas,TX,,,https://www.baptisthealthsystem.com/test-fad-hide-search//detail/ritu-dutta-1093957573,,"Speaks Hindi, LGTBQ+ friendly",United States
Vincenzo Sabella,,San Antonio,Texas,TX,,,,Patient submitted ,,United States
Jose Farina,,San Antonio,Texas,TX,,,,Patient submitted,,United States
Nguyen Nguyen,,San Antonio,Texas,TX,,,https://communicaresa.org/healthcare-services/womens-health-services/obgyn-providers/,Patient submitted ,,United States
Jose M. Farina,,San Antonio,Texas,TX,,,https://health.usnews.com/doctors/jose-farina-441525,Patient submitted,,United States
Abigail Cain,,San Antonio,Texas,TX,,,https://directory.uthscsa.edu/academics/profile/caina3,,,United States
Paul Dente Ellis,,San Antonio,Texas,TX,,,https://willowobgyn.com/drpauldenteellis,,,United States
Viviana Ellis,,San Antonio,Texas,TX,,,https://www.legacywomenshealth.com/provider/viviana-ellis-md/,,Speaks Spanish,United States
Valentin Almendarez,,"San Antonio, Schertz",Texas,TX,,,https://acaciaobgyn.com/meet-our-team/valentin-almendarez-md/,Patient submitted,,United States
Jodi M. Brannen,,Seguin,Texas,TX,,,https://www.grmedcenter.com/physician/brannen-jodi-md/,Patient submitted,,United States
Sara Holzbauer De Castellanos,,Stephenville,Texas,TX,,,https://www.care.texashealth.org/Providers/THPG/Texas-Health-Womens-Care/ObstetricsGynecology/sara-holzbauerde-castellanos-do,Patient submitted,,United States
Kevin Huddleston,,Temple,Texas,TX,,,https://www.bswhealth.com/physician/kevin-huddleston,Patient submitted,,United States
Terri Scott,MD,The Woodlands,Texas,TX,,,https://www.stlukeshealth.org/find-a-doctor/1811085715-terri-scott,Patient submitted,,United States
Philip T Suarez,,Victoria,Texas,TX,,,http://www.vwca.com/suarez.html,Patient submitted,,United States
Tanya Seiler,,Victoria,Texas,TX,,,http://www.vwca.com/seiler.html,Patient submitted,,United States
Hannah Ermon,,Waco,Texas,TX,,,https://www.bswhealth.com/physician/hannah-ermon,,,United States
Hayley Voige,,Waco,Texas,TX,,,https://deerwoodwomen.com/about-us/meet-dr-voige/,Patient submitted,LGBTQ+ friendly,United States
Amanda Brumley,,Waxahachie,Texas,TX,,,https://www.whsnt.com/doctors/amanda-brumley/,,,United States
April Mikes,,Weatherford,Texas,TX,,,http://www.weatherfordobgyn.com/dr-mikes.html,Patient submitted,,United States
Carolyn Kenney,,Webster,Texas,TX,,,https://www.baobgyn.com/carolyn-kenney-do-facog,Patient submitted,,United States
Melanie Levy-meeks,,Webster,Texas,TX,,,https://www.kelsey-seybold.com/find-a-houston-doctor/melanie-levy-meeks-obgyn,,,United States
Raphny Johnson,,Webster,Texas,TX,,,http://womensclearlake.com/,Patient submitted,,United States
Maxine Lingurar,,Wichita Falls,Texas,TX,,,https://unitedregional.org/physicians/maxine-lingurar-md/,Patient submitted ,,United States
Jamaan Kenner,,Wichita Falls,Texas,TX,,,https://urphysiciangroup.org/providers/jamaan-kenner-md/?utm_source=Bing&utm_medium=Yext,Patient submitted,,United States
Cassana Schakett,,Woodlands,Texas,TX,,,https://www.stlukeshealth.org/find-a-doctor/1932543352-cassandra-schakett,,,United States
Elcy John,,Woodlands,Texas,TX,,,https://memorialhermann.org/doctors/ob-gyns/dr-elcy-john-md-1083611628,,,United States
Charles Anderson,,Abilene,Texas,TX,,,https://dr-charles-anderson-obgyn.business.site/,Patient submitted,,United States
Timothy J. Hill,,Abilene,Texas,TX,,,https://www.hendrickhealth.org/find-a-provider/timothy-j-hill-ii-md/,Patient submitted,Spanish speaking,United States
Robert Kauffman,,Amarillo,Texas,TX,,,https://bsahs.org/providers/robert-kauffman-md,Patient submitted,,United States
Selam Whitfield,,Arlington,Texas,TX,,,https://www.medicalcityhealthcare.com/physicians/profile/Dr-Selam-Whitfield-MD,,,United States
Kevin R. Gordon,,Arlington & Mansfield,Texas,TX,,,https://www.omegaobgyn.com/providers,Patient submitted,,United States
Clarissa Gutierrez,,Austin,Texas,TX,,,https://renaissancewomens.com/physicians/,Patient submitted ,,United States
David W. Reue,,Austin,Texas,TX,,,https://healthcare.ascension.org/find-care/provider/1285621011/david-reue,Patient submitted ,,United States
Tara A. Cherry,,Austin,Texas,TX,,,https://www.austinregionalclinic.com/doctors/tara-cherry,Patient submitted,,United States
Caroline Cohen,,Austin,Texas,TX,,,http://wildflowerobgyn.com/physicians/caroline-cohen-m-d.dot,Patient submitted,,United States
Genoveva N. Prisacaru,,Austin,Texas,TX,,,https://www.sevenhillswomen.com/our-practice.html,Patient submitted,,United States
Charles Safely,,Bedford,Texas,TX,,,https://www.charlessafelymd.com/staff/charles-safely-m-d-f-a-c-o-g.html,Patient submitted,,United States
Chelsea D. Velasquez,,College Station,Texas,TX,,,https://www.bswhealth.com/physician/chelsea-velasquez,Patient submitted,,United States
Candice L. Luedke,,College Station,Texas,TX,,,https://www.bswhealth.com/undefined/physician/candice-luedke,Patient submitted,,United States
Charles W. Sanders,,College Station & Temple,Texas,TX,,,https://www.bswhealth.com/physician/charles-sanders,Patient submitted,,United States
Rodolfo Revilla,,El Paso,Texas,TX,,,https://www.providencemedicalpartners.com/find-a-doctor/detail/rodolfo-revilla-1477666279,Patient submitted,,United States
Katelyn Welshans,,El Paso,Texas,TX,,,https://ttuhscep.edu/som/obgyn/faculty.aspx,Patient submitted,,United States
Maja Grzejdziak,,El Paso,Texas,TX,,,https://ttuhscep.edu/som/obgyn/residency/currentresidents.aspx,,LGBTQ+ friendly ,United States
Dana N. Snell-hargrove,,Fort Worth,Texas,TX,,,https://allianceob.com/,Patient submitted,,United States
Lindsay Breedlove Tate,,Fort Worth,Texas,TX,,,https://www.myprivia.com/thcobstetricsandgynecology/providers/lindsay-breedlove-tate-md,Patient submitted,,United States
Sarah E. Anews,,Houston,Texas,TX,,,https://greatcareobgyn.com/sarah-e-andrews-m-d-f-a-c-o-g/,Patient submitted ,,United States
Oliver Batiste Jr.,,Houston,Texas,TX,,,https://memorialhermann.org/doctors/ob-gyns/dr-oliver-batiste-md-1104321686,,,United States
Kristin Chabarria,,Houston,Texas,TX,,,http://womanshospital.com/physicians/profile/Kristin-Chabarria-MD,,,United States
Deborah Henyx,,Houston,Texas,TX,,,http://hwca.net/,,Speaks Spanish,United States
April A. Schiemenz,,Killeen,Texas,TX,,,https://www.bswhealth.com/physician/april-schiemenz,,,United States
Labeena Wajahat,,Mckinney,Texas,TX,,,https://adriaticawomenshealth.com/providers/labeena-wajahat-md-obstetrics-gynecology/,Patient submitted,,United States
Charles Smith,,Plainview,Texas,TX,,,https://www.providence.org/doctors/obstetrics-and-gynecology/tx/plainview/charles-smith-1780668624?ls=provider&y_source=1_NDQxMzU1MzUtNDgzLWxvY2F0aW9uLndlYnNpdGU%3D,Patient submitted,,United States
Thomas S. Sudela,,Rockwall,Texas,TX,,,https://www.sudelacare.com/,Patient submitted ,,United States
Carlos Cardenas,,San Antonio,Texas,TX,,,https://www.drcvip.com/,Patient submitted ,,United States
Michelle Mulow,,San Antonio,Texas,TX,,,https://www.baptisthealthsystem.com/find-a-doctor/detail/michelle-muldrow-1194027607,Patient submitted,,United States
Orlando Suris,,San Antonio,Texas,TX,,,https://www.heightsobgyn.com/provider/orlando-suris-san-antonio-tx/,Patient submitted,,United States
Sara Holzbauer De Castellanos,,Stephenville,Texas,TX,,,https://www.care.texashealth.org/Providers/THPG/Texas-Health-Womens-Care/ObstetricsGynecology/sara-holzbauerde-castellanos-do,Patient submitted,,United States
Jennifer D. Newton,,Tyler,Texas,TX,,,https://www.fourseasonswomenshealth.com/meet-the-doctors,Patient submitted ,,United States
Carl A. Dunn,,Waco,Texas,TX,,,https://www.bswhealth.com/physician/carl-dunn,Patient submitted ,,United States
Jihad Harmouche,,Webster,Texas,TX,,,https://cls.health/providers/jihad-harmouche-md/,Patient submitted,"Speaks English, Arabic & French",United States
Kylie Soffe,,Bluffdale,Utah,UT,,,https://www.svwhc.com/provider/kylie-soffe-md,Patient submitted,Speaks Spanish,United States
Emily Blake,,Bluffdale,Utah,UT,,,https://www.svwhc.com/provider/emily-blake-md,,Speaks Spanish ,United States
Ryan Empey,,Bountiful,Utah,UT,,,https://www.mountainstarmedicalgroup.com/physicians/profile/Dr-Ryan-B-Empey-MD,Patient submitted ,,United States
Alyson E. Shinn,,Bountiful & Salt Lake City,Utah,UT,,,https://doctors.intermountainhealth.org/provider/alyson-e-shinn/2560390,Patient submitted,,United States
Stephen Sanders,,Cedar City,Utah,UT,,,https://www.cciowh.com/provider/stephen-sanders-md,Patient submitted ,,United States
Bryant Johnson,,Layton,Utah,UT,,,https://tannerclinic.com/provider/bryant-johnson-do/,Patient submitted ,,United States
Sarah Zarek,,Murray,Utah,UT,,,,Patient submitted ,,United States
Stephanie Henderson,,Murray,Utah,UT,,,,,,United States
Theresa R. Kurtz,,Murray,Utah,UT,,,https://doctors.intermountainhealth.org/provider/Theresa+R.+Kurtz/2557542,Patient submitted ,,United States
Scott Rynearson,,Ogden,Utah,UT,,,,Patient submitted ,,United States
Stacia Moyer,,Ogden,Utah,UT,,,https://intermountainhealthcare.org/find-a-doctor/m/moyer-stacia-l/,Patient submitted,Speaks Spanish,United States
Kirk Lammi,,Ogden,Utah,UT,,,https://www.ogdenclinic.com/provider-directory/kirk-lammi-do-facoog/,Patient submitted,,United States
Emily M. Crossfield,,Ogden,Utah,UT,,,https://doctors.intermountainhealth.org/provider/emily-m-crossfield/2556534,,,United States
Alexander Larson,,Ogden & Layton,Utah,UT,,,https://www.ogdenclinic.com/provider-directory/alex-larson-md-facog/,Patient submitted,,United States
Jason Morris,,Payson,Utah,UT,,,,Patient submitted ,,United States
Luke Wendt,,Pleasant Grove,Utah,UT,,,https://reverehealth.com/doctors/luke-wendt-do/,Patient submitted,,United States
Tricia Twelves,,Riverton,Utah,UT,,,https://www.grangermedical.com/providers/tricia-a-twelves-md/,Patient submitted ,,United States
Katie Peacock,,Riverton & West Jordan,Utah,UT,,,https://www.grangermedical.com/providers/katie-peacock-md/,,,United States
Javier Chavez,,Riverton & West Jordan,Utah,UT,,,https://www.grangermedical.com/providers/javier-chavez-md/,Patient submitted,Speaks Spanish,United States
Katie L. Peacock,,Riverton & West Jordan,Utah,UT,,,https://www.grangermedical.com/providers/katie-peacock-md/,Patient submitted,,United States
Amanda Cleveland,,Salt Lake City,Utah,UT,,,https://intermountainhealthcare.org/find-a-doctor/c/cleveland-amanda-m/,,,United States
Bryant Brown,,Salt Lake City,Utah,UT,,,https://intermountainhealthcare.org/find-a-doctor/Bryant-J-Brown-MD-1629038963,Patient submitted,,United States
Chelsea Mutscheller,,Salt Lake City,Utah,UT,,,https://intermountainhealthcare.org/find-a-doctor/m/mutscheller-chelsea-s/,,,United States
Elizabeth Graul,,Salt Lake City,Utah,UT,,,https://intermountainhealthcare.org/find-a-doctor/Elizabeth-A-Graul-MD-1417074865,Patient submitted,,United States
Sara Jane Pieper,,Salt Lake City,Utah,UT,,,,,,United States
Sean Edmunds,,Salt Lake City,Utah,UT,,,https://wedeliveryourdreams.com/physicians/profile/Dr-Sean-F-Edmunds-MD,Patient submitted,,United States
Melani Harker,,Salt Lake City,Utah,UT,,,https://healthcare.utah.edu/find-a-doctor/melani-harker,Patient submitted ,,United States
Anea N. Smith,,Salt Lake City,Utah,UT,,,https://doctors.intermountainhealth.org/provider/Andrea+N.+Smith/2558668,Patient submitted ,,United States
Brandi Smith Fox,,Salt Lake City,Utah,UT,,,https://www.mountainstarmedicalgroup.com/locations/st-marks-obstetrics-and-gynecology-associates/physicians/profile/Dr-Brandi-Smith-MD,,,United States
Sara Jane Pieper,,Salt Lake City,Utah,UT,,,https://intermountainhealthcare.org/find-a-doctor/p/pieper-sara-jane/,,,United States
Leslie A.ostler,,"Salt Lake City, Farmington",Utah,UT,,,https://healthcare.utah.edu/fad/mddetail.php?physicianID=u0050326&name=leslie-ostler,Patient submitted,,United States
Melissa Adelman,,"Salt Lake City, Farmington",Utah,UT,,,https://healthcare.utah.edu/fad/mddetail.php?physicianID=u0840759&name=marisa-r-adelman,Patient submitted,,United States
Samara Lazernick,,Tooele,Utah,UT,,,https://mountainwestmedicalgroup.com/providers-3/womens-health-providers/samara-lazernick-md/,,,United States
Scott Epstein,,West Jordan,Utah,UT,,,,Patient submitted ,,United States
Douglas Burgett,,West Jordan & Riverton,Utah,UT,,,https://www.grangermedical.com/providers/a-douglas-burgett-md/,Patient submitted,Spanish speaking,United States
Ryan Porter,,Bountiful,Utah,UT,,,https://www.mountainstar.com/physicians/profile/Dr-Ryan-Porter-MD,Patient submitted,,United States
Chad L. Martinez,,Logan,Utah,UT,,,https://doctors.intermountainhealth.org/provider/chad-l-martinez/2596144?utm_campaign=gmb&utm_medium=organic&utm_source=local,Patient submitted,"LGBTQ+ friendly, specializes in minimally invasive surgeries ",United States
Nathan Bertoldo,,Logan,Utah,UT,,,https://mtnaomiwomenshealth.com/obgyn-nurse-midwife-appointments/dr-nathan-bertoldo-md/,Patient submitted,,United States
Caitlin Indart,,Murray,Utah,UT,,,https://cottonwoodobgyn.com/caitlin-indart-md/,Patient submitted,,United States
Spencer Pierson,,Murray,Utah,UT,,,https://cottonwoodobgyn.com/spencer-pierson-gynecology/,Patient submitted,,United States
Glen Mackenzie,,Bennington,Vermont,VT,,,https://www.castleconnolly.com/top-doctors/glen-c-mackenzie-obstetrics-gynecology-103cc003458,Patient submitted,,United States
Kimberly Sapson,,Bennington,Vermont,VT,,,,Patient submitted ,,United States
Kym Boyman,,Burlington,Vermont,VT,,,,Patient submitted ,LGBTQ+ friendly & trans friendly/knowledable ,United States
Lauren Macafee,,Burlington,Vermont,VT,,,,Patient submitted ,,United States
Katherine Wagner,,Middlebury,Vermont,VT,,,,Patient submitted ,,United States
Mariah North,,Middlebury,Vermont,VT,,,https://www.portermedical.org/providers/riana-mariah-north-md/,Patient submitted,"LGBTQ+ affirming, performs gender confirming surgeries for trans/nonbinary folk",United States
Peter J. Stuart,,Newport,Vermont,VT,,,https://northcountryhospital.org/peter%20stuart%20MD/,Patient submitted,,United States
Sarah Decker,,Rutland,Vermont,VT,,,,,,United States
Alexis Light,,"Alexandra, Arlington",Virginia,VA,,,https://www.vhcphysiciangroup.com/doctors/alexis-light/,,,United States
Amanda Paternostro,,"Alexandria, Arlington, Mt. Vernon & Woodbridge",Virginia,VA,,,https://www.physiciansandmidwives.com/providers/amanda-paternostro-md/,Patient submitted,,United States
Brittany Jackson,,"Alexandria, Fairfax, Herndon, Falls Church",Virginia,VA,,,https://cwcnova.com/staff/brittany-jackson-m-d/,,,United States
Alexis D. Light,,Alexandria/arlington,Virginia,VA,,,https://www.vhchealth.org/find-a-doctor/profile/alexis-light/,Patient submitted,LGBTQ+ friendly ,United States
Rami Z. Tabbarah,,Arlington,Virginia,VA,,,https://www.inova.org/doctors/rami-z-tabbarah-md,Patient submitted,Speaks Arabic ,United States
Gabriela Mandolesi,,Ashburn,Virginia,VA,,,https://mydoctor.kaiserpermanente.org/mas/providers/gabrielamandolesi,Patient submitted,,United States
Ashley Blevins,,Bristol,Virginia,VA,,,https://www.ashleyblevinsmd.com/,Patient submitted ,,United States
Stella Blosser,,Burke,Virginia,VA,,,https://mydoctor.kaiserpermanente.org/mas/providers/stellablosser,Patient submitted,,United States
Patricia C. Scrivani,,Charlottesville,Virginia,VA,,,https://uvahealth.com/findadoctor/Patricia-Scrivani-1669932745,,,United States
Jonas R. Te Paske,,Charlottesville,Virginia,VA,,,https://www.sentara.com/find-a-doctor-or-provider/Te%20Paske-Jonas-115295,Patient submitted ,,United States
Carrie Sopata,,Charlottesville,Virginia,VA,,,https://uvahealth.com/findadoctor/profile/carrie-e-sopata,,,United States
Katherine Latimer,,Charlottesville,Virginia,VA,,,https://uvahealth.com/findadoctor/profile/katherine-a-latimer,Patient submitted,,United States
Kenneth I. Barron,,Charlottesville,Virginia,VA,,,https://www.virginiagyn.com/doctors/dr-kenneth-barron/,Patient submitted,,United States
Craig Ruetzel,,Chesapeake,Virginia,VA,,,,Patient submitted ,,United States
Matthew Kucia,,Culpeper,Virginia,VA,,,,Patient submitted ,,United States
Kevin D. Stocker,,Culpeper,Virginia,VA,,,https://uvahealth.com/findadoctor/Kevin-Stocker-1467422493,Patient submitted,,United States
Ashley Wade-vuturo,,Fairfax,Virginia,VA,,,https://www.fairfaxgyngroup.com/doctors/ashley-wade-vuturo-md/,,LGBTQ+ friendly ,United States
Marina Arutyunyan,,Fairfax,Virginia,VA,,,https://www.fairfaxgyngroup.com/doctors/marina-arutyunyan-do-mph/,Patient submitted ,LGBTQ+ friendly ,United States
Ayatallah M. Khafagy,,Gainesville,Virginia,VA,,,https://www.hcavirginia.com/physicians/profile/Dr-Ayatallah-M-Khafagy-MD,,,United States
Brandon Deyerle,,Hampton,Virginia,VA,,,https://www.obgynofhampton.com/branden/,Patient submitted,,United States
Brian C. Josephs,,Harrisonburg,Virginia,VA,,,https://www.sentara.com/find-a-doctor-or-provider/Josephs-Brian-15403,Patient submitted,,United States
Denise Carnegie,,Leesburg,Virginia,VA,,,https://www.novanthealthuva.org/find-a-doctor/npi/1275854119/denise-f-carnegie.aspx,,,United States
Bradley Lane,,Lynchburg,Virginia,VA,,,https://www.womenshealthofcentralvirginia.com/bradley-lane-d-o/,,,United States
Elizabeth Lavery,,Manassas,Virginia,VA,,,https://www.novanthealthuva.org/pf/providers/1710126321/elizabeth-lavery/about-me,,,United States
Victor R. Khayat,,Manassas,Virginia,VA,,,https://uvahealth.com/findadoctor/VICTOR-KHAYAT-1750329454?utm_source=pressganey&utm_medium=listings,,,United States
Nazaneen Homaifar,,Mclean,Virginia,VA,,,https://www.inova.org/doctors/nazaneen-homaifar-md,,,United States
Giulia M. Dulá,,Mechanicsville,Virginia,VA,,,https://virginiawomenscenter.com/doctors/giulia-m-dula-md/,Patient submitted,,United States
Jeffrey Wentworth,,Norfolk,Virginia,VA,,,,Patient submitted ,,United States
Keisha Burfoot,,Norfolk,Virginia,VA,,,,Patient submitted ,,United States
Renee Morales,,Norfolk,Virginia,VA,,,,,,United States
Kaitlyn Huegel Mayer,,Norfolk,Virginia,VA,,,https://womancarecenters.com/kaitlyn-mayer-md/,,,United States
Nina Olsen,,North Chesterfield,Virginia,VA,,,https://vpfw.com/provider/dr-nina-olsen/,Patient submitted,,United States
Diana Shustarovich,,Reston,Virginia,VA,,,https://restonwomenscenter.com/doctors/diana-shustarovich-md/,,,United States
Neda Hashemi,,Reston,Virginia,VA,,,https://restonwomenscenter.com/doctors/dr-neda-hashemi/,,,United States
Elizabeth Roberts,,Richmond,Virginia,VA,,,https://virginiawomenscenter.com/doctors/dr-elizabeth-b-roberts/,Patient submitted,,United States
Frances Casey,,Richmond,Virginia,VA,,,,Patient submitted ,,United States
Jessica Ciaburri,,Richmond,Virginia,VA,,,https://vpfw.com/provider/jessica-m-ciaburri/,Patient submitted ,,United States
Keith Berkle,,Richmond,Virginia,VA,,,https://virginiawomenscenter.com/doctors/dr-keith-p-berkle/,Patient submitted,,United States
Maria Schleicher,,Richmond,Virginia,VA,,,,,,United States
Meghana Kaloji,,Richmond,Virginia,VA,,,https://virginiawomenscenter.com/doctors/meghana-kaloji-md/,,,United States
Priya Raju,,Richmond,Virginia,VA,,,https://virginiawomenscenter.com/doctors/priya-raju-md/,,,United States
Amy Nelson,,Richmond,Virginia,VA,,,https://www.vcuhealth.org/find-a-provider/amy-nelson,Patient submitted ,,United States
Jennie E. Aper,,Richmond,Virginia,VA,,,https://vpfw.com/provider/jennie-e-draper/,,,United States
Kristen Lawson,,Richmond,Virginia,VA,,,https://vpfw.com/provider/kristen-lawson/,Patient submitted,,United States
Christopher Paoloni,,Richmond,Virginia,VA,,,https://rivercityobgyn.com/about-dr-paoloni/,Patient submitted,,United States
Allison Gray,,Richmond,Virginia,VA,,,https://virginiawomenscenter.com/doctors/allison-gray-md/,Patient submitted,LGBTQ+ friendly ,United States
Jordan Hylton,,Richmond,Virginia,VA,,,https://www.vcuhealth.org/find-a-provider/jordan-hylton,Patient submitted,LGBTQ+ & Transgender friendly ,United States
Kathryn C. Rakes,,Roanoke,Virginia,VA,,,https://www.carilionclinic.org/providers/kathryn-c-rakes-do,,,United States
Jessica N. Sosa-stanley,,Roanoke,Virginia,VA,,,https://www.carilionclinic.org/providers/jessica-n-sosa-stanley-md,Patient submitted ,Trans friendly ,United States
James N. Casey,,Roanoke & Lexington,Virginia,VA,,,https://www.carilionclinic.org/providers/james-n-casey-md,,,United States
Kurian Thott,,Stafford,Virginia,VA,,,https://www.marywashingtonhealthcare.com/find-a-doctor/kurian-thott-md-facog/,Patient submitted ,,United States
Yetunde Nkechi Adenle,,Stafford,Virginia,VA,,,https://www.marywashingtonhealthcare.com/find-a-doctor/yetunde-nkechi-adenle-md-facog/,Patient submitted ,,United States
Ashley Lubecki,,Suffolk,Virginia,VA,,,https://www.bayviewphysicians.com/physician/ashley-lubecki-do/,,,United States
Edward Wing,,Suffolk,Virginia,VA,,,https://lifetimewomenshealth.net/staff/,Patient submitted,,United States
Heather Cugini,,Virginia Beach,Virginia,VA,,,https://www.virginiabeachobgyn.com/doctor-slider/heather-cugini-m-d-facog/,,Trans knowledgeable,United States
Jennifer Balderston,MD,Virginia Beach,Virginia,VA,,,https://www.coastalgyn.net/doctors/jennifer-balderston-md/,Patient submitted,,United States
Emily F. Francis,,Williamsburg,Virginia,VA,,,https://www.sentara.com/find-a-doctor-or-provider/Francis-Emily-3065,Patient submitted,,United States
Yekaterina Rabkin,,Winchester,Virginia,VA,,,https://www.winchesterobgyn.net/doctors/dr-yekaterina-rabkin/,,,United States
Allyse Weltman,,"Woodridge, Lorton, Stafford",Virginia,VA,,,https://www.aboutwomenobgyn.com/team_bio/allyse-weltman-m-d-facog/,Patient submitted,,United States
Ann Jacob,,Falls Church,Virginia,VA,,,https://www.advantiahealth.com/team/ann-jacob-do/,,LGBTQ+ friendly,United States
Lindsay Emerick,,Bellingham,Washington,WA,,,https://www.peacehealth.org/care-providers/lindsay-e-emerick-md,,,United States
See-yin S. So,,Bellingham,Washington,WA,,,https://www.peacehealth.org/care-providers/see-yin-s-so-do,Patient submitted,,United States
Harmony R. Schroeder,,Bellingham,Washington,WA,,,https://www.peacehealth.org/care-providers/harmony-r-schroeder-md,Patient submitted,,United States
Hasan Abdessamad,,Burien,Washington,WA,,,https://www.vmfh.org/find-a-doctor/gynecological-surgeon/hasan-abdessamad-1265643472?q=e3e7db6f-7dc6-4fe3-93ab-d57399251153&utm_source=local-listing&utm_medium=organic&utm_campaign=website-link,Patient submitted,Trans knowledgeable,United States
Gouhar Y. Khan,,Enumclaw,Washington,WA,,,https://health.usnews.com/doctors/gouhar-khan-488085,Patient submitted ,,United States
Dennis Goulet,,Everett,Washington,WA,,,https://www.everettclinic.com/locations-nav/providers/wa/dennis-goulet-md-mph/1326488925.html,Patient submitted ,,United States
Meghan A. Mcsorley,,Everett,Washington,WA,,,https://health.usnews.com/doctors/meghan-mcsorley-713475,Patient submitted ,,United States
Elizabeth Fetzer,,Everett/seattle,Washington,WA,,,https://wa-clinician.kaiserpermanente.org/womens-health-care/104259/,,,United States
Moritz Bartels,,Harbor,Washington,WA,,,https://www.multicare.org/provider/moritz-bartels/,Patient submitted,,United States
Pilar Baquero-young,,Issaquah,Washington,WA,,,https://schedule.swedish.org/doctors/obstetrics-and-gynecology/wa/issaquah/pilar-baquero-young-1316976210,,,United States
Heather L. Kipa-joseph,,Issaquah,Washington,WA,,,https://www.swedish.org/doctors/gynecology/wa/issaquah/heather-kipa-joseph-1952412272?ls=provider&y_source=1_MTQ2NjQ2NTUtNDgzLWxvY2F0aW9uLndlYnNpdGU%3D,Patient submitted ,,United States
Elizabeth Terhune,,Kent,Washington,WA,,,https://www.multicare.org/provider/elizabeth-terhune/,,"LGBTQ+ friendly, accepts Medicaid",United States
Rohan Hattiangadi,,Kirkland,Washington,WA,,,,Patient submitted ,,United States
Stephen G. Hyde,,Kirkland,Washington,WA,,,https://www.evergreenhealth.com/find-a-doctor/profile/stephen-hyde-obgyn/?utm_source=EH-P-HYDE&utm_campaign=Local-Listings&utm_medium=Bing-Places,Patient submitted ,,United States
Heather E. Ross Blackford,,Longview,Washington,WA,,,https://www.peacehealth.org/care-providers/heather-e-ross-blackford-do,,,United States
Nichole B. Baruth,,Mount Vernon,Washington,WA,,,https://www.skagitregionalhealth.org/details/baruth-nichole,Patient submitted,,United States
Christopher O. Prompuntagorn,,Mount Vernon,Washington,WA,,,https://www.skagitregionalhealth.org/details/prompuntagorn-christopher,Patient submitted ,,United States
Carlyn King,,Mount Vernon,Washington,WA,,,https://www.skagitregionalhealth.org/details/king-carlyn,Patient submitted ,,United States
Sarah Elliott,,Mt. Vernon,Washington,WA,,,https://www.skagitregionalhealth.org/details/elliott-sarah,Patient submitted,,United States
Darrel Bell,,Olympia,Washington,WA,,,https://olyobgyn.com/darrel-j-bell/,Patient submitted,,United States
Deborah Johnson,,Olympia,Washington,WA,,,https://www.multicare.org/provider/debra-johnson/,Patient submitted,Trans friendly,United States
Athena Tudino,,Olympia,Washington,WA,,,https://www.providence.org/doctors/obstetrics-and-gynecology/wa/olympia/athena-tudino-1285294454?ls=provider&y_source=1_MTA1MDk2ODg5NS03MTUtbG9jYXRpb24ud2Vic2l0ZQ%3D%3D,,"LGBTQ+ friendly, all languages ",United States
Kym Walker,,Olympia,Washington,WA,,,https://www.multicare.org/provider/kym-walker/,Patient submitted,,United States
Jess Keesee,,Olympia,Washington,WA,,,https://www.multicare.org/provider/jess-keesee/,,"LGBTQ+ friendly, accepts Medicaid",United States
Michelle Santoyo,,Olympia,Washington,WA,,,https://www.multicare.org/provider/michelle-santoyo/,,"LGBTQ+ friendly, accepts Medicaid",United States
Asif Luqman,,Port Townsend,Washington,WA,,,https://jeffersonhealthcare.org/provider/asif-luqman-md-ob-gyn/,Patient submitted ,,United States
Amity E. Marriott,,Poulsbo & Silverdale,Washington,WA,,,https://kitsapobgyn.com/,Patient submitted,,United States
Heidi Weaver,,Prosser,Washington,WA,,,https://www.prosserhealth.org/provider-directory/providers/heidi-weaver/,,,United States
Brian Sollers,,Prosser,Washington,WA,,,https://www.prosserhealth.org/provider-directory/providers/brian-sollers/,,,United States
Theresa Myers,,Pullman,Washington,WA,,,https://moscowpullmanobgyn.com/contact-2/,,"LGBTQ+ friendly, accepts Medicaid",United States
Ashley Butlin,,Puyallup,Washington,WA,,,https://www.multicare.org/provider/ashley-butlin/,Patient submitted,,United States
Tajana Kundacina,,Renton,Washington,WA,,,,,,United States
Hipolito Custodio,,Richland,Washington,WA,,,https://www.providence.org/doctors/obstetrics-and-gynecology/wa/richland/hipolito-custodio-1225244379,Patient submitted,,United States
Radhika K. Subramanian,,Richland,Washington,WA,,,https://www.providence.org/doctors/obstetrics-and-gynecology/wa/richland/radhika-subramanian-1730202664?ls=provider&y_source=1_NDQxMzM5MDgtNDgzLWxvY2F0aW9uLndlYnNpdGU%3D,Patient submitted ,,United States
Aiana Piazza,,Seattle,Washington,WA,,,https://wa-clinician.kaiserpermanente.org/womens-health-care/80518/,,,United States
Ali Lewis,,Seattle,Washington,WA,,,https://www.uwmedicine.org/bios/merry-lewis,Patient submitted,,United States
Allison Barrie,,Seattle,Washington,WA,,,https://www.vmfh.org/find-a-doctor/allison-m-barrie-1194026690?utm_source=LocalSearchListing&utm_medium=Physician&utm_campaign=VirginiaMasonHospital&SeattleMedicalCenter=&utm_term=Allison-Barrie-38463418&y_source=1_Mzg0NjM0MTgtNzE1LWxvY2F0aW9uLndlYnNpdGU%3D,,,United States
Amy Brockmeyer,,Seattle,Washington,WA,,,https://www.vmfh.org/find-a-doctor/amy-brockmeyer-1891959862?utm_source=LocalSearchListing&utm_medium=Physician&utm_campaign=VirginiaMasonHospital&SeattleMedicalCenter=&utm_term=Amy-Brockmeyer-38463422&y_source=1_Mzg0NjM0MjItNzE1LWxvY2F0aW9uLndlYnNpdGU%3D,,,United States
Anna Panighetti,,Seattle,Washington,WA,,,https://www.uwmedicine.org/bios/anna-panighetti,Patient submitted,,United States
Brooke Winner,,Seattle,Washington,WA,,,https://schedule.swedish.org/doctors/minimally-invasive-gynecologic-surgery/wa/seattle/brooke-winner-1083860753,Patient submitted,,United States
Christina Jahncke,,Seattle,Washington,WA,,,https://www.uwmedicine.org/bios/christina-jahncke,Patient submitted,,United States
Elena Wagner,,Seattle,Washington,WA,,,https://www.vmfh.org/find-a-doctor/elena-m-wagner-1023351970?utm_source=LocalSearchListing&utm_medium=Physician&utm_campaign=VirginiaMasonHospital&SeattleMedicalCenter=&utm_term=Elena-Wagner-38463250&y_source=1_Mzg0NjMyNTAtNzE1LWxvY2F0aW9uLndlYnNpdGU%3D,,,United States
Emma Grabinski,,Seattle,Washington,WA,,,https://schedule.swedish.org/doctors/obstetrics-and-gynecology/wa/seattle/emma-grabinski-1558561027,,,United States
Joanna Zhou,,Seattle,Washington,WA,,,https://www.polyclinic.com/locations-nav/providers/wa/joanna-zhou-md/1497118905.html,Patient submitted,,United States
Katherine Schwab,,Seattle,Washington,WA,,,https://schedule.swedish.org/doctors/obstetrics-and-gynecology/wa/seattle/katherine-schwab-1407067432,Patient submitted,,United States
Mallory Kremer,,Seattle,Washington,WA,,,https://www.uwmedicine.org/bios/mallory-kremer,Patient submitted,,United States
Marisa Dahlman,,Seattle,Washington,WA,,,https://www.vmfh.org/find-a-doctor/gynecology/marisa-dahlman-1144497728,,,United States
Nicole M Ingrisano,,Seattle,Washington,WA,,,https://schedule.swedish.org/doctors/addiction-medicine/wa/seattle/nicole-ingrisano-1053357335,Patient submitted,,United States
Porshia Underwood,,Seattle,Washington,WA,,,https://www.uwmedicine.org/bios/porshia-underwood,Patient submitted,,United States
Rebecca Kulgren,,Seattle,Washington,WA,,,https://www.polyclinic.com/provider-lookup/provider-detail-page.html?npi=1578744199,Patient submitted ,,United States
Regina Lagalbo,,Seattle,Washington,WA,,,https://www.polyclinic.com/locations-nav/providers/wa/regina-lagalbo-md-facog/1104995851.html,,,United States
Zachary Pollack,,Seattle,Washington,WA,,,https://www.uwmedicine.org/bios/zachary-pollack,Patient submitted,,United States
Justin Singer,,Seattle,Washington,WA,,,https://www.uwmedicine.org/bios/justin-singer,,,United States
Sarah A. Oman,,Seattle,Washington,WA,,,https://doctor.webmd.com/doctor/sarah-oman-a8c9ab97-ed67-48ee-a1f1-326336c739fe-overview,Patient submitted ,,United States
Errett Story,,Seattle,Washington,WA,,,https://www.healthgrades.com/physician/dr-errett-story-2dhky,Patient submitted ,,United States
Tiffany M. Mcdermott,,Seattle,Washington,WA,,,https://www.md.com/doctor/tiffany-mcdermott-md,Patient submitted,,United States
Mark D. Lowdermilk,,Seattle,Washington,WA,,,https://www.swedish.org/doctors/obstetrics-and-gynecology/wa/seattle/mark-lowdermilk-1114001823?ls=provider&y_source=1_MTQ2NjQ4NzQtNDgzLWxvY2F0aW9uLndlYnNpdGU%3D,Patient submitted,,United States
Christina Jahncke,,Seattle,Washington,WA,,,https://www.uwmedicine.org/bios/christina-jahncke?utm_source=extnet&utm_medium=organic&utm_campaign=website_clicks&y_source=1_MTAwNTA2NjkyOS00ODMtbG9jYXRpb24ud2Vic2l0ZQ%3D%3D,,,United States
Megan Loring,,Seattle,Washington,WA,,,https://www.vmfh.org/find-a-doctor/minimally-invasive-gynecologic-surgery/megan-loring-1205144755,Patient submitted ,,United States
Vijaytha Rathnam,,Seattle,Washington,WA,,,https://www.swedish.org/doctors/obstetrics-and-gynecology/wa/edmonds/vijaytha-rathnam-1023305612,Patient submitted,,United States
Abigail Prest,,Seattle,Washington,WA,,,https://www.vmfh.org/find-a-doctor/abigail-prest-1083000731,Patient submitted,,United States
Abagail Prest,,Spokane,Washington,WA,,,,Patient submitted ,,United States
Dawn Kopp,,Spokane,Washington,WA,,,https://nw-woman.com/providers/,,,United States
Elizabeth Newell,,Spokane,Washington,WA,,,https://spokaneobgyn.com/providers/,,,United States
Eric M. Tyler,,Spokane,Washington,WA,,,https://www.spokaneobgyn.com/providers/?gclid=CjwKCAjwwo-WBhAMEiwAV4dybebSZOUJ3pr0-Bca5-IBrpQgXi3yEPHXoHBxF8HBb7fvV27FZegMPBoCQQwQAvD_BwE,Patient submitted,,United States
Kate Statz,,Spokane,Washington,WA,,,https://www.multicare.org/provider/kate-statz/,Patient submitted ,,United States
Lacey Marks,,Spokane,Washington,WA,,,https://www.multicare.org/provider/lacey-marks/,Patient submitted,,United States
Jeffrey Hilton,,Spokane Valley,Washington,WA,,,https://valobgyn.com/meet-the-team/,,Speaks Spanish ,United States
Ory Holtzman,,Tacoma,Washington,WA,,,https://healthy.kaiserpermanente.org/washington/front-door,,,United States
Molly Dorroh,,Tacoma,Washington,WA,,,https://www.multicare.org/provider/molly-dorroh/,Patient submitted,,United States
Steven Maynard,,Tacoma,Washington,WA,,,https://rainierobgyn.com/provider/steven-r-maynard-m-d.html,Patient submitted ,,United States
Shelley Binkley,,Tacoma,Washington,WA,,,https://www.multicare.org/provider/shelley-binkley/,Patient submitted,,United States
Amir Ahmad Azari,,Tacoma,Washington,WA,,,https://www.multicare.org/provider/amir-ahmad-azari/,Patient submitted,,United States
Jordann Loehr,,Toppenish,Washington,WA,,,https://www.yvfwc.com/person/j-loehr-md-gynecologist/,,,United States
Miriam Ruth,,Vancouver,Washington,WA,,,https://tvc.org/providers/miriam-ruth-md/,Patient submitted,,United States
Stella Yee,,Vancouver,Washington,WA,,,https://www.seamar.org/medical-providers/stella-yee.html,Patient submitted,,United States
Vivienne T. Meljen,,Vancouver,Washington,WA,,,https://www.seamar.org/medical-providers/vivienne-meljen.html,,,United States
Margaret E. Griffith,,Vancouver,Washington,WA,,,https://www.peacehealth.org/care-providers/margaret-e-griffith-md,Patient submitted,,United States
Michelle Delplanche,,Vancouver,Washington,WA,,,https://www.tvc.org/clinician/michelle-deplanche-md,Patient submitted ,Trauma informed ,United States
Anew Fluckiger,,Walla Walla,Washington,WA,,,https://www.wallawallaclinic.com/provider-directory/providers/andrew-fluckiger/,,,United States
Bryony Mccollaugh,,Walla Walla,Washington,WA,,,https://www.wallawallaclinic.com/provider-directory/providers/bryony-mccollaugh/,Patient submitted,,United States
Malcolm W. Hardy,,Walla Walla,Washington,WA,,,https://www.myprivia.com/wallawallaclinic/providers/malcolm-hardy,Patient submitted,,United States
Bridget E. Kamen,,Wenatchee,Washington,WA,,,https://www.confluencehealth.org/our-providers/bridget-kamen-md/,Patient submitted,Accepts Medicaid,United States
Bonnie C. Crouthamel,,Yakima,Washington,WA,,,https://www.multicare.org/provider/bonnie-c-crouthamel/,,LGBTQ+ friendly & speaks Spanish,United States
Sierra Lahaie,,Olympia,Washington,WA,,,https://www.multicare.org/provider/sierra-lahaie/,,"LGBTQ+ friendly, accepts Medicaid ",United States
Robyn Lew,,Vancouver,Washington,WA,,,https://tvc.org/providers/robyn-lew-md/,,,United States
Caleb Huff,,Barboursville,West Virginia,WV,,,,Patient submitted,,United States
Amber Kuhl,,Barboursville,West Virginia,WV,,,https://valleyhealth.org/providers/amber-kuhl-md/,Patient submitted,,United States
Kirstie Cutlip,,Bridgeport,West Virginia,WV,,,https://wvobgyncenter.com/staff/kirstie-cutlip-md/,,,United States
Alex Poulsen,,Charleston,West Virginia,WV,,,,,,United States
Anea Hill,MD,Charleston,West Virginia,WV,,,https://chasobgyn.com/about-us/,,,United States
David Patton,,Charleston,West Virginia,WV,,,https://drpatton.com/,Patient submitted ,,United States
Kim Bush Uy,,Charleston,West Virginia,WV,,,https://chasobgyn.com/about-us/,,,United States
Michael Lao,,Charleston,West Virginia,WV,,,https://premierwv.com/,Patient submitted,,United States
Dara Aliff,,Charleston,West Virginia,WV,,,https://premierwv.com/,Patient submitted,,United States
Akhil Patel,,Charleston,West Virginia,WV,,,https://kiranpatelmd.com/our-team/,Patient submitted,,United States
Kimberly M. Farry,,Clarksburg,West Virginia,WV,,,https://health.usnews.com/doctors/kimberly-farry-564890,Patient submitted ,LGBTQ+ friendly ,United States
Kimberly Farry,,Clarksburg,West Virginia,WV,,,https://directory.hsc.wvu.edu/Profile/52064,Patient submitted,LGBTQ+ friendly,United States
Matthew Honaker,,Fairmont,West Virginia,WV,,,https://wvobgyncenter.com/staff/matthew-j-honaker-md/,Patient submitted,,United States
Ellie Hood,,Huntington,West Virginia,WV,,,https://valleyhealth.org/providers/ellie-hood-md,Patient submitted,,United States
Jessica Buerck,,Huntington,West Virginia,WV,,,https://www.marshallhealth.org/find-a-provider/provider-details/?ID=618,,,United States
Kristin Sinning,,Huntington,West Virginia,WV,,,https://www.marshallhealth.org/find-a-provider/provider-details/?ID=615,Patient submitted ,,United States
Lisa Burke,,Huntington,West Virginia,WV,,,https://www.marshallhealth.org/find-a-provider/provider-details/?ID=14,Patient submitted,,United States
Stacey Hensel,,Huntington,West Virginia,WV,,,https://www.st-marys.org/centers-services/ob-gyn/,,,United States
Richard Booth,,Huntington,West Virginia,WV,,,https://valleyhealth.org/providers/richard-booth-md/,Patient submitted,,United States
Jessica Hott,DO,Martinsburg,West Virginia,WV,,,https://directory.hsc.wvu.edu/Profile/41580,,,United States
Derek D. Kaznoski,,Martinsburg,West Virginia,WV,,,https://www.womanandchild.net/about/about.htm,Patient submitted,,United States
Kristan Hornsby,,Morgantown,West Virginia,WV,,,https://health.usnews.com/doctors/kristan-hornsby-1065657,Patient submitted,Very LGBTQ+ friendly,United States
Candina R. Mccullough,,Morgantown,West Virginia,WV,,,https://health.usnews.com/doctors/candina-mccullough-647568,Patient submitted,,United States
Michael Shockley,,Parkersburg,West Virginia,WV,,,,Patient submitted ,,United States
Mark Nolan,,Point Pleasant,West Virginia,WV,,,https://www.marknolanmd.com/,Patient submitted ,,United States
Consuela Cruden-parham,,Ranson,West Virginia,WV,,,https://directory.hsc.wvu.edu/Profile/57061,Patient submitted,,United States
Samantha L. Chaffin,,Ronceverte,West Virginia,WV,,,https://www.camc.org/doctors/samantha-leigh-chaffin-md,,,United States
Yolanda Campbell,,Scott Depot,West Virginia,WV,,,https://www.marshallhealth.org/find-a-provider/provider-details/?ID=16,,,United States
Kiran Patel,,South Charleston,West Virginia,WV,,,https://kiranpatelmd.com/our-team/,Patient submitted,,United States
Rachel Gilman,,Weirton,West Virginia,WV,,,https://aawha.com/about-us/rachel-gilman.php,Patient submitted,,United States
John Luiza,,Weirton,West Virginia,WV,,,https://aawha.com/about-us/john-luiza-m.d..php,Patient submitted ,,United States
Amber L. Post,,Appleton,Wisconsin,WI,,,https://healthcare.ascension.org/find-care/provider/1760556302/amber-post,Patient submitted,,United States
Caitlin Timmers,,Appleton,Wisconsin,WI,,,https://www.womenscareofwi.com/providers/caitlin-timmers-md/,,,United States
Julie Meyer,,Appleton,Wisconsin,WI,,,https://foxvalleyobgyn.com/our-providers/julie-meyer-do/,Patient submitted,,United States
Amy Schmidt,,"Appleton, Neenah",Wisconsin,WI,,,https://directory.thedacare.org/provider/amy-schmidt-md,,,United States
Gretchen Augustine,,"Appleton, Neenah, Shawano",Wisconsin,WI,,,https://www.womenscareofwi.com/providers/provider_4b0f7a499b18/,,LGBTQ+ friendly,United States
Blenda Yun,,Eau Claire,Wisconsin,WI,,,https://www.mayoclinichealthsystem.org/providers/blenda-yun-md,Patient submitted ,,United States
Jordon Crow,,Eau Claire,Wisconsin,WI,,,https://www.oakleafclinics.com/provider.phtml/jordan_crow,Patient submitted ,,United States
Jennifer Bantz,,Eau Claire,Wisconsin,WI,,,https://www.mayoclinichealthsystem.org/providers/jennifer-bantz-md,,,United States
David M. Hirsch,,Eau Claire,Wisconsin,WI,,,https://www.marshfieldclinic.org/Doctors/David-M-Hirsch-MD,Patient submitted,"LGBTQ+ affirming, experience with Transgender patients ",United States
Samuel Sillitti,,Eau Claire,Wisconsin,WI,,,https://www.mayoclinichealthsystem.org/providers/samuel-sillitti-md,,LGBTQ+ affirming ,United States
Laura Ambler,,Eau Claire,Wisconsin,WI,,,https://www.mayoclinichealthsystem.org/providers/laura-ambler-do,Patient submitted ,,United States
Christina Spencer,,Eau Claire,Wisconsin,WI,,,https://www.mayoclinichealthsystem.org/providers/christina-spencer-do,Patient submitted,,United States
Christina Calvello,,Fond Du Lac,Wisconsin,WI,,,https://www.ssmhealth.com/find-a-doctor/doctor-details/christina-a-calvello-md,Patient submitted ,,United States
Megan Steinmetz,,Fond Du Lac & Oshkosh,Wisconsin,WI,,,https://www.aurorahealthcare.org/doctors/megan-steinmetz-1578909784?address_id=62073,,,United States
Nicole Menegakis,,"Grafton, Hartford",Wisconsin,WI,,,https://care.aurorahealthcare.org/doctors/nicole-e-menegakis-hartford-obstetrics-gynecology-2,Patient submitted ,,United States
Jennifer Milosavljevic,,Green Bay,Wisconsin,WI,,,https://www.prevea.com/Providers/Jennifer-Milosavljevic?utm_campaign=gmb&utm_medium=organic&utm_source=local,Patient submitted,,United States
Jory Ough,,Green Bay,Wisconsin,WI,,,https://care.bellin.org/doctor/jory-ough-green-bay-gynecology,,,United States
Kelly Malloy,,Green Bay,Wisconsin,WI,,,https://care.aurorahealthcare.org/doctors/kelly-k-malloy-de-pere-obstetrics-gynecology-2,,,United States
Ryan Kuefler,,Green Bay,Wisconsin,WI,,,https://care.bellin.org/ryan-kuefler-green-bay-wi-ob-gyn,Patient submitted,Very LGBTQ+ friendly ,United States
Meghan Freund,,Green Bay,Wisconsin,WI,,,https://care.bellin.org/provider/meghan-freund/2216912,Patient submitted,,United States
Jenny Christl,,Green Bay,Wisconsin,WI,,,https://care.aurorahealthcare.org/doctors/jenny-christl-green-bay-obstetrics-gynecology-1,,,United States
Amy Van Gheem,,Green Bay,Wisconsin,WI,,,https://www.prevea.com/providers/Amy-VanGheem,,,United States
Meenakshi Palani,,Green Bay,Wisconsin,WI,,,https://care.bellin.org/provider/Meenakshi+Palani/2216797,Patient submitted ,,United States
Thomas J. Gallagher,,Green Bay,Wisconsin,WI,,,https://care.aurorahealthcare.org/doctors/thomas-j-gallagher-green-bay-obstetrics-gynecology,Patient submitted ,,United States
Lauren Useem,,Green Bay,Wisconsin,WI,,,https://www.prevea.com/providers/lauren-useem,,,United States
Alyssa Lynch,,Hudson,Wisconsin,WI,,,https://hudsonphysicians.com/provider/alyssa-lynch/,Patient submitted,,United States
Jill Cousino,,Janesville,Wisconsin,WI,,,https://www.mercyhealthsystem.org/provider-directory/providers/jill-cousino-do-facoog/,Patient submitted,,United States
Kristin L. Miller,,Janesville,Wisconsin,WI,,,https://www.mercyhealthsystem.org/provider-directory/providers/kristin-l-miller-do-facog/,Patient submitted,All patients regardless of age have a discussion about future childbearing and regret,United States
Kristin Jones,,Kenosha,Wisconsin,WI,,,https://care.aurorahealthcare.org/doctors/kristin-a-jones-kenosha-obstetrics-gynecology-2,,,United States
Crystal Ruffin,,"Kenosha, Mount Pleasant",Wisconsin,WI,,,https://care.aurorahealthcare.org/doctors/crystal-d-ruffin-kenosha-obstetrics-gynecology-2,Patient submitted,,United States
Heather Riese,,La Crosse,Wisconsin,WI,,,https://www.gundersenhealth.org/find-a-doctor/profile/heather-riese/,Patient submitted,,United States
Megan Heinlein,,La Crosse,Wisconsin,WI,,,https://www.gundersenhealth.org/find-a-doctor/profile/megan-heinlein/,,,United States
Heather Stief,,"La Crosse, Onalaska",Wisconsin,WI,,,https://www.gundersenhealth.org/find-a-doctor/profile/heather-stief/,,,United States
Amanda L. Schmehil,,Madison,Wisconsin,WI,,,https://doctors.unitypoint.org/provider/Amanda+L.+Schmehil+Micklos/1166600,,,United States
Ashley Durward,,Madison,Wisconsin,WI,,,https://madisonwomenshealth.com/providers/ashley-durward/,,,United States
Beth Wiede,,Madison,Wisconsin,WI,,,https://madisonwomenshealth.com/providers/dr-beth-wiedel/,,LGBTQ+ friendly,United States
Erika Mikulec,,Madison,Wisconsin,WI,,,https://www.ssmhealth.com/find-a-doctor/doctor-details/erika-j-mikulec-md,,,United States
Fred Melius,,Madison,Wisconsin,WI,,,https://www.mscwomenshealth.com/provider/frederic-a-melius-md,Patient submitted ,,United States
Isabel Nellen,,Madison,Wisconsin,WI,,,https://madisonwomenshealth.com/isabel-nellen/,,,United States
Jennifer Karnowski,,Madison,Wisconsin,WI,,,https://www.uwhealth.org/providers/jennifer-karnowski-md,Patient submitted,,United States
Jennifer Meyer-carper,,Madison,Wisconsin,WI,,,https://www.ssmhealth.com/find-a-doctor/doctor-details/jennifer-a-meyer-carper-md,,,United States
Jill Masana,,Madison,Wisconsin,WI,,,https://www.apmadison.com/masana,,,United States
Jordan Ward,,Madison,Wisconsin,WI,,,https://www.uwhealth.org/providers/jordan-ward-md,,,United States
Katherine Sampene,,Madison,Wisconsin,WI,,,https://www.uwhealth.org/providers/katherine-c-sampene-md,Patient submitted ,,United States
Laura Hanks,,Madison,Wisconsin,WI,,,https://www.uwhealth.org/providers/laura-hanks-md,,,United States
Laura Jacques,,Madison,Wisconsin,WI,,,https://www.uwhealth.org/providers/laura-h-jacques-md,,,United States
Sarah Yanke,,Madison,Wisconsin,WI,,,https://madisonwomenshealth.com/providers/dr-sarah-yanke/,,,United States
Shefaali Sharma,,Madison,Wisconsin,WI,,,https://www.apmadison.com/sharma,,,United States
Tom Littlefield,,Madison,Wisconsin,WI,,,https://www.ssmhealth.com/find-a-doctor/doctor-details/thomas-p-littlefield-md,Patient submitted,,United States
Katie O'brien,,Madison,Wisconsin,WI,,,https://www.obgyn.wisc.edu/ob-gyn-department-news/welcome-katie-o-brien-md-to-division-of-academic-specialists-in-ob-gyn,,,United States
Jessica Walker,,Madison,Wisconsin,WI,,,https://mscwomenshealth.com/provider/jessica-walker-md/,,LGBTQ+ friendly ,United States
Elizabeth Neuman,,Madison,Wisconsin,WI,,,https://mscwomenshealth.com/provider/elizabeth-neuman-md/,,,United States
Amy Domeyer-klenske,,Madison,Wisconsin,WI,,,https://www.uwhealth.org/providers/amy-domeyer-klenske-md,,,United States
Theresa Piquette,,Madison,Wisconsin,WI,,,https://mscwomenshealth.com/provider/theresa-piquette-md/,,,United States
Tyler J. Boschuetz,,Madison,Wisconsin,WI,,,https://mscwomenshealth.com/tyler-j-boschuetz-md/,,,United States
Kathryn Zavala,,Manitowoc/two Rivers,Wisconsin,WI,,,https://care.aurorahealthcare.org/doctors/kathryn-a-zavala-two-rivers-obstetrics-gynecology-2,,,United States
Cara Syth,,Menomonie,Wisconsin,WI,,,https://www.mayoclinichealthsystem.org/providers/cara-syth-md,Patient submitted,LGBTQ+ friendly ,United States
Anwar Jackson,,Milwaukee,Wisconsin,WI,,,https://care.aurorahealthcare.org/doctors/anwar-jackson-milwaukee-obstetrics-gynecology,,,United States
Callie Cox Bauer,,Milwaukee,Wisconsin,WI,,,https://care.aurorahealthcare.org/doctors/callie-m-cox-bauer-milwaukee-obstetrics-gynecology-10,,,United States
Elle Fisch,,Milwaukee,Wisconsin,WI,,,https://care.aurorahealthcare.org/doctors/elle-fisch-milwaukee-obstetrics-gynecology-3,,,United States
Jacqueline O. Peebles,,Milwaukee,Wisconsin,WI,,,https://madison.unitypoint.org/provider/Jacqueline+O.+Peebles/1168832,Patient submitted,,United States
Sheldon Wasserman,,Milwaukee,Wisconsin,WI,,,https://healthcare.ascension.org/doctors/1720167018/sheldon-a-wasserman-milwaukee-wi?utm_campaign=gmb-website&utm_medium=organic&utm_source=google,Patient submitted,,United States
Marie M. Forgie,,Milwaukee,Wisconsin,WI,,,https://care.aurorahealthcare.org/doctors/marie-m-forgie-milwaukee-obstetrics-gynecology,Patient submitted,,United States
Jessica Francis,,Milwaukee,Wisconsin,WI,,,https://www.froedtert.com/doctors/jessica-francis-1902010358,Patient submitted,"LGBTQ+ friendly, specializes in gender-affirming care for AFAB transgender & nonbinary patients ",United States
Joseph Herzog,,Milwaukee,Wisconsin,WI,,,https://www.froedtert.com/doctors/joseph-herzog-1508859901,Patient submitted,,United States
Katarzyna Wlodarczyk,,Milwaukee,Wisconsin,WI,,,https://www.froedtert.com/doctors/katarzyna-wlodarczyk-1285165506,,,United States
Kari A. Schmidt Oliver,,Milwaukee,Wisconsin,WI,,,https://care.aurorahealthcare.org/doctors/kari-a-schmidt-oliver-milwaukee-obstetrics-gynecology,Patient submitted ,,United States
Kerry M. Katz,,Milwaukee,Wisconsin,WI,,,https://care.aurorahealthcare.org/doctors/kerry-m-katz-south-milwaukee-obstetrics-gynecology-3,,,United States
Kristin Clark,,Neenah,Wisconsin,WI,,,https://directory.thedacare.org/provider/kristin-clark-md,,,United States
Valary Gass,,"Neenah, Berlin",Wisconsin,WI,,,https://directory.thedacare.org/provider/valary-gass-md,,,United States
Sara Swift,,"Neenah, De Pere, Waupaca",Wisconsin,WI,,,https://www.womenscareofwi.com/providers/provider_cf5548fc69ab/,,,United States
Marissa Schloesser,,"Neenah, Waupaca",Wisconsin,WI,,,https://www.womenscareofwi.com/providers/provider_f4fa48ba8d2a/,,,United States
Stephanie Voice,,Oconomowoc,Wisconsin,WI,,,https://www.morelandobgyn.com/providers/stephanie-m-voice-d-o,,,United States
Jessica M. Herzberg,,Oconomowoc & Waukesha,Wisconsin,WI,,,https://www.morelandobgyn.com/providers/jessica-herzberg,Patient submitted ,,United States
Kara Petrashek,,"Onalaska, Boscobel, Tomah",Wisconsin,WI,,,https://www.gundersenhealth.org/find-a-doctor/profile/kara-petrashek/,,,United States
Jessica Nokovic,,Oshkosh,Wisconsin,WI,,,https://care.aurorahealthcare.org/doctors/jessica-l-nokovic-oshkosh-obstetrics-gynecology-2,,,United States
Allison Brubaker,,Oshkosh & Neenah,Wisconsin,WI,,,https://www.womenscareofwi.com/providers/provider_4923dee2b67a/,,,United States
Melissa Carr,,Platteville,Wisconsin,WI,,,https://www.southwesthealth.org/providers/melissa-a-carr-md/,Patient submitted,,United States
Paula Hobson,,Reedsburg,Wisconsin,WI,,,https://www.ramchealth.com/our-providers/paula-hobson-md,Patient submitted,,United States
Kristine Bathke,,Sauk Prairie,Wisconsin,WI,,,https://www.saukprairiehealthcare.org/providers/kristine-bathke-md/,Patient submitted ,,United States
Dwight L. Dyksterhouse,,Sheboygan,Wisconsin,WI,,,https://care.aurorahealthcare.org/doctors/dwight-l-dyksterhouse-sheboygan-obstetrics-gynecology-2,Patient submitted,,United States
Lauren Blue,,Sheboygan,Wisconsin,WI,,,https://www.prevea.com/providers/provider-detail/Lauren-Blue,,,United States
Mary J. Kao,,Sheboygan,Wisconsin,WI,,,https://care.aurorahealthcare.org/doctors/mary-j-kao-sheboygan-obstetrics-gynecology-3,,,United States
Dennis Mcfadden,,Stevens Point,Wisconsin,WI,,,https://www.aspirus.org/find-a-provider/dennis-mcfadden-do-4946,,,United States
Jenna Kolodziej,,Stevens Point,Wisconsin,WI,,,https://www.aspirus.org/find-a-provider/jenna-kolodziej-do-facoog-4104,,,United States
Brian Lyle,,Viroqua,Wisconsin,WI,,,https://www.vmh.org/find-a-provider/brian-lyle-md/,Patient submitted,,United States
Jason Mcmaster,,Watertown,Wisconsin,WI,,,https://www.watertownregional.com/provider/1184990178/jason-mcmaster-md,Patient submitted ,,United States
Geneva Wahl,,Waukesha,Wisconsin,WI,,,https://www.prohealthcare.org/find-a-provider/profile/wahl-geneva/,,,United States
Kristine Sullivan,,Waukesha,Wisconsin,WI,,,https://www.prohealthcare.org/find-a-provider/profile/sullivan-kristine/,,,United States
Lara Stein,,Waukesha,Wisconsin,WI,,,https://www.prohealthcare.org/find-a-provider/profile/stein-lara/,,,United States
Matthew Taylor,,Waukesha,Wisconsin,WI,,,https://www.morelandobgyn.com/providers/matthew-taylor,Patient submitted ,,United States
Jason Patzwald,,Wausau,Wisconsin,WI,,,https://www.marshfieldclinic.org/Doctors/Jason-Patzwald-DO,Patient submitted,,United States
Paul Kerns,,Wausau,Wisconsin,WI,,,https://www.aspirus.org/find-a-provider/paul-kerns-md-2482,Patient submitted ,Accepts Medicaid ,United States
Stephen Mcavoy,,Wauwatosa,Wisconsin,WI,,,https://healthcare.ascension.org/doctors/1689775785/stephen-patrick-mcavoy-wauwatosa-wi,Patient submitted,,United States
Natalie Mironov,,West Allis,Wisconsin,WI,,,https://www.froedtert.com/doctors/natalie-mironov-1225659816,,,United States
Elizabeth Mellott,,Wisconsin Rapids,Wisconsin,WI,,,https://www.aspirus.org/find-a-provider/elizabeth-mellott-do-4105,,,United States
Nicole Salvo,,Milwaukee,Wisconsin,WI,,,https://care.aurorahealthcare.org/doctors/nicole-salvo-milwaukee-obstetrics-gynecology,,,United States
Jessica Behrens,,Milwaukee,Wisconsin,WI,,,https://care.aurorahealthcare.org/doctors/jessica-behrens-milwaukee-obstetrics-gynecology,Patient submitted,,United States
Brittany Myers,,Casper,Wyoming,WY,,,https://womenshealthassociatescasper.com/our-team,Patient submitted,,United States
Carrie Merrill,,Casper,Wyoming,WY,,,https://casperwomenscare.com/meet-the-staff/,,Very LGBTQ+ friendly ,United States
Jacques D. Beveridge,,Cheyenne,Wyoming,WY,,,https://www.cheyenneregional.org/provider/beveridge-jacques-d-md/,Patient submitted ,,United States
Lisa Williams,,Cody,Wyoming,WY,,,https://www.lisawilliamsmd.com/,Patient submitted,,United States
Brian Retherford,,Douglas,Wyoming,WY,,,https://www.conversehospital.com/provider-directory/providers/brian-retherford/,Patient submitted ,,United States
Angela Biggs,,Gilette,Wyoming,WY,,,https://www.cchwyo.org/find-a-doctor/angela-l-biggs-md/,Patient submitted ,,United States
Jaycee L. Kline,,Laramie,Wyoming,WY,,,https://www.ivinsonhospital.org/providers/jaycee-kline,,"LGBTQ+ friendly, provides gender-affirming care, accepts Medicaid",United States
Jeff Wheeler,,Rock Springs,Wyoming,WY,,,https://www.sweetwatermemorial.com/providers/jeffery-d-wheeler-md/,Patient submitted ,,United States
Lindsay Capron,,Sheridan,Wyoming,WY,,,https://www.sheridanhospital.org/doctor/capron-lindsay-md-facog/,,,United States
,,,,,,,,,,United States
,,,,,,,,,,United States
,,,,,,,,,,United States
,,,,,,,,,,United States
,,,,,,,,,,United States
,,,,,,,,,,United States
,,,,,,,,,,United States
,,,,,,,,,,United States
,,,,,,,,,,United States
,,,,,,,,,,United States
,,,,,,,,,,United States
,,,,,,,,,,United States
,,,,,,,,,,United States
,,,,,,,,,,United States
,,,,,,,,,,United States
,,,,,,,,,,United States
,,,,,,,,,,United States
,,,,,,,,,,United States
,,,,,,,,,,United States
,,,,,,,,,,United States
,,,,,,,,,,United States
,,,,,,,,,,United States
,,,,,,,,,,United States
,,,,,,,,,,United States
,,,,,,,,,,United States
,,,,,,,,,,United States
,,,,,,,,,,United States
,,,,,,,,,,United States
,,,,,,,,,,United States
,,,,,,,,,,United States
,,,,,,,,,,United States
,,,,,,,,,,United States
,,,,,,,,,,United States
,,,,,,,,,,United States
,,,,,,,,,,United States
,,,,,,,,,,United States
,,,,,,,,,,United States
,,,,,,,,,,United States
,,,,,,,,,,United States
,,,,,,,,,,United States
,,,,,,,,,,United States
Megan Sander,,Saskatoon,,,Saskatchewan,,https://www.saskatoonobsgyne.ca/STAFF,Patient submitted,,Canada
Boulos Ghazarian,,Sarnia,,,Ontario,,,Patient submitted,,Canada
Laurina Leyenaar,,Saint John,,,New Brunswick,,,Patient submitted,,Canada
Kerry Howatt,,Saint John,,,New Brunswick,,,Patient submitted,,Canada
Brian Fitzsimmons,,Vancouver,,,British Columbia,,https://obgyn.ubc.ca/brian-fitzsimmons/,Patient submitted,,Canada
Jeffrey Somerville,,Nanaimo,,,British Columbia,,,Patient submitted,,Canada
Alta Van Breda,,Swift Current,,,Saskatchewan,,https://www.cps.sk.ca/imis/CPSS/Physician_Summary/Physician_Profile.aspx?ID=8606,Patient submitted,,Canada
Lexy Regush,,Saskatoon,,,Saskatchewan,,https://medicine.usask.ca/profiles/obstetrics-and-gynecology/Regush-Lexy.php,Patient submitted,,Canada
Shamsa Deeb,,Ottawa,,,Ontario,,https://doctors.cpso.on.ca/DoctorDetails/Deeb-Shamsa-Milad/0213671-80922,Patient submitted,,Canada
Amanda Black,,Ottawa,,,Ontario,,https://www.uottawa.ca/faculty-medicine/dr-amanda-black,Patient submitted,,Canada
Chris Holden,,St. John's,,,Newfoundland and Labrador,,https://www.wedgewoodobgyn.com/,Patient submitted,,Canada
Kelly Strode,,Guelph,,,Ontario,,https://guelphobgyn.ca/,Patient submitted,,Canada
Michelle Bélanger,,Vancouver,,,British Columbia,,https://www.crossroadsobgyn.ca/dr-belanger,Patient submitted,,Canada
Lisa Yang,,Niagra Falls,,,Ontario,,https://www.niagarahealth.on.ca/site/physicians-directory-listing/lisayang,Patient submitted,,Canada
Karis Love,,Langley,,,British Columbia,,https://canada-medicine.com/doctor/dr-karis-love/,Patient submitted,,Canada
Jenna Shirley,,Brandon,,,Manitoba ,,https://westernmedicalclinic.ca/portfolio/dr-shirley/,Patient submitted,,Canada
Kaitlin Rieben,,Saskatoon,,,Saskatchewan,,https://www.saskatoonobsgyne.ca/STAFF,Patient submitted,,Canada
Katy Smallwood,,Corner Brook,,,Newfoundland ,,https://veitchphysio.com/team/dr-katy-smallwood/,Patient submitted,,Canada
Joëlle Dennie,,Victoria,,,British Columbia,,https://www.victoriaobgyn.com/about,Patient submitted,fluent in French,Canada
Jochebed J. Pun,,Woodstock,,,Ontario,,https://doctors.cpso.on.ca/DoctorDetails/J-Pun/0250777-88555,Patient submitted,,Canada
Aaron Pink,,Red Deer,,,Alberta,,https://www.bytesblog.ca/2024/01/31.html,Patient submitted,,Canada
Jeanine Jensen,,Calgery,,,Alberta,,https://www.mahoganymedicalclinic.ca/our-team,Patient submitted,,Canada
Heidi Kravitz,,St. John's,,,Newfoundland ,,,Patient submitted,,Canada
Sara Dawn O'dell,,Langley,,,British Columbia,,,,,Canada
Natasha Payton,,Saskatoon,,,Saskatchewan,,https://medicine.usask.ca/profiles/obstetrics-and-gynecology/Payton-Natasha.php,Patient submitted,,Canada
Stephen Morris,,Sudbury,,,Ontario,,https://hsnsudbury.ca/en/About-Us/Leadership-at-HSN/Board-of-Directors/Dr-Stephen-Morris,Patient submitted,,Canada
Emily Baker,,St. Catherine's,,,Ontario,,https://growniagara.ca/about-us,Patient submitted,,Canada
Juliette Yael Sacks,,Edmonton,,,Alberta,,https://allinclinic.ca/,Patient submitted,,Canada
Jennifer Parker,,High Level,,,Alberta,,https://northwestpcn.ca/,Patient submitted,,Canada
Brittney Parlett,,Sudbury,,,Ontario,,https://register.cpso.on.ca/physician-info/?cpsonum=98153,Patient submitted,,Canada
Christine Raskovic,,Berlin,,,,GERMANY,https://www.christine-raskovic.de/,Patient submitted,,Europe
Daniel Karohl,,Berlin,,,,GERMANY,https://en.frauenarzt-karohl.com/,Patient submitted,,Europe
Bart Bronselear,,Ghent,,,,BELGIUM,https://www.bartbronselaer.be/nl,Patient submitted,,Europe
Patrick Chabloz,,Neuchâtel,,,,SWITZERLAND,https://www.rhne.ch/detail/-/cadre/patrick.chabloz,Patient submitted,,Europe
Miriam José De La Flor López,,Tarragona,,,,SPAIN,https://masquemedicos.com/ginecologo_tarragona/miriam-jose-de-la-flor-lopez/,Patient submitted,,Europe
Giovanni Deluca,,Ticino,,,,SWITZERLAND,https://goine.ch/dottori/giovanni-de-luca/,Patient submitted,,Europe
Gregor Kisielewicz,,Burglengenfeld,,,,GERMANY,https://www.frauenarzt-burglengenfeld.de/,Patient submitted,,Europe
Bernard Cavalie,,Toulouse,,,,FRANCE,https://www.doctolib.fr/gynecologue-obstetricien/toulouse/cavalie-bernard,Patient submitted,,Europe
Ricardo Felberbaum,,Immenstadt Im Allgäu,,,,GERMANY,https://klinikverbund-allgaeu.de/fachbereiche-institute/frauenheilkunde-geburtshilfe/frauenheilkunde/klinikum-kempten/unser-team,Patient submitted,,Europe
Nathalie Favre,,Toulouse,,,,FRANCE,https://dr-favre.fr/,Patient submitted,,Europe
Alex Ades,,Melbourne,,,,,https://www.advancedgynaecologymelbourne.com.au/assoc-prof-alex-ades,Patient submitted,,Australia
Graham Tronc,,Brisbane,,,,,https://www.grahamtroncmedical.com.au/about-us,Patient submitted,,Australia
Melanie Johnson,,Adelaide,,,,,https://www.adelaidehillsoandg.com/dr-melanie-johnson-obgyn,Patient submitted,,Australia
Marise Subrayan,,Durban,,,,SOUTH AFRICA,https://subrayan.co.za/about/,,,Africa
